"card_slug","card_name","issuer","rank","picking_rate_percent","monthly_saving","previous_spend","monthly_cap","rule_count","tier_count","has_external_benchmark","risk_score","priority","risk_signals","source_url","search_queries"
"naver-card-10398","BC 바로 MACAO 카드","BC","3","30.071","210500","300000","300000","6","1","false","98","P0","estimated_rule | single_tier_high_cap | monthly_cap_outlier | high_picking_without_external_benchmark | not_officially_verified","https://app.paybooc.co.kr/ui/appLink?landingId=P0901PG002W&cardPdctCd=101010&incnChnlDv=Mobile&affiCd=R011","BC 바로 MACAO 카드 피킹률 | BC 바로 MACAO 카드 실제 혜택 | BC BC 바로 MACAO 카드 카드 추천"
"naver-card-10134","삼성 BIZ iD BENEFIT 카드","삼성","5","16.361","114525","500000","300000","4","1","false","98","P0","estimated_rule | single_tier_high_cap | monthly_cap_outlier | high_picking_without_external_benchmark | not_officially_verified","https://www.samsungcard.com/personal/card/simple-apply/UHPPCA0225M0.jsp?code=AAP1758&alncmpC=QACDMB21&affcode=QACDMB21&BSCPN=BCTS&BSPRG=MNAVERCARD&BSCCN1=MB_%EC%8B%A0%EA%B2%80_AAP1758_%EC%82%BC%EC%84%B1%20BIZ%20iD%20BENEFIT%20%EC%B9%B4%EB%93%9C&utm_campaign=%EC%82%BC%EC%84%B1%20BIZ%20iD%20BENEFIT%20%EC%B9%B4%EB%93%9C&utm_medium=CSA&utm_source=%EB%84%A4%EC%9D%B4%EB%B2%84%20%EC%8B%A0%EC%9A%A9%EC%B9%B4%EB%93%9C%20%EA%B2%80%EC%83%89%20%EB%AA%A8%EB%B0%94%EC%9D%BC&utm_term={query}","삼성 BIZ iD BENEFIT 카드 피킹률 | 삼성 BIZ iD BENEFIT 카드 실제 혜택 | 삼성 삼성 BIZ iD BENEFIT 카드 카드 추천"
"naver-card-10045","우리 국민행복카드 S2","우리","6","16.236","113650","300000","300000","5","1","false","98","P0","estimated_rule | single_tier_high_cap | monthly_cap_outlier | high_picking_without_external_benchmark | not_officially_verified","https://m.wooricard.com/dcmw/yh1/crd/crd01/M1CRD101S02.do?cdPrdCd=100860&canvasser=88801075&utm_source=naver_cs&utm_medium=cpc&utm_campaign=M_%EC%B9%B4%EB%93%9C%EC%84%B9%EC%85%98&utm_content={keyword}&utm_term=%EA%B5%AD%EB%AF%BC%ED%96%89%EB%B3%B5%EC%B9%B4%EB%93%9Cs2","우리 국민행복카드 S2 피킹률 | 우리 국민행복카드 S2 실제 혜택 | 우리 우리 국민행복카드 S2 카드 추천"
"naver-card-10580","우리카드 UniMile","우리","7","13.893","97250","500000","100000","4","1","false","98","P0","estimated_rule | single_tier_high_cap | monthly_cap_outlier | high_picking_without_external_benchmark | not_officially_verified","https://m.wooricard.com/dcmw/yh1/crd/crd01/M1CRD101S02.do?cdPrdCd=104153&canvasser=88801076&utm_source=naver_cs&utm_medium=cpc&utm_campaign=PC_카드섹션&utm_term={keyword}&utm_content=%EC%9A%B0%EB%A6%AC%EC%B9%B4%EB%93%9C%20UniMile","우리카드 UniMile 피킹률 | 우리카드 UniMile 실제 혜택 | 우리 우리카드 UniMile 카드 추천"
"naver-card-10523","삼성 iD SELECT ON 카드","삼성","10","12.362","86533","300000","300000","7","1","false","98","P0","estimated_rule | single_tier_high_cap | monthly_cap_outlier | high_picking_without_external_benchmark | not_officially_verified","https://www.samsungcard.com/personal/card/simple-apply/UHPPCA0225M0.jsp?code=AAP1877&alncmpC=QACDMB24&affcode=QACDMB24&BSCPN=BCTS&BSPRG=MNAVERCARD&BSCCN1=MB_%EC%8B%A0%EA%B2%80_AAP1877_%EC%85%80%EC%98%A8&utm_campaign=%EC%85%80%EC%98%A8&utm_medium=CSA&utm_source=%EB%84%A4%EC%9D%B4%EB%B2%84%20%EC%8B%A0%EC%9A%A9%EC%B9%B4%EB%93%9C%20%EA%B2%80%EC%83%89%20%EB%AA%A8%EB%B0%94%EC%9D%BC&utm_term={query}","삼성 iD SELECT ON 카드 피킹률 | 삼성 iD SELECT ON 카드 실제 혜택 | 삼성 삼성 iD SELECT ON 카드 카드 추천"
"naver-card-10128","별다줄카드","NH농협","11","11.843","82900","300000","300000","5","1","false","98","P0","estimated_rule | single_tier_high_cap | monthly_cap_outlier | high_picking_without_external_benchmark | not_officially_verified","https://card.nonghyup.com/index_cardProd.html?SERVICE_ID=IPCC2021R&NAVIGATE_TYPE=1&cd_wrs_sqno=90010137&FromSite=53","별다줄카드 피킹률 | 별다줄카드 실제 혜택 | NH농협 별다줄카드 카드 추천"
"naver-card-1360","IBKhi카드","IBK기업은행","12","11.833","82833","200000","200000","4","1","false","98","P0","estimated_rule | single_tier_high_cap | monthly_cap_outlier | high_picking_without_external_benchmark | not_officially_verified","https://www.ibk.co.kr/cardbiz/detailBizNew.ibk?pageId=CA01020000&PDLN_CD=12&PDGR_CD=11&PDTM_CD=258&PDCD=0001&ad_cd=nvmo&mz_cd=ADGROUN","IBKhi카드 피킹률 | IBKhi카드 실제 혜택 | IBK기업은행 IBKhi카드 카드 추천"
"naver-card-10343","삼성 iD GLOBAL 카드","삼성","13","11.090","77633","500000","300000","10","1","false","98","P0","estimated_rule | single_tier_high_cap | monthly_cap_outlier | high_picking_without_external_benchmark | not_officially_verified","https://www.samsungcard.com/personal/card/simple-apply/UHPPCA0225M0.jsp?code=AAP1824&alncmpC=QACDMB38&affcode=QACDMB38&BSCPN=BCTS&BSPRG=MNAVERCARD&BSCCN1=MB_%EC%8B%A0%EA%B2%80_AAP1824_%EC%82%BC%EC%84%B1%20iD%20GLOBAL%20%EC%B9%B4%EB%93%9C&utm_campaign=%EC%82%BC%EC%84%B1%20iD%20GLOBAL%20%EC%B9%B4%EB%93%9C&utm_medium=CSA&utm_source=%EB%84%A4%EC%9D%B4%EB%B2%84%20%EC%8B%A0%EC%9A%A9%EC%B9%B4%EB%93%9C%20%EA%B2%80%EC%83%89%20%EB%AA%A8%EB%B0%94%EC%9D%BC&utm_term={query}","삼성 iD GLOBAL 카드 피킹률 | 삼성 iD GLOBAL 카드 실제 혜택 | 삼성 삼성 iD GLOBAL 카드 카드 추천"
"naver-card-10320","JADE Classic","하나","14","10.774","75417","500000","100000","3","1","false","98","P0","estimated_rule | single_tier_high_cap | monthly_cap_outlier | high_picking_without_external_benchmark | not_officially_verified","https://m.hanacard.co.kr/JADEINTROM.web?CD_PD_SEQ=17548","JADE Classic 피킹률 | JADE Classic 실제 혜택 | 하나 JADE Classic 카드 추천"
"naver-card-10573","에너지플러스 현대카드","현대","16","9.274","64917","400000","100000","2","1","false","98","P0","estimated_rule | single_tier_high_cap | monthly_cap_outlier | high_picking_without_external_benchmark | not_officially_verified","https://hyundaicard.com/cpc/cr/CPCCR0201_01.hc?cardWcd=GEPHC","에너지플러스 현대카드 피킹률 | 에너지플러스 현대카드 실제 혜택 | 현대 에너지플러스 현대카드 카드 추천"
"naver-card-10442","NH농협 기후동행카드","NH농협","17","9.095","63667","300000","300000","8","1","false","98","P0","estimated_rule | single_tier_high_cap | monthly_cap_outlier | high_picking_without_external_benchmark | not_officially_verified","https://card.nonghyup.com/index_cardProd.html?SERVICE_ID=IPCC2021R&NAVIGATE_TYPE=1&cd_wrs_sqno=90010526&FromSite=53","NH농협 기후동행카드 피킹률 | NH농협 기후동행카드 실제 혜택 | NH농협 NH농협 기후동행카드 카드 추천"
"naver-card-10299","IBK기업 I-어디로든 그린카드","IBK기업은행","20","8.107","56750","300000","300000","5","1","false","98","P0","estimated_rule | single_tier_high_cap | monthly_cap_outlier | high_picking_without_external_benchmark | not_officially_verified","https://www.ibk.co.kr/cardbiz/detailBizNew.ibk?PDLN_CD=12&PDGR_CD=11&PDTM_CD=343&PDCD=0001&ad_cd=nvmo&mz_cd=ADGROUN","IBK기업 I-어디로든 그린카드 피킹률 | IBK기업 I-어디로든 그린카드 실제 혜택 | IBK기업은행 IBK기업 I-어디로든 그린카드 카드 추천"
"naver-card-10480","다이소 삼성카드","삼성","21","7.355","51483","300000","240000","6","1","false","98","P0","estimated_rule | single_tier_high_cap | monthly_cap_outlier | high_picking_without_external_benchmark | not_officially_verified","https://www.samsungcard.com/personal/card/simple-apply/UHPPCA0225M0.jsp?code=AAP1653&alncmpC=QACDMB19&affcode=QACDMB19&BSCPN=BCTS&BSPRG=MNAVERCARD&BSCCN1=MB_%EC%8B%A0%EA%B2%80_AAP1653_%EB%8B%A4%EC%9D%B4%EC%86%8C%20%EC%82%BC%EC%84%B1%EC%B9%B4%EB%93%9C&utm_campaign=%EB%8B%A4%EC%9D%B4%EC%86%8C%20%EC%82%BC%EC%84%B1%EC%B9%B4%EB%93%9C&utm_medium=CSA&utm_source=%EB%84%A4%EC%9D%B4%EB%B2%84%20%EC%8B%A0%EC%9A%A9%EC%B9%B4%EB%93%9C%20%EA%B2%80%EC%83%89%20%EB%AA%A8%EB%B0%94%EC%9D%BC&utm_term={query}","다이소 삼성카드 피킹률 | 다이소 삼성카드 실제 혜택 | 삼성 다이소 삼성카드 카드 추천"
"naver-card-10416","신한카드 처음(ANNIVERSE)","신한","22","7.274","50915","300000","300000","6","1","false","98","P0","estimated_rule | single_tier_high_cap | monthly_cap_outlier | high_picking_without_external_benchmark | not_officially_verified","https://www.shinhancard.com/pconts/html/card/apply/credit/1229296_2207.html?EntryLoc2=3485&empSeq=513&btnApp=L0S1H3&utm_source=naver_credit&utm_medium=cpc&utm_campaign=online_mo_firsttimeanniverse&utm_content=card&utm_term={keyword}","신한카드 처음(ANNIVERSE) 피킹률 | 신한카드 처음(ANNIVERSE) 실제 혜택 | 신한 신한카드 처음(ANNIVERSE) 카드 추천"
"naver-card-10201","티머니 Pay & GO 신한카드","신한","27","5.964","41750","300000","300000","3","1","false","98","P0","estimated_rule | single_tier_high_cap | monthly_cap_outlier | high_picking_without_external_benchmark | not_officially_verified","https://www.shinhancard.com/pconts/html/card/apply/credit/1216792_2207.html?empSeq=506&btnApp=L0S1H3","티머니 Pay & GO 신한카드 피킹률 | 티머니 Pay & GO 신한카드 실제 혜택 | 신한 티머니 Pay & GO 신한카드 카드 추천"
"naver-card-10157","삼성 iD SIMPLE 카드","삼성","28","5.407","37852","0","100000","10","1","false","98","P0","estimated_rule | single_tier_high_cap | monthly_cap_outlier | high_picking_without_external_benchmark | not_officially_verified","https://www.samsungcard.com/personal/card/simple-apply/UHPPCA0225M0.jsp?code=AAP1767&alncmpC=QACDMB26&affcode=QACDMB26&BSCPN=BCTS&BSPRG=MNAVERCARD&BSCCN1=MB_%EC%8B%A0%EA%B2%80_AAP1767_%EC%82%BC%EC%84%B1%20iD%20SIMPLE%20%EC%B9%B4%EB%93%9C&utm_campaign=%EC%82%BC%EC%84%B1%20iD%20SIMPLE%20%EC%B9%B4%EB%93%9C&utm_medium=CSA&utm_source=%EB%84%A4%EC%9D%B4%EB%B2%84%20%EC%8B%A0%EC%9A%A9%EC%B9%B4%EB%93%9C%20%EA%B2%80%EC%83%89%20%EB%AA%A8%EB%B0%94%EC%9D%BC&utm_term={query}","삼성 iD SIMPLE 카드 피킹률 | 삼성 iD SIMPLE 카드 실제 혜택 | 삼성 삼성 iD SIMPLE 카드 카드 추천"
"naver-card-2226","경차 smart 롯데카드","롯데","31","5.166","36160","300000","300000","5","1","false","98","P0","estimated_rule | single_tier_high_cap | monthly_cap_outlier | high_picking_without_external_benchmark | not_officially_verified","http://m.lottecard.co.kr/spa/card/booth?bId=102802&vtCdKndC=P11881-A11881&npayUseYn=Y&utm_source=sa_naver_cs&utm_medium=cpc&utm_campaign=m_card&utm_content=carsmart&utm_term=%EC%8B%A0%EC%9A%A9%EC%B9%B4%EB%93%9C","경차 smart 롯데카드 피킹률 | 경차 smart 롯데카드 실제 혜택 | 롯데 경차 smart 롯데카드 카드 추천"
"naver-card-10354","IBK K-패스(신용)","IBK기업은행","32","4.976","34833","200000","200000","5","1","false","98","P0","estimated_rule | single_tier_high_cap | monthly_cap_outlier | high_picking_without_external_benchmark | not_officially_verified","https://www.ibk.co.kr/cardbiz/detailBizNew.ibk?PDLN_CD=12&PDGR_CD=11&PDTM_CD=258&PDCD=0004&ad_cd=nvmo&mz_cd=ADGROUN","IBK K-패스(신용) 피킹률 | IBK K-패스(신용) 실제 혜택 | IBK기업은행 IBK K-패스(신용) 카드 추천"
"naver-card-1597","CU·배달의민족 삼성카드 taptap","삼성","33","4.881","34167","300000","300000","3","1","false","98","P0","estimated_rule | single_tier_high_cap | monthly_cap_outlier | high_picking_without_external_benchmark | not_officially_verified","https://www.samsungcard.com/personal/card/simple-apply/UHPPCA0225M0.jsp?code=AAP1501&alncmpC=QACDMB19&affcode=QACDMB19&BSCPN=BCTS&BSPRG=MNAVERCARD&BSCCN1=MB_%EC%8B%A0%EA%B2%80_AAP1501_CU%C2%B7%EB%B0%B0%EB%8B%AC%EC%9D%98%EB%AF%BC%EC%A1%B1%20%EC%82%BC%EC%84%B1%EC%B9%B4%EB%93%9C%20taptap&utm_campaign=CU%C2%B7%EB%B0%B0%EB%8B%AC%EC%9D%98%EB%AF%BC%EC%A1%B1%20%EC%82%BC%EC%84%B1%EC%B9%B4%EB%93%9C%20taptap&utm_medium=CSA&utm_source=%EB%84%A4%EC%9D%B4%EB%B2%84%20%EC%8B%A0%EC%9A%A9%EC%B9%B4%EB%93%9C%20%EA%B2%80%EC%83%89%20%EB%AA%A8%EB%B0%94%EC%9D%BC&utm_term={query}","CU·배달의민족 삼성카드 taptap 피킹률 | CU·배달의민족 삼성카드 taptap 실제 혜택 | 삼성 CU·배달의민족 삼성카드 taptap 카드 추천"
"naver-card-10448","the Red(M포인트형)","현대","36","4.521","31650","500000","300000","2","1","false","98","P0","estimated_rule | single_tier_high_cap | monthly_cap_outlier | high_picking_without_external_benchmark | not_officially_verified","https://www.hyundaicard.com/cpc/cr/CPCCR0201_01.hc?cardWcd=TRME6&eventCode=DMVBR","the Red(M포인트형) 피킹률 | the Red(M포인트형) 실제 혜택 | 현대 the Red(M포인트형) 카드 추천"
"naver-card-2533","신한카드 Deep On Platinum+","신한","37","4.357","30500","300000","300000","2","1","false","98","P0","estimated_rule | single_tier_high_cap | monthly_cap_outlier | high_picking_without_external_benchmark | not_officially_verified","https://www.shinhancard.com/pconts/html/card/apply/credit/1188280_2207.html?EntryLoc1=TM5073&EntryLoc2=2916&empSeq=508&btnApp=R0I1G3T4J&utm_source=naver%5Fcredit&utm_medium=cpc&utm_campaign=online%5Fmobile%5Fdeepon","신한카드 Deep On Platinum+ 피킹률 | 신한카드 Deep On Platinum+ 실제 혜택 | 신한 신한카드 Deep On Platinum+ 카드 추천"
"naver-card-10355","신한카드 K-패스","신한","38","4.345","30417","300000","300000","6","1","false","98","P0","estimated_rule | single_tier_high_cap | monthly_cap_outlier | high_picking_without_external_benchmark | not_officially_verified","https://www.shinhancard.com/pconts/html/card/apply/credit/1225543_2207.html?EntryLoc2=3460&empSeq=515&btnApp=L0S1H3&utm_source=naver_credit&utm_medium=cpc&utm_campaign=online_mo_kpass&utm_term={keyword}","신한카드 K-패스 피킹률 | 신한카드 K-패스 실제 혜택 | 신한 신한카드 K-패스 카드 추천"
"naver-card-10636","파인애플 신한카드","신한","41","4.143","29000","300000","300000","3","1","false","98","P0","estimated_rule | single_tier_high_cap | monthly_cap_outlier | high_picking_without_external_benchmark | not_officially_verified","https://www.shinhancard.com/pconts/html/card/apply/credit/1195357_2207.html?empSeq=502","파인애플 신한카드 피킹률 | 파인애플 신한카드 실제 혜택 | 신한 파인애플 신한카드 카드 추천"
"naver-card-1322","롯데 국민행복카드","롯데","1","36.129","252900","300000","300000","10","1","false","78","P0","single_tier_high_cap | monthly_cap_outlier | high_picking_without_external_benchmark | not_officially_verified","http://m.lottecard.co.kr/spa/card/booth?bId=102804&vtCdKndC=P10989-A10989&utm_source=sa_naver_cs&utm_medium=cpc&utm_campaign=m_card&utm_content=happycard&utm_term=%EC%8B%A0%EC%9A%A9%EC%B9%B4%EB%93%9C","롯데 국민행복카드 피킹률 | 롯데 국민행복카드 실제 혜택 | 롯데 롯데 국민행복카드 카드 추천"
"naver-card-10614","현대카드 하이브리드(Apple Pay Rewards)","현대","2","31.369","219583","300000","300000","4","1","false","78","P0","single_tier_high_cap | monthly_cap_outlier | high_picking_without_external_benchmark | not_officially_verified","https://www.hyundaicard.com/cpc/cr/CPCCR0201_01.hc?cardWcd=CCAH&eventCode=ANB03","현대카드 하이브리드(Apple Pay Rewards) 피킹률 | 현대카드 하이브리드(Apple Pay Rewards) 실제 혜택 | 현대 현대카드 하이브리드(Apple Pay Rewards) 카드 추천"
"naver-card-2345","IBK 국민행복카드","IBK기업은행","4","22.786","159500","300000","300000","9","1","false","78","P0","single_tier_high_cap | monthly_cap_outlier | high_picking_without_external_benchmark | not_officially_verified","https://www.ibk.co.kr/cardbiz/detailBizNew.ibk?pageId=CA01020000&PDLN_CD=12&PDGR_CD=11&PDTM_CD=293&PDCD=0001&ad_cd=nvmo&mz_cd=ADGROUN","IBK 국민행복카드 피킹률 | IBK 국민행복카드 실제 혜택 | IBK기업은행 IBK 국민행복카드 카드 추천"
"naver-card-1571","신한카드 RPM+ Platinum#","신한","8","13.612","95283","500000","300000","8","1","false","78","P0","single_tier_high_cap | monthly_cap_outlier | high_picking_without_external_benchmark | not_officially_verified","https://www.shinhancard.com/pconts/html/card/apply/credit/1187945_2207.html?EntryLoc2=2795&empSeq=957&btnApp=dp01&utm_source=naver_credit&utm_medium=cpc&utm_campaign=online_mobile_rpm","신한카드 RPM+ Platinum# 피킹률 | 신한카드 RPM+ Platinum# 실제 혜택 | 신한 신한카드 RPM+ Platinum# 카드 추천"
"naver-card-10373","JADE First Centum","하나","9","13.155","92083","500000","200000","5","1","false","78","P0","single_tier_high_cap | monthly_cap_outlier | high_picking_without_external_benchmark | not_officially_verified","https://m.hanacard.co.kr/JADEINTROM.web?CD_PD_SEQ=17874","JADE First Centum 피킹률 | JADE First Centum 실제 혜택 | 하나 JADE First Centum 카드 추천"
"naver-card-10421","이마트II KB국민카드(옐로우)","KB국민","15","9.821","68750","500000","70000","7","1","false","78","P0","estimated_rule | single_tier_high_cap | high_picking_without_external_benchmark | not_officially_verified","https://m.kbcard.com/CRD/DVIEW/MCAMCXHIACRC0002?allianceCode=04361&mainCC=b","이마트II KB국민카드(옐로우) 피킹률 | 이마트II KB국민카드(옐로우) 실제 혜택 | KB국민 이마트II KB국민카드(옐로우) 카드 추천"
"naver-card-277","신세계이마트 삼성카드 7","삼성","18","8.357","58500","300000","60000","10","1","false","78","P0","estimated_rule | single_tier_high_cap | high_picking_without_external_benchmark | not_officially_verified","https://www.samsungcard.com/personal/card/simple-apply/UHPPCA0225M0.jsp?code=AAP1279&alncmpC=QACDMB19&affcode=QACDMB19&BSCPN=BCTS&BSPRG=MNAVERCARD&BSCCN1=MB_%EC%8B%A0%EA%B2%80_AAP1279_%EC%8B%A0%EC%84%B8%EA%B3%84%EC%9D%B4%EB%A7%88%ED%8A%B8%20%EC%82%BC%EC%84%B1%EC%B9%B4%EB%93%9C%207&utm_campaign=%EC%8B%A0%EC%84%B8%EA%B3%84%EC%9D%B4%EB%A7%88%ED%8A%B8%20%EC%82%BC%EC%84%B1%EC%B9%B4%EB%93%9C%207&utm_medium=CSA&utm_source=%EB%84%A4%EC%9D%B4%EB%B2%84%20%EC%8B%A0%EC%9A%A9%EC%B9%B4%EB%93%9C%20%EA%B2%80%EC%83%89%20%EB%AA%A8%EB%B0%94%EC%9D%BC&utm_term={query}","신세계이마트 삼성카드 7 피킹률 | 신세계이마트 삼성카드 7 실제 혜택 | 삼성 신세계이마트 삼성카드 7 카드 추천"
"naver-card-10617","현대카드 MC GLOBAL","현대","19","8.336","58353","0","300000","5","1","false","78","P0","single_tier_high_cap | monthly_cap_outlier | high_picking_without_external_benchmark | not_officially_verified","https://mycompany.hyundaicard.com/cr/in/CRIN1015.do?eventCode=GLO12&pageType=newJoin","현대카드 MC GLOBAL 피킹률 | 현대카드 MC GLOBAL 실제 혜택 | 현대 현대카드 MC GLOBAL 카드 추천"
"naver-card-10345","카드의정석 SHOPPING+","우리","23","7.024","49167","300000","50000","8","1","false","78","P0","estimated_rule | single_tier_high_cap | high_picking_without_external_benchmark | not_officially_verified","https://m.wooricard.com/dcmw/yh1/crd/crd01/M1CRD101S02.do?cdPrdCd=102492&canvasser=88801075&utm_source=naver_cs&utm_medium=cpc&utm_campaign=M_%EC%B9%B4%EB%93%9C%EC%84%B9%EC%85%98&utm_content={keyword}&utm_term=%EC%B9%B4%EB%93%9C%EC%9D%98%EC%A0%95%EC%84%9DSHOPPING+","카드의정석 SHOPPING+ 피킹률 | 카드의정석 SHOPPING+ 실제 혜택 | 우리 카드의정석 SHOPPING+ 카드 추천"
"naver-card-10597","트래블로그+(플러스) 신용카드","하나","24","6.905","48333","0","50000","5","1","false","78","P0","estimated_rule | single_tier_high_cap | high_picking_without_external_benchmark | not_officially_verified","https://m.hanacard.co.kr/MKCDCM1010M.web?CD_PD_SEQ=18973","트래블로그+(플러스) 신용카드 피킹률 | 트래블로그+(플러스) 신용카드 실제 혜택 | 하나 트래블로그+(플러스) 신용카드 카드 추천"
"naver-card-10211","NH올원 Rental&바디프랜드카드","NH농협","25","6.143","43000","300000","300000","2","1","false","78","P0","single_tier_high_cap | monthly_cap_outlier | high_picking_without_external_benchmark | not_officially_verified","https://card.nonghyup.com/index_cardProd.html?SERVICE_ID=IPCC2021R&NAVIGATE_TYPE=1&cd_wrs_sqno=90000365&FromSite=53","NH올원 Rental&바디프랜드카드 피킹률 | NH올원 Rental&바디프랜드카드 실제 혜택 | NH농협 NH올원 Rental&바디프랜드카드 카드 추천"
"naver-card-10576","현대카드 MC 항공권전용카드","현대","26","6.000","42000","0","200000","2","1","false","78","P0","single_tier_high_cap | monthly_cap_outlier | high_picking_without_external_benchmark | not_officially_verified","https://mycompany.hyundaicard.com/cr/in/CRIN1006.do?_method=X01&pageType=newJoin","현대카드 MC 항공권전용카드 피킹률 | 현대카드 MC 항공권전용카드 실제 혜택 | 현대 현대카드 MC 항공권전용카드 카드 추천"
"naver-card-10358","zgm 할인카드","NH농협","29","5.393","37750","400000","40000","9","1","false","78","P0","estimated_rule | single_tier_high_cap | high_picking_without_external_benchmark | not_officially_verified","https://card.nonghyup.com/index_cardProd.html?SERVICE_ID=IPCC2021R&NAVIGATE_TYPE=1&cd_wrs_sqno=90010515&FromSite=53","zgm 할인카드 피킹률 | zgm 할인카드 실제 혜택 | NH농협 zgm 할인카드 카드 추천"
"naver-card-10538","우리카드 the OPUS silver","우리","30","5.357","37500","500000","50000","8","1","false","78","P0","estimated_rule | single_tier_high_cap | high_picking_without_external_benchmark | not_officially_verified","https://m.wooricard.com/dcmw/yh1/crd/crd01/M1CRD101S02.do?cdPrdCd=103500&canvasser=88801075&utm_source=naver_cs&utm_medium=cpc&utm_campaign=M_%ec%b9%b4%eb%93%9c%ec%84%b9%ec%85%98&utm_content={keyword}&utm_term=%EC%9A%B0%EB%A6%AC%EC%B9%B4%EB%93%9CtheOPUSsilver","우리카드 the OPUS silver 피킹률 | 우리카드 the OPUS silver 실제 혜택 | 우리 우리카드 the OPUS silver 카드 추천"
"naver-card-10462","삼성 iD STATION 카드 (SK에너지)","삼성","34","4.821","33750","400000","35000","5","1","false","78","P0","estimated_rule | single_tier_high_cap | high_picking_without_external_benchmark | not_officially_verified","https://www.samsungcard.com/personal/card/simple-apply/UHPPCA0225M0.jsp?code=AAP1855&alncmpC=QACDMB42&affcode=QACDMB42&BSCPN=BCTS&BSPRG=MNAVERCARD&BSCCN1=MB_%EC%8B%A0%EA%B2%80_AAP1855_%EC%82%BC%EC%84%B1%20iD%20STATION%20%EC%B9%B4%EB%93%9C%20%28SK%EC%97%90%EB%84%88%EC%A7%80%29&utm_campaign=%EC%82%BC%EC%84%B1%20iD%20STATION%20%EC%B9%B4%EB%93%9C%20%28SK%EC%97%90%EB%84%88%EC%A7%80%29&utm_medium=CSA&utm_source=%EB%84%A4%EC%9D%B4%EB%B2%84%20%EC%8B%A0%EC%9A%A9%EC%B9%B4%EB%93%9C%20%EA%B2%80%EC%83%89%20%EB%AA%A8%EB%B0%94%EC%9D%BC&utm_term={query}","삼성 iD STATION 카드 (SK에너지) 피킹률 | 삼성 iD STATION 카드 (SK에너지) 실제 혜택 | 삼성 삼성 iD STATION 카드 (SK에너지) 카드 추천"
"naver-card-10596","삼성 iD STATION 카드 (HD현대오일뱅크)","삼성","35","4.821","33750","400000","35000","5","1","false","78","P0","estimated_rule | single_tier_high_cap | high_picking_without_external_benchmark | not_officially_verified","https://www.samsungcard.com/personal/card/simple-apply/UHPPCA0225M0.jsp?code=AAP1897&alncmpC=QACDMB44&affcode=QACDMB44&BSCPN=BCTS&BSPRG=MNAVERCARD&BSCCN1=MB_%EC%8B%A0%EA%B2%80_AAP1897_%EC%82%BC%EC%84%B1%20iD%20STATION%20%EC%B9%B4%EB%93%9C%20%28HD%ED%98%84%EB%8C%80%EC%98%A4%EC%9D%BC%EB%B1%85%ED%81%AC%29&utm_campaign=%EC%82%BC%EC%84%B1%20iD%20STATION%20%EC%B9%B4%EB%93%9C%20%28HD%ED%98%84%EB%8C%80%EC%98%A4%EC%9D%BC%EB%B1%85%ED%81%AC%29&utm_medium=CSA&utm_source=%EB%84%A4%EC%9D%B4%EB%B2%84%20%EC%8B%A0%EC%9A%A9%EC%B9%B4%EB%93%9C%20%EA%B2%80%EC%83%89%20%EB%AA%A8%EB%B0%94%EC%9D%BC&utm_term={query}","삼성 iD STATION 카드 (HD현대오일뱅크) 피킹률 | 삼성 iD STATION 카드 (HD현대오일뱅크) 실제 혜택 | 삼성 삼성 iD STATION 카드 (HD현대오일뱅크) 카드 추천"
"naver-card-10414","the Red(항공 마일리지형)","현대","39","4.286","30000","500000","300000","1","1","false","78","P0","single_tier_high_cap | monthly_cap_outlier | high_picking_without_external_benchmark | not_officially_verified","https://www.hyundaicard.com/cpc/cr/CPCCR0201_01.hc?cardWcd=TRE6&eventCode=DMVAQ","the Red(항공 마일리지형) 피킹률 | the Red(항공 마일리지형) 실제 혜택 | 현대 the Red(항공 마일리지형) 카드 추천"
"naver-card-10637","KT 으랏차차 신한카드","신한","40","4.286","30000","500000","33000","1","1","false","78","P0","estimated_rule | single_tier_high_cap | high_picking_without_external_benchmark | not_officially_verified","https://www.shinhancard.com/pconts/html/card/apply/credit/1235115_2207.html?empSeq=502","KT 으랏차차 신한카드 피킹률 | KT 으랏차차 신한카드 실제 혜택 | 신한 KT 으랏차차 신한카드 카드 추천"
"naver-card-10317","어디로든 그린카드 X LOCA","롯데","42","4.107","28750","300000","30000","7","1","false","78","P0","estimated_rule | single_tier_high_cap | high_picking_without_external_benchmark | not_officially_verified","http://m.lottecard.co.kr/spa/card/booth?bId=92793&vtCdKndC=P14744-A14744&npayUseYn=Y","어디로든 그린카드 X LOCA 피킹률 | 어디로든 그린카드 X LOCA 실제 혜택 | 롯데 어디로든 그린카드 X LOCA 카드 추천"
"naver-card-10369","The CJ-현대카드M Edition2","현대","43","4.107","28750","0","30000","5","1","false","78","P0","estimated_rule | single_tier_high_cap | high_picking_without_external_benchmark | not_officially_verified","https://www.hyundaicard.com/cpc/cr/CPCCR0201_01.hc?cardflag=RC&cardWcd=MCJE2","The CJ-현대카드M Edition2 피킹률 | The CJ-현대카드M Edition2 실제 혜택 | 현대 The CJ-현대카드M Edition2 카드 추천"
"naver-card-10609","이마트 신한카드","신한","44","4.050","28350","400000","30000","9","1","false","78","P0","estimated_rule | single_tier_high_cap | high_picking_without_external_benchmark | not_officially_verified","https://www.shinhancard.com/pconts/html/card/apply/credit/1236769_2207.html?EntryLoc2=4485&empSeq=502&utm_source=naver_credit&utm_medium=cpc&utm_campaign=online_mobile_emartcard","이마트 신한카드 피킹률 | 이마트 신한카드 실제 혜택 | 신한 이마트 신한카드 카드 추천"
"naver-card-1400","NH농협 국민행복카드(비씨)","NH농협","45","4.036","28250","300000","300000","5","1","false","78","P0","single_tier_high_cap | monthly_cap_outlier | high_picking_without_external_benchmark | not_officially_verified","https://card.nonghyup.com/index_cardProd.html?SERVICE_ID=IPCC2021R&NAVIGATE_TYPE=1&cd_wrs_sqno=90000319&FromSite=53","NH농협 국민행복카드(비씨) 피킹률 | NH농협 국민행복카드(비씨) 실제 혜택 | NH농협 NH농협 국민행복카드(비씨) 카드 추천"
"naver-card-10438","현대백화점 현대오일뱅크카드","현대백화점카드","264","0.008","55","1","5000","1","1","false","58","P0","fallback_rule | not_officially_verified","http://m.ehyundai.com/mobile/card/VO/main.do?menu=0&r=&event_id=&use_r=","현대백화점 현대오일뱅크카드 피킹률 | 현대백화점 현대오일뱅크카드 실제 혜택 | 현대백화점카드 현대백화점 현대오일뱅크카드 카드 추천"
"naver-card-3717","KB국민 Easy all 티타늄카드","KB국민","269","0.000","0","500000","4000","1","1","false","58","P0","fallback_rule | not_officially_verified","https://m.kbcard.com/CRD/DVIEW/MCAMCXHIACRC0002?allianceCode=09256&mainCC=b","KB국민 Easy all 티타늄카드 피킹률 | KB국민 Easy all 티타늄카드 실제 혜택 | KB국민 KB국민 Easy all 티타늄카드 카드 추천"
"naver-card-10176","LOCA 나누기 카드","롯데","275","0.000","0","0","1000","1","1","false","58","P0","fallback_rule | not_officially_verified","https://m.lottecard.co.kr/spa/card/booth?bId=78676&vtCdKndC=P14123-A14123&npayUseYn=Y&utm_source=sa_naver_cs&utm_medium=cpc&utm_campaign=m_card_application&utm_content=locadivide&utm_term=%EC%8B%A0%EC%9A%A9%EC%B9%B4%EB%93%9C","LOCA 나누기 카드 피킹률 | LOCA 나누기 카드 실제 혜택 | 롯데 LOCA 나누기 카드 카드 추천"
"naver-card-10315","ALL 우리카드 Infinite","우리","283","0.000","0","500000","5000","1","1","false","58","P0","fallback_rule | not_officially_verified","https://m.wooricard.com/dcmw/yh1/crd/crd01/M1CRD101S02.do?cdPrdCd=103187&canvasser=88801075&utm_source=naver_cs&utm_medium=cpc&utm_campaign=M_%ec%b9%b4%eb%93%9c%ec%84%b9%ec%85%98&utm_content={keyword}&utm_term=ALL%EC%9A%B0%EB%A6%AC%EC%B9%B4%EB%93%9CInfinite","ALL 우리카드 Infinite 피킹률 | ALL 우리카드 Infinite 실제 혜택 | 우리 ALL 우리카드 Infinite 카드 추천"
"naver-card-10316","ALL 우리카드 Premium","우리","285","0.000","0","500000","5000","1","1","false","58","P0","fallback_rule | not_officially_verified","https://m.wooricard.com/dcmw/yh1/crd/crd01/M1CRD101S02.do?cdPrdCd=103188&canvasser=88801075&utm_source=naver_cs&utm_medium=cpc&utm_campaign=M_%ec%b9%b4%eb%93%9c%ec%84%b9%ec%85%98&utm_content={keyword}&utm_term=ALL%EC%9A%B0%EB%A6%AC%EC%B9%B4%EB%93%9CPremium","ALL 우리카드 Premium 피킹률 | ALL 우리카드 Premium 실제 혜택 | 우리 ALL 우리카드 Premium 카드 추천"
"naver-card-1337","IBK-Syrup카드","IBK기업은행","321","0.000","0","300000","5000","1","1","false","58","P0","fallback_rule | not_officially_verified","https://www.ibk.co.kr/cardbiz/detailBizNew.ibk?pageId=CA01020000&PDLN_CD=12&PDGR_CD=11&PDTM_CD=287&PDCD=0001&ad_cd=nvmo&mz_cd=ADGROUN","IBK-Syrup카드 피킹률 | IBK-Syrup카드 실제 혜택 | IBK기업은행 IBK-Syrup카드 카드 추천"
"naver-card-10289","신한카드 My TeenS","신한","326","0.000","0","200000","5000","1","1","false","58","P0","fallback_rule | not_officially_verified","https://www.shinhancard.com/pconts/html/card/apply/credit/1210370_2207.html?empSeq=541&utm_source=naver_credit&utm_medium=cpc&utm_campaign=online_mobile_myteens","신한카드 My TeenS 피킹률 | 신한카드 My TeenS 실제 혜택 | 신한 신한카드 My TeenS 카드 추천"
"naver-card-10628","신한법인카드 SKYPASS","신한","341","0.000","0","0","1000","1","1","false","58","P0","fallback_rule | not_officially_verified","https://www.shinhancard.com/cconts/html/card_request/card_info/mileagesave/2204067_101557.html?","신한법인카드 SKYPASS 피킹률 | 신한법인카드 SKYPASS 실제 혜택 | 신한 신한법인카드 SKYPASS 카드 추천"
"naver-card-10053","메리어트 본보이™ 더 베스트 신한카드","신한","342","0.000","0","300000","5000","1","1","false","58","P0","fallback_rule | not_officially_verified","https://www.shinhancard.com/pconts/html/card/apply/premium/1200288_2205.html?EntryLoc2=3032&empSeq=2&btnApp=dp1&utm_source=naver_credit&utm_medium=cpc&utm_campaign=online_mobile_marriott","메리어트 본보이™ 더 베스트 신한카드 피킹률 | 메리어트 본보이™ 더 베스트 신한카드 실제 혜택 | 신한 메리어트 본보이™ 더 베스트 신한카드 카드 추천"
"naver-card-10469","신한카드 The CLASSIC-S","신한","343","0.000","0","500000","5000","1","1","false","58","P0","fallback_rule | not_officially_verified","https://www.shinhancard.com/pconts/html/card/apply/premium/1196402_2205.html?EntryLoc2=2987&empSeq=566&btnApp=DP1W&utm_source=naver_credit&utm_medium=cpc&utm_campaign=online_mo_classicms&utm_content=card&utm_term={keyword}","신한카드 The CLASSIC-S 피킹률 | 신한카드 The CLASSIC-S 실제 혜택 | 신한 신한카드 The CLASSIC-S 카드 추천"
"naver-card-10467","신한카드 The CLASSIC-V","신한","344","0.000","0","500000","5000","1","1","false","58","P0","fallback_rule | not_officially_verified","https://www.shinhancard.com/pconts/html/card/apply/premium/1216601_2205.html?EntryLoc2=3198&empSeq=555&btnApp=dp01&utm_source=naver_credit&utm_medium=cpc&utm_campaign=online_mo_classicv&utm_content=card&utm_term={keyword}","신한카드 The CLASSIC-V 피킹률 | 신한카드 The CLASSIC-V 실제 혜택 | 신한 신한카드 The CLASSIC-V 카드 추천"
"naver-card-10207","신한카드 알뜰More(알뜰모아)","신한","346","0.000","0","400000","15000","1","1","false","58","P0","fallback_rule | not_officially_verified","https://www.shinhancard.com/pconts/html/card/apply/credit/1219175_2207.html","신한카드 알뜰More(알뜰모아) 피킹률 | 신한카드 알뜰More(알뜰모아) 실제 혜택 | 신한 신한카드 알뜰More(알뜰모아) 카드 추천"
"naver-card-10465","LGE.COM 신한카드","신한","351","0.000","0","500000","5000","1","1","false","58","P0","fallback_rule | not_officially_verified","https://www.shinhancard.com/pconts/html/card/apply/credit/1228909_2207.html?empSeq=502&utm_source=naver_credit&utm_medium=cpc&utm_campaign=online_mo_lgecom&utm_content=card&utm_term={keyword}","LGE.COM 신한카드 피킹률 | LGE.COM 신한카드 실제 혜택 | 신한 LGE.COM 신한카드 카드 추천"
"naver-card-10622","the Purple(대한항공 마일리지형)","현대","354","0.000","0","500000","5000","1","1","false","58","P0","fallback_rule | not_officially_verified","https://www.hyundaicard.com/cpc/cr/CPCCR0201_01.hc?cardWcd=TPE4&eventCode=ANB05","the Purple(대한항공 마일리지형) 피킹률 | the Purple(대한항공 마일리지형) 실제 혜택 | 현대 the Purple(대한항공 마일리지형) 카드 추천"
"naver-card-10394","현대카드 대한항공카드 060","현대","355","0.000","0","500000","5000","1","1","false","58","P0","fallback_rule | not_officially_verified","https://www.hyundaicard.com/cpc/cr/CPCCR0201_01.hc?cardflag=RC&cardWcd=KALE2T1&eventCode=KAL59","현대카드 대한항공카드 060 피킹률 | 현대카드 대한항공카드 060 실제 혜택 | 현대 현대카드 대한항공카드 060 카드 추천"
"naver-card-10400","현대카드 대한항공카드 300","현대","356","0.000","0","500000","5000","1","1","false","58","P0","fallback_rule | not_officially_verified","https://www.hyundaicard.com/cpc/cr/CPCCR0201_01.hc?cardflag=RC&cardWcd=KALE2T3&eventCode=KAL61","현대카드 대한항공카드 300 피킹률 | 현대카드 대한항공카드 300 실제 혜택 | 현대 현대카드 대한항공카드 300 카드 추천"
"naver-card-10621","the Purple(M포인트형)","현대","358","0.000","0","500000","5000","1","1","false","58","P0","fallback_rule | not_officially_verified","https://www.hyundaicard.com/cpc/cr/CPCCR0201_01.hc?cardWcd=TPE4&eventCode=ANB04","the Purple(M포인트형) 피킹률 | the Purple(M포인트형) 실제 혜택 | 현대 the Purple(M포인트형) 카드 추천"
"naver-card-10362","현대 아멕스 골드 카드 Edition2","현대","362","0.000","0","500000","1000","1","1","false","58","P0","fallback_rule | not_officially_verified","https://www.hyundaicard.com/cpc/cr/CPCCR0201_01.hc?cardWcd=AMGLE2","현대 아멕스 골드 카드 Edition2 피킹률 | 현대 아멕스 골드 카드 Edition2 실제 혜택 | 현대 현대 아멕스 골드 카드 Edition2 카드 추천"
"naver-card-10361","현대 아멕스 더 플래티넘 카드 Edition2","현대","364","0.000","0","500000","1000","1","1","false","58","P0","fallback_rule | not_officially_verified","https://www.hyundaicard.com/cpc/cr/CPCCR0201_01.hc?cardWcd=AMPTE2","현대 아멕스 더 플래티넘 카드 Edition2 피킹률 | 현대 아멕스 더 플래티넘 카드 Edition2 실제 혜택 | 현대 현대 아멕스 더 플래티넘 카드 Edition2 카드 추천"
"naver-card-10363","현대 아멕스 그린 카드 Edition2","현대","365","0.000","0","500000","1000","1","1","false","58","P0","fallback_rule | not_officially_verified","https://www.hyundaicard.com/cpc/cr/CPCCR0201_01.hc?cardflag=RC&cardWcd=AMGRE2","현대 아멕스 그린 카드 Edition2 피킹률 | 현대 아멕스 그린 카드 Edition2 실제 혜택 | 현대 현대 아멕스 그린 카드 Edition2 카드 추천"
"naver-card-3257","신한카드 Deep Once","신한","369","0.000","0","400000","5000","1","1","false","58","P0","fallback_rule | not_officially_verified","https://www.shinhancard.com/pconts/html/card/apply/credit/1192802_2207.html?EntryLoc2=2969&empSeq=538&btnApp=DP1W&utm_source=naver%5Fcredit&utm_medium=cpc&utm_campaign=online%5Fmobile%5Fdeeponce","신한카드 Deep Once 피킹률 | 신한카드 Deep Once 실제 혜택 | 신한 신한카드 Deep Once 카드 추천"
"naver-card-10464","신한카드 The Best-XO(스카이패스형)","신한","370","0.000","0","500000","20000","1","1","false","58","P0","fallback_rule | not_officially_verified","https://www.shinhancard.com/pconts/html/card/apply/premium/1231479_2205.html?EntryLoc2=3521&empSeq=521&btnApp=DP1Q&utm_source=naver_credit&utm_medium=cpc&utm_campaign=online_mo_bestxocard&utm_content=card&utm_term={keyword}","신한카드 The Best-XO(스카이패스형) 피킹률 | 신한카드 The Best-XO(스카이패스형) 실제 혜택 | 신한 신한카드 The Best-XO(스카이패스형) 카드 추천"
"naver-card-2757","KB국민 예다함카드","KB국민","376","0.000","0","300000","10000","1","1","false","58","P0","fallback_rule | not_officially_verified","https://m.kbcard.com/CRD/DVIEW/MCAMCXHIACRC0002?allianceCode=04485&mainCC=b","KB국민 예다함카드 피킹률 | KB국민 예다함카드 실제 혜택 | KB국민 KB국민 예다함카드 카드 추천"
"naver-card-3258","신한카드 Deep Once Plus","신한","384","0.000","0","400000","5000","1","1","false","58","P0","fallback_rule | not_officially_verified","https://www.shinhancard.com/pconts/html/card/apply/credit/1192801_2207.html?EntryLoc2=2970&empSeq=504&btnApp=E0F1O3J4&utm_source=naver%5Fcredit&utm_medium=cpc&utm_campaign=online%5Fmobile%5Fdeeponceplus","신한카드 Deep Once Plus 피킹률 | 신한카드 Deep Once Plus 실제 혜택 | 신한 신한카드 Deep Once Plus 카드 추천"
"naver-card-10632","대한항공 신한법인 크레딧 신용카드","신한","388","0.000","0","0","1000","1","1","false","58","P0","fallback_rule | not_officially_verified","https://www.shinhancard.com/cconts/html/card_request/card_info/corporate/1227983_7471.html?","대한항공 신한법인 크레딧 신용카드 피킹률 | 대한항공 신한법인 크레딧 신용카드 실제 혜택 | 신한 대한항공 신한법인 크레딧 신용카드 카드 추천"
"naver-card-3959","아메리칸 엑스프레스 블루","삼성","52","3.343","23400","300000","300000","7","1","false","63","P1","estimated_rule | single_tier_high_cap | monthly_cap_outlier | not_officially_verified","https://www.samsungcard.com/personal/card/simple-apply/UHPPCA0225M0.jsp?code=AAP1671&alncmpC=QACDMB09&affcode=QACDMB09&BSCPN=BCTS&BSPRG=MNAVERCARD&BSCCN1=MB_%EC%8B%A0%EA%B2%80_AAP1671_%EC%95%84%EB%A9%94%EB%A6%AC%EC%B9%B8%20%EC%97%91%EC%8A%A4%ED%94%84%EB%A0%88%EC%8A%A4%20%EB%B8%94%EB%A3%A8&utm_campaign=%EC%95%84%EB%A9%94%EB%A6%AC%EC%B9%B8%20%EC%97%91%EC%8A%A4%ED%94%84%EB%A0%88%EC%8A%A4%20%EB%B8%94%EB%A3%A8&utm_medium=CSA&utm_source=%EB%84%A4%EC%9D%B4%EB%B2%84%20%EC%8B%A0%EC%9A%A9%EC%B9%B4%EB%93%9C%20%EA%B2%80%EC%83%89%20%EB%AA%A8%EB%B0%94%EC%9D%BC&utm_term={query}","아메리칸 엑스프레스 블루 피킹률 | 아메리칸 엑스프레스 블루 실제 혜택 | 삼성 아메리칸 엑스프레스 블루 카드 추천"
"naver-card-2337","신한카드 Deep Oil","신한","77","2.238","15667","300000","150000","4","1","false","63","P1","estimated_rule | single_tier_high_cap | monthly_cap_outlier | not_officially_verified","https://www.shinhancard.com/pconts/html/card/apply/credit/1188274_2207.html?EntryLoc2=2871&empSeq=855&btnApp=DP0A1Q3&utm_source=naver_credit&utm_medium=cpc&utm_campaign=online_mo_deepoil","신한카드 Deep Oil 피킹률 | 신한카드 Deep Oil 실제 혜택 | 신한 신한카드 Deep Oil 카드 추천"
"naver-card-10527","스타필드 신한카드","신한","80","2.155","15083","400000","100000","3","1","false","63","P1","estimated_rule | single_tier_high_cap | monthly_cap_outlier | not_officially_verified","https://www.shinhancard.com/pconts/html/card/apply/credit/1233072_2207.html?EntryLoc=3541&empSeq=512&utm_source=naver_credit&utm_medium=cpc&utm_campaign=online_mo_starfield&utm_content=card&utm_term={keyword}","스타필드 신한카드 피킹률 | 스타필드 신한카드 실제 혜택 | 신한 스타필드 신한카드 카드 추천"
"naver-card-10449","the Red Stripe Edition2(M포인트형)","현대","81","2.140","14983","500000","300000","3","1","false","63","P1","estimated_rule | single_tier_high_cap | monthly_cap_outlier | not_officially_verified","https://www.hyundaicard.com/cpc/cr/CPCCR0201_01.hc?cardWcd=TRMSTE2&eventCode=DMVCR","the Red Stripe Edition2(M포인트형) 피킹률 | the Red Stripe Edition2(M포인트형) 실제 혜택 | 현대 the Red Stripe Edition2(M포인트형) 카드 추천"
"naver-card-835","국방복지카드 KB국민 Prestige Members카드","KB국민","85","1.979","13850","300000","300000","4","1","false","63","P1","estimated_rule | single_tier_high_cap | monthly_cap_outlier | not_officially_verified","https://m.kbcard.com/CRD/DVIEW/MCAMCXHIACRC0002?mainCC=b&allianceCode=02280&solicitorcode=7030023030&jehuId=NPAY","국방복지카드 KB국민 Prestige Members카드 피킹률 | 국방복지카드 KB국민 Prestige Members카드 실제 혜택 | KB국민 국방복지카드 KB국민 Prestige Members카드 카드 추천"
"naver-card-3896","taptap SHOPPING","삼성","91","1.760","12317","300000","300000","4","1","false","63","P1","estimated_rule | single_tier_high_cap | monthly_cap_outlier | not_officially_verified","https://www.samsungcard.com/personal/card/simple-apply/UHPPCA0225M0.jsp?code=AAP1668&alncmpC=QACDMB06&affcode=QACDMB06&BSCPN=BCTS&BSPRG=MNAVERCARD&BSCCN1=MB_%EC%8B%A0%EA%B2%80_AAP1668_taptap%20SHOPPING&utm_campaign=taptap%20SHOPPING&utm_medium=CSA&utm_source=%EB%84%A4%EC%9D%B4%EB%B2%84%20%EC%8B%A0%EC%9A%A9%EC%B9%B4%EB%93%9C%20%EA%B2%80%EC%83%89%20%EB%AA%A8%EB%B0%94%EC%9D%BC&utm_term={query}","taptap SHOPPING 피킹률 | taptap SHOPPING 실제 혜택 | 삼성 taptap SHOPPING 카드 추천"
"naver-card-1292","신한카드 B.Big(삑)","신한","93","1.681","11767","300000","300000","3","1","false","63","P1","estimated_rule | single_tier_high_cap | monthly_cap_outlier | not_officially_verified","https://www.shinhancard.com/pconts/html/card/apply/credit/1187938_2207.html?EntryLoc2=2739&empSeq=501&btnApp=E0F1E3J4&utm_source=naver%5Fcredit&utm_medium=cpc&utm_campaign=online%5Fmobile%5Fbbig","신한카드 B.Big(삑) 피킹률 | 신한카드 B.Big(삑) 실제 혜택 | 신한 신한카드 B.Big(삑) 카드 추천"
"naver-card-10608","무신사 삼성카드","삼성","96","1.610","11267","300000","300000","2","1","false","63","P1","estimated_rule | single_tier_high_cap | monthly_cap_outlier | not_officially_verified","https://www.samsungcard.com/personal/card/simple-apply/UHPPCA0225M0.jsp?code=AAP1911&alncmpC=QACDMB45&affcode=QACDMB45&BSCPN=BCTS&BSPRG=MNAVERCARD&BSCCN1=MB_%EC%8B%A0%EA%B2%80_AAP1911_%EB%AC%B4%EC%8B%A0%EC%82%AC%20%EC%82%BC%EC%84%B1%EC%B9%B4%EB%93%9C_musinsa&utm_campaign=%EB%AC%B4%EC%8B%A0%EC%82%AC%20%EC%82%BC%EC%84%B1%EC%B9%B4%EB%93%9C&utm_medium=naver&utm_source=%EB%84%A4%EC%9D%B4%EB%B2%84%20%EC%8B%A0%EC%9A%A9%EC%B9%B4%EB%93%9C%20%EA%B2%80%EC%83%89%20%EB%AA%A8%EB%B0%94%EC%9D%BC&utm_term={query}","무신사 삼성카드 피킹률 | 무신사 삼성카드 실제 혜택 | 삼성 무신사 삼성카드 카드 추천"
"naver-card-2348","신한카드 경차사랑 Life","신한","113","1.261","8824","300000","300000","1","1","false","63","P1","estimated_rule | single_tier_high_cap | monthly_cap_outlier | not_officially_verified","https://www.shinhancard.com/pconts/html/card/apply/credit/1188377_2207.html?EntryLoc2=2893&empSeq=502&btnApp=VJ1&utm_source=naver_credit&utm_medium=cpc&utm_campaign=online_mobile_smallcar","신한카드 경차사랑 Life 피킹률 | 신한카드 경차사랑 Life 실제 혜택 | 신한 신한카드 경차사랑 Life 카드 추천"
"naver-card-10219","zgm.휴가중카드","NH농협","124","1.131","7917","500000","100000","3","1","false","63","P1","estimated_rule | single_tier_high_cap | monthly_cap_outlier | not_officially_verified","https://card.nonghyup.com/index_cardProd.html?SERVICE_ID=IPCC2021R&NAVIGATE_TYPE=1&cd_wrs_sqno=90010184&FromSite=53","zgm.휴가중카드 피킹률 | zgm.휴가중카드 실제 혜택 | NH농협 zgm.휴가중카드 카드 추천"
"naver-card-115","KB국민 굿데이카드","KB국민","131","0.798","5583","300000","100000","1","1","false","63","P1","estimated_rule | single_tier_high_cap | monthly_cap_outlier | not_officially_verified","https://m.kbcard.com/CRD/DVIEW/MCAMCXHIACRC0002?allianceCode=09061&mainCC=b","KB국민 굿데이카드 피킹률 | KB국민 굿데이카드 실제 혜택 | KB국민 KB국민 굿데이카드 카드 추천"
"naver-card-10489","현대카드M-경차전용카드 Edition2(유류세환급)","현대","132","0.792","5544","300000","120000","2","1","false","63","P1","estimated_rule | single_tier_high_cap | monthly_cap_outlier | not_officially_verified","https://www.hyundaicard.com/cpc/cr/CPCCR0201_01.hc?cardflag=J&cardWcd=MSCRE2&eventCode=NCL5Y","현대카드M-경차전용카드 Edition2(유류세환급) 피킹률 | 현대카드M-경차전용카드 Edition2(유류세환급) 실제 혜택 | 현대 현대카드M-경차전용카드 Edition2(유류세환급) 카드 추천"
"naver-card-10554","BC 바로 ZONE 카드","BC","133","0.774","5417","300000","300000","2","1","false","63","P1","estimated_rule | single_tier_high_cap | monthly_cap_outlier | not_officially_verified","https://app.paybooc.co.kr/ui/appLink?landingId=P0901PG002W&cardPdctCd=104520&incnChnlDv=Mobile&affiCd=R011","BC 바로 ZONE 카드 피킹률 | BC 바로 ZONE 카드 실제 혜택 | BC BC 바로 ZONE 카드 카드 추천"
"naver-card-10543","현대카드M-화물차유가보조금카드","현대","179","0.518","3624","0","300000","2","1","false","63","P1","estimated_rule | single_tier_high_cap | monthly_cap_outlier | not_officially_verified","https://www.hyundaicard.com/cpc/cr/CPCCR0201_01.hc?cardWcd=MLSB","현대카드M-화물차유가보조금카드 피킹률 | 현대카드M-화물차유가보조금카드 실제 혜택 | 현대 현대카드M-화물차유가보조금카드 카드 추천"
"naver-card-10035","신한카드 국민행복","신한","215","0.393","2750","300000","300000","1","1","false","63","P1","estimated_rule | single_tier_high_cap | monthly_cap_outlier | not_officially_verified","https://www.shinhancard.com/pconts/html/card/apply/credit/1200235_2207.html?EntryLoc2=3040&empSeq=1&btnApp=DP013G&utm_source=naver_credit&utm_medium=cpc&utm_campaign=online_khappy","신한카드 국민행복 피킹률 | 신한카드 국민행복 실제 혜택 | 신한 신한카드 국민행복 카드 추천"
"naver-card-10187","zgm.the pay카드","NH농협","232","0.313","2190","0","100000","2","1","false","63","P1","estimated_rule | single_tier_high_cap | monthly_cap_outlier | not_officially_verified","https://card.nonghyup.com/index_cardProd.html?SERVICE_ID=IPCC2021R&NAVIGATE_TYPE=1&cd_wrs_sqno=90010178&FromSite=53","zgm.the pay카드 피킹률 | zgm.the pay카드 실제 혜택 | NH농협 zgm.the pay카드 카드 추천"
"naver-card-10541","현대카드X-화물차유가보조금카드(S-OIL)","현대","259","0.030","210","0","300000","2","1","false","63","P1","estimated_rule | single_tier_high_cap | monthly_cap_outlier | not_officially_verified","https://www.hyundaicard.com/cpc/cr/CPCCR0201_01.hc?cardWcd=LSBSOILX&eventCode=NCL7C","현대카드X-화물차유가보조금카드(S-OIL) 피킹률 | 현대카드X-화물차유가보조금카드(S-OIL) 실제 혜택 | 현대 현대카드X-화물차유가보조금카드(S-OIL) 카드 추천"
"naver-card-10542","현대카드X-화물차유가보조금카드(SK에너지)","현대","260","0.029","200","0","300000","2","1","false","63","P1","estimated_rule | single_tier_high_cap | monthly_cap_outlier | not_officially_verified","https://www.hyundaicard.com/cpc/cr/CPCCR0201_01.hc?cardWcd=LSBSKENX&eventCode=NCL7D","현대카드X-화물차유가보조금카드(SK에너지) 피킹률 | 현대카드X-화물차유가보조금카드(SK에너지) 실제 혜택 | 현대 현대카드X-화물차유가보조금카드(SK에너지) 카드 추천"
"naver-card-10623","카드의정석2 SUPER","우리","265","0.000","0","0","100000","2","1","false","63","P1","estimated_rule | single_tier_high_cap | monthly_cap_outlier | not_officially_verified","https://m.wooricard.com/dcmw/yh1/crd/crd01/M1CRD101S02.do?cdPrdCd=500044&canvasser=88801075&utm_source=naver_cs&utm_medium=cpc&utm_campaign=M_카드섹션&utm_content=%EC%B9%B4%EB%93%9C%EC%9D%98%EC%A0%95%EC%84%9D2%20SUPER","카드의정석2 SUPER 피킹률 | 카드의정석2 SUPER 실제 혜택 | 우리 카드의정석2 SUPER 카드 추천"
"naver-card-10453","롯데멤버스 카드 - 프리미엄","롯데","286","0.000","0","500000","150000","2","1","false","63","P1","estimated_rule | single_tier_high_cap | monthly_cap_outlier | not_officially_verified","http://m.lottecard.co.kr/spa/card/booth?bId=97152&vtCdKndC=P15651-A15651&npayUseYn=Y&utm_source=sa_naver_cs&utm_medium=cpc&utm_campaign=m_card_application&utm_content=2503_members_P_03&utm_term=신용카드","롯데멤버스 카드 - 프리미엄 피킹률 | 롯데멤버스 카드 - 프리미엄 실제 혜택 | 롯데 롯데멤버스 카드 - 프리미엄 카드 추천"
"naver-card-10515","디지로카 Travel 프리미엄","롯데","315","0.000","0","0","100000","3","1","false","63","P1","estimated_rule | single_tier_high_cap | monthly_cap_outlier | not_officially_verified","http://m.lottecard.co.kr/spa/card/booth?bId=101479&vtCdKndC=P15736-A15736&npayUseYn=Y&utm_source=sa_naver_cs&utm_medium=cpc&utm_campaign=m_card_application&utm_content=2507_travelP_01&utm_term=신용카드","디지로카 Travel 프리미엄 피킹률 | 디지로카 Travel 프리미엄 실제 혜택 | 롯데 디지로카 Travel 프리미엄 카드 추천"
"naver-card-10545","힐튼 아너스 아멕스","롯데","329","0.000","0","500000","247000","1","1","false","63","P1","estimated_rule | single_tier_high_cap | monthly_cap_outlier | not_officially_verified","http://m.lottecard.co.kr/spa/card/booth?bId=102597&vtCdKndC=P14733-A14733&npayUseYn=Y&utm_source=sa_naver_cs&utm_medium=cpc&utm_campaign=m_card_application&utm_content=2510_hilton_01&utm_term=신용카드","힐튼 아너스 아멕스 피킹률 | 힐튼 아너스 아멕스 실제 혜택 | 롯데 힐튼 아너스 아멕스 카드 추천"
"naver-card-10535","코웨이 신한카드","신한","348","0.000","0","1500000","300000","1","1","false","63","P1","estimated_rule | single_tier_high_cap | monthly_cap_outlier | not_officially_verified","https://www.shinhancard.com/pconts/html/card/apply/credit/1234723_2207.html?EntryLoc=4450&empSeq=503&utm_source=naver_credit&utm_medium=cpc&utm_campaign=online_mobile_coway","코웨이 신한카드 피킹률 | 코웨이 신한카드 실제 혜택 | 신한 코웨이 신한카드 카드 추천"
"naver-card-10277","LOCA PLATINUM(할인형)","롯데","379","0.000","0","0","100000","10","1","false","63","P1","estimated_rule | single_tier_high_cap | monthly_cap_outlier | not_officially_verified","https://m.lottecard.co.kr/spa/card/booth?bId=88701&vtCdKndC=P13383-A13383&npayUseYn=Y","LOCA PLATINUM(할인형) 피킹률 | LOCA PLATINUM(할인형) 실제 혜택 | 롯데 LOCA PLATINUM(할인형) 카드 추천"
"naver-card-10571","LOCA Biz+","롯데","387","0.000","0","1000000","200000","9","1","false","63","P1","estimated_rule | single_tier_high_cap | monthly_cap_outlier | not_officially_verified","http://m.lottecard.co.kr/spa/card/booth?bId=103748&npayUseYn=Y&vtCdKndC=P15769-A15769&utm_source=sa_naver_cs&utm_medium=cpc&utm_campaign=m_card_application&utm_content=2601_bizplus_01&utm_term=신용카드","LOCA Biz+ 피킹률 | LOCA Biz+ 실제 혜택 | 롯데 LOCA Biz+ 카드 추천"
"naver-card-10479","미미(美米)카드","NH농협","46","3.952","27667","400000","30000","1","1","false","61","P1","estimated_rule | single_tier_high_cap | top_rank_without_external_benchmark | not_officially_verified","https://card.nonghyup.com/index_cardProd.html?SERVICE_ID=IPCC2021R&NAVIGATE_TYPE=1&cd_wrs_sqno=90010543&FromSite=53","미미(美米)카드 피킹률 | 미미(美米)카드 실제 혜택 | NH농협 미미(美米)카드 카드 추천"
"naver-card-10570","LOCA Biz","롯데","47","3.929","27500","500000","30000","9","1","false","61","P1","estimated_rule | single_tier_high_cap | top_rank_without_external_benchmark | not_officially_verified","http://m.lottecard.co.kr/spa/card/booth?bId=103747&vtCdKndC=P15766-A15766&npayUseYn=Y&utm_source=sa_naver_cs&utm_medium=cpc&utm_campaign=m_card_application&utm_content=2601_biz_01&utm_term=신용카드","LOCA Biz 피킹률 | LOCA Biz 실제 혜택 | 롯데 LOCA Biz 카드 추천"
"naver-card-10569","디지로카 Link","롯데","48","3.929","27500","500000","30000","10","1","false","61","P1","estimated_rule | single_tier_high_cap | top_rank_without_external_benchmark | not_officially_verified","http://m.lottecard.co.kr/spa/card/booth?bId=103745&vtCdKndC=P15787-A15787&npayUseYn=Y&utm_source=sa_naver_cs&utm_medium=cpc&utm_campaign=m_card_application&utm_content=2601_link_01&utm_term=신용카드","디지로카 Link 피킹률 | 디지로카 Link 실제 혜택 | 롯데 디지로카 Link 카드 추천"
"naver-card-10313","zgm living카드","NH농협","49","3.690","25833","500000","30000","3","1","false","61","P1","estimated_rule | single_tier_high_cap | top_rank_without_external_benchmark | not_officially_verified","https://card.nonghyup.com/index_cardProd.html?SERVICE_ID=IPCC2021R&NAVIGATE_TYPE=1&cd_wrs_sqno=90010504&FromSite=53","zgm living카드 피킹률 | zgm living카드 실제 혜택 | NH농협 zgm living카드 카드 추천"
"naver-card-10314","zgm shopping카드","NH농협","50","3.690","25833","500000","30000","3","1","false","61","P1","estimated_rule | single_tier_high_cap | top_rank_without_external_benchmark | not_officially_verified","https://card.nonghyup.com/index_cardProd.html?SERVICE_ID=IPCC2021R&NAVIGATE_TYPE=1&cd_wrs_sqno=90010505&FromSite=53","zgm shopping카드 피킹률 | zgm shopping카드 실제 혜택 | NH농협 zgm shopping카드 카드 추천"
