"snapshot_id","card_id","raw_source","raw_url","raw_text_hash","raw_path","exported_at"
"naver-card-10304-raw-1","naver-card-10304","collected_cards_ts","https://m-card-search.naver.com/item?cardAdId=10304","","data/collected-cards.ts","2026-06-11T11:14:42.801Z"
"naver-card-10623-raw-1","naver-card-10623","collected_cards_ts","https://m-card-search.naver.com/item?cardAdId=10623","","data/collected-cards.ts","2026-06-11T11:14:42.801Z"
"naver-card-1530-raw-1","naver-card-1530","collected_cards_ts","https://m-card-search.naver.com/item?cardAdId=1530","","data/collected-cards.ts","2026-06-11T11:14:42.801Z"
"naver-card-10333-raw-1","naver-card-10333","collected_cards_ts","https://m-card-search.naver.com/item?cardAdId=10333","","data/collected-cards.ts","2026-06-11T11:14:42.801Z"
"naver-card-10105-raw-1","naver-card-10105","collected_cards_ts","https://m-card-search.naver.com/item?cardAdId=10105","","data/collected-cards.ts","2026-06-11T11:14:42.801Z"
"naver-card-10615-raw-1","naver-card-10615","collected_cards_ts","https://m-card-search.naver.com/item?cardAdId=10615","","data/collected-cards.ts","2026-06-11T11:14:42.801Z"
"naver-card-10375-raw-1","naver-card-10375","collected_cards_ts","https://m-card-search.naver.com/item?cardAdId=10375","","data/collected-cards.ts","2026-06-11T11:14:42.801Z"
"naver-card-10176-raw-1","naver-card-10176","collected_cards_ts","https://m-card-search.naver.com/item?cardAdId=10176","","data/collected-cards.ts","2026-06-11T11:14:42.801Z"
"naver-card-10141-raw-1","naver-card-10141","collected_cards_ts","https://m-card-search.naver.com/item?cardAdId=10141","","data/collected-cards.ts","2026-06-11T11:14:42.801Z"
"naver-card-10157-raw-1","naver-card-10157","collected_cards_ts","https://m-card-search.naver.com/item?cardAdId=10157","","data/collected-cards.ts","2026-06-11T11:14:42.801Z"
"naver-card-10307-raw-1","naver-card-10307","collected_cards_ts","https://m-card-search.naver.com/item?cardAdId=10307","","data/collected-cards.ts","2026-06-11T11:14:42.801Z"
"naver-card-1531-raw-1","naver-card-1531","collected_cards_ts","https://m-card-search.naver.com/item?cardAdId=1531","","data/collected-cards.ts","2026-06-11T11:14:42.801Z"
"naver-card-10309-raw-1","naver-card-10309","collected_cards_ts","https://m-card-search.naver.com/item?cardAdId=10309","","data/collected-cards.ts","2026-06-11T11:14:42.801Z"
"naver-card-10452-raw-1","naver-card-10452","collected_cards_ts","https://m-card-search.naver.com/item?cardAdId=10452","","data/collected-cards.ts","2026-06-11T11:14:42.801Z"
"naver-card-10522-raw-1","naver-card-10522","collected_cards_ts","https://m-card-search.naver.com/item?cardAdId=10522","","data/collected-cards.ts","2026-06-11T11:14:42.801Z"
"naver-card-10332-raw-1","naver-card-10332","collected_cards_ts","https://m-card-search.naver.com/item?cardAdId=10332","","data/collected-cards.ts","2026-06-11T11:14:42.801Z"
"naver-card-10102-raw-1","naver-card-10102","collected_cards_ts","https://m-card-search.naver.com/item?cardAdId=10102","","data/collected-cards.ts","2026-06-11T11:14:42.801Z"
"naver-card-1294-raw-1","naver-card-1294","collected_cards_ts","https://m-card-search.naver.com/item?cardAdId=1294","","data/collected-cards.ts","2026-06-11T11:14:42.801Z"
"naver-card-10343-raw-1","naver-card-10343","collected_cards_ts","https://m-card-search.naver.com/item?cardAdId=10343","","data/collected-cards.ts","2026-06-11T11:14:42.801Z"
"naver-card-1684-raw-1","naver-card-1684","collected_cards_ts","https://m-card-search.naver.com/item?cardAdId=1684","","data/collected-cards.ts","2026-06-11T11:14:42.801Z"
"naver-card-10310-raw-1","naver-card-10310","collected_cards_ts","https://m-card-search.naver.com/item?cardAdId=10310","","data/collected-cards.ts","2026-06-11T11:14:42.801Z"
"naver-card-10216-raw-1","naver-card-10216","collected_cards_ts","https://m-card-search.naver.com/item?cardAdId=10216","","data/collected-cards.ts","2026-06-11T11:14:42.801Z"
"naver-card-115-raw-1","naver-card-115","collected_cards_ts","https://m-card-search.naver.com/item?cardAdId=115","","data/collected-cards.ts","2026-06-11T11:14:42.801Z"
"naver-card-1408-raw-1","naver-card-1408","collected_cards_ts","https://m-card-search.naver.com/item?cardAdId=1408","","data/collected-cards.ts","2026-06-11T11:14:42.801Z"
"naver-card-10611-raw-1","naver-card-10611","collected_cards_ts","https://m-card-search.naver.com/item?cardAdId=10611","","data/collected-cards.ts","2026-06-11T11:14:42.801Z"
"naver-card-10612-raw-1","naver-card-10612","collected_cards_ts","https://m-card-search.naver.com/item?cardAdId=10612","","data/collected-cards.ts","2026-06-11T11:14:42.801Z"
"naver-card-10358-raw-1","naver-card-10358","collected_cards_ts","https://m-card-search.naver.com/item?cardAdId=10358","","data/collected-cards.ts","2026-06-11T11:14:42.801Z"
"naver-card-2337-raw-1","naver-card-2337","collected_cards_ts","https://m-card-search.naver.com/item?cardAdId=2337","","data/collected-cards.ts","2026-06-11T11:14:42.801Z"
"naver-card-10286-raw-1","naver-card-10286","collected_cards_ts","https://m-card-search.naver.com/item?cardAdId=10286","","data/collected-cards.ts","2026-06-11T11:14:42.801Z"
"naver-card-10616-raw-1","naver-card-10616","collected_cards_ts","https://m-card-search.naver.com/item?cardAdId=10616","","data/collected-cards.ts","2026-06-11T11:14:42.801Z"
"naver-card-10303-raw-1","naver-card-10303","collected_cards_ts","https://m-card-search.naver.com/item?cardAdId=10303","","data/collected-cards.ts","2026-06-11T11:14:42.801Z"
"naver-card-1322-raw-1","naver-card-1322","collected_cards_ts","https://m-card-search.naver.com/item?cardAdId=1322","","data/collected-cards.ts","2026-06-11T11:14:42.801Z"
"naver-card-10218-raw-1","naver-card-10218","collected_cards_ts","https://m-card-search.naver.com/item?cardAdId=10218","","data/collected-cards.ts","2026-06-11T11:14:42.801Z"
"naver-card-10045-raw-1","naver-card-10045","collected_cards_ts","https://m-card-search.naver.com/item?cardAdId=10045","","data/collected-cards.ts","2026-06-11T11:14:42.801Z"
"naver-card-10108-raw-1","naver-card-10108","collected_cards_ts","https://m-card-search.naver.com/item?cardAdId=10108","","data/collected-cards.ts","2026-06-11T11:14:42.801Z"
"naver-card-277-raw-1","naver-card-277","collected_cards_ts","https://m-card-search.naver.com/item?cardAdId=277","","data/collected-cards.ts","2026-06-11T11:14:42.801Z"
"naver-card-1571-raw-1","naver-card-1571","collected_cards_ts","https://m-card-search.naver.com/item?cardAdId=1571","","data/collected-cards.ts","2026-06-11T11:14:42.801Z"
"naver-card-2776-raw-1","naver-card-2776","collected_cards_ts","https://m-card-search.naver.com/item?cardAdId=2776","","data/collected-cards.ts","2026-06-11T11:14:42.801Z"
"naver-card-10126-raw-1","naver-card-10126","collected_cards_ts","https://m-card-search.naver.com/item?cardAdId=10126","","data/collected-cards.ts","2026-06-11T11:14:42.801Z"
"naver-card-10238-raw-1","naver-card-10238","collected_cards_ts","https://m-card-search.naver.com/item?cardAdId=10238","","data/collected-cards.ts","2026-06-11T11:14:42.801Z"
"naver-card-2676-raw-1","naver-card-2676","collected_cards_ts","https://m-card-search.naver.com/item?cardAdId=2676","","data/collected-cards.ts","2026-06-11T11:14:42.801Z"
"naver-card-1465-raw-1","naver-card-1465","collected_cards_ts","https://m-card-search.naver.com/item?cardAdId=1465","","data/collected-cards.ts","2026-06-11T11:14:42.801Z"
"naver-card-10103-raw-1","naver-card-10103","collected_cards_ts","https://m-card-search.naver.com/item?cardAdId=10103","","data/collected-cards.ts","2026-06-11T11:14:42.801Z"
"naver-card-3881-raw-1","naver-card-3881","collected_cards_ts","https://m-card-search.naver.com/item?cardAdId=3881","","data/collected-cards.ts","2026-06-11T11:14:42.801Z"
"naver-card-10328-raw-1","naver-card-10328","collected_cards_ts","https://m-card-search.naver.com/item?cardAdId=10328","","data/collected-cards.ts","2026-06-11T11:14:42.801Z"
"naver-card-10406-raw-1","naver-card-10406","collected_cards_ts","https://m-card-search.naver.com/item?cardAdId=10406","","data/collected-cards.ts","2026-06-11T11:14:42.801Z"
"naver-card-10355-raw-1","naver-card-10355","collected_cards_ts","https://m-card-search.naver.com/item?cardAdId=10355","","data/collected-cards.ts","2026-06-11T11:14:42.801Z"
"naver-card-10256-raw-1","naver-card-10256","collected_cards_ts","https://m-card-search.naver.com/item?cardAdId=10256","","data/collected-cards.ts","2026-06-11T11:14:42.801Z"
"naver-card-10589-raw-1","naver-card-10589","collected_cards_ts","https://m-card-search.naver.com/item?cardAdId=10589","","data/collected-cards.ts","2026-06-11T11:14:42.801Z"
"naver-card-10451-raw-1","naver-card-10451","collected_cards_ts","https://m-card-search.naver.com/item?cardAdId=10451","","data/collected-cards.ts","2026-06-11T11:14:42.801Z"
"naver-card-10268-raw-1","naver-card-10268","collected_cards_ts","https://m-card-search.naver.com/item?cardAdId=10268","","data/collected-cards.ts","2026-06-11T11:14:42.801Z"
"naver-card-10463-raw-1","naver-card-10463","collected_cards_ts","https://m-card-search.naver.com/item?cardAdId=10463","","data/collected-cards.ts","2026-06-11T11:14:42.801Z"
"naver-card-10236-raw-1","naver-card-10236","collected_cards_ts","https://m-card-search.naver.com/item?cardAdId=10236","","data/collected-cards.ts","2026-06-11T11:14:42.801Z"
"naver-card-10592-raw-1","naver-card-10592","collected_cards_ts","https://m-card-search.naver.com/item?cardAdId=10592","","data/collected-cards.ts","2026-06-11T11:14:42.801Z"
"naver-card-3896-raw-1","naver-card-3896","collected_cards_ts","https://m-card-search.naver.com/item?cardAdId=3896","","data/collected-cards.ts","2026-06-11T11:14:42.801Z"
"naver-card-10049-raw-1","naver-card-10049","collected_cards_ts","https://m-card-search.naver.com/item?cardAdId=10049","","data/collected-cards.ts","2026-06-11T11:14:42.801Z"
"naver-card-10590-raw-1","naver-card-10590","collected_cards_ts","https://m-card-search.naver.com/item?cardAdId=10590","","data/collected-cards.ts","2026-06-11T11:14:42.801Z"
"naver-card-10450-raw-1","naver-card-10450","collected_cards_ts","https://m-card-search.naver.com/item?cardAdId=10450","","data/collected-cards.ts","2026-06-11T11:14:42.801Z"
"naver-card-10235-raw-1","naver-card-10235","collected_cards_ts","https://m-card-search.naver.com/item?cardAdId=10235","","data/collected-cards.ts","2026-06-11T11:14:42.801Z"
"naver-card-10568-raw-1","naver-card-10568","collected_cards_ts","https://m-card-search.naver.com/item?cardAdId=10568","","data/collected-cards.ts","2026-06-11T11:14:42.801Z"
"naver-card-10579-raw-1","naver-card-10579","collected_cards_ts","https://m-card-search.naver.com/item?cardAdId=10579","","data/collected-cards.ts","2026-06-11T11:14:42.801Z"
"naver-card-10184-raw-1","naver-card-10184","collected_cards_ts","https://m-card-search.naver.com/item?cardAdId=10184","","data/collected-cards.ts","2026-06-11T11:14:42.801Z"
"naver-card-3878-raw-1","naver-card-3878","collected_cards_ts","https://m-card-search.naver.com/item?cardAdId=3878","","data/collected-cards.ts","2026-06-11T11:14:42.801Z"
"naver-card-10349-raw-1","naver-card-10349","collected_cards_ts","https://m-card-search.naver.com/item?cardAdId=10349","","data/collected-cards.ts","2026-06-11T11:14:42.801Z"
"naver-card-10311-raw-1","naver-card-10311","collected_cards_ts","https://m-card-search.naver.com/item?cardAdId=10311","","data/collected-cards.ts","2026-06-11T11:14:42.801Z"
"naver-card-3857-raw-1","naver-card-3857","collected_cards_ts","https://m-card-search.naver.com/item?cardAdId=3857","","data/collected-cards.ts","2026-06-11T11:14:42.801Z"
"naver-card-10550-raw-1","naver-card-10550","collected_cards_ts","https://m-card-search.naver.com/item?cardAdId=10550","","data/collected-cards.ts","2026-06-11T11:14:42.801Z"
"naver-card-10315-raw-1","naver-card-10315","collected_cards_ts","https://m-card-search.naver.com/item?cardAdId=10315","","data/collected-cards.ts","2026-06-11T11:14:42.801Z"
"naver-card-10480-raw-1","naver-card-10480","collected_cards_ts","https://m-card-search.naver.com/item?cardAdId=10480","","data/collected-cards.ts","2026-06-11T11:14:42.801Z"
"naver-card-10237-raw-1","naver-card-10237","collected_cards_ts","https://m-card-search.naver.com/item?cardAdId=10237","","data/collected-cards.ts","2026-06-11T11:14:42.801Z"
"naver-card-10523-raw-1","naver-card-10523","collected_cards_ts","https://m-card-search.naver.com/item?cardAdId=10523","","data/collected-cards.ts","2026-06-11T11:14:42.801Z"
"naver-card-10462-raw-1","naver-card-10462","collected_cards_ts","https://m-card-search.naver.com/item?cardAdId=10462","","data/collected-cards.ts","2026-06-11T11:14:42.801Z"
"naver-card-247-raw-1","naver-card-247","collected_cards_ts","https://m-card-search.naver.com/item?cardAdId=247","","data/collected-cards.ts","2026-06-11T11:14:42.801Z"
"naver-card-4047-raw-1","naver-card-4047","collected_cards_ts","https://m-card-search.naver.com/item?cardAdId=4047","","data/collected-cards.ts","2026-06-11T11:14:42.801Z"
"naver-card-10596-raw-1","naver-card-10596","collected_cards_ts","https://m-card-search.naver.com/item?cardAdId=10596","","data/collected-cards.ts","2026-06-11T11:14:42.801Z"
"naver-card-1695-raw-1","naver-card-1695","collected_cards_ts","https://m-card-search.naver.com/item?cardAdId=1695","","data/collected-cards.ts","2026-06-11T11:14:42.801Z"
"naver-card-10284-raw-1","naver-card-10284","collected_cards_ts","https://m-card-search.naver.com/item?cardAdId=10284","","data/collected-cards.ts","2026-06-11T11:14:42.801Z"
"naver-card-10552-raw-1","naver-card-10552","collected_cards_ts","https://m-card-search.naver.com/item?cardAdId=10552","","data/collected-cards.ts","2026-06-11T11:14:42.801Z"
"naver-card-10071-raw-1","naver-card-10071","collected_cards_ts","https://m-card-search.naver.com/item?cardAdId=10071","","data/collected-cards.ts","2026-06-11T11:14:42.801Z"
"naver-card-3959-raw-1","naver-card-3959","collected_cards_ts","https://m-card-search.naver.com/item?cardAdId=3959","","data/collected-cards.ts","2026-06-11T11:14:42.801Z"
"naver-card-10593-raw-1","naver-card-10593","collected_cards_ts","https://m-card-search.naver.com/item?cardAdId=10593","","data/collected-cards.ts","2026-06-11T11:14:42.801Z"
"naver-card-10512-raw-1","naver-card-10512","collected_cards_ts","https://m-card-search.naver.com/item?cardAdId=10512","","data/collected-cards.ts","2026-06-11T11:14:42.801Z"
"naver-card-10511-raw-1","naver-card-10511","collected_cards_ts","https://m-card-search.naver.com/item?cardAdId=10511","","data/collected-cards.ts","2026-06-11T11:14:42.801Z"
"naver-card-10554-raw-1","naver-card-10554","collected_cards_ts","https://m-card-search.naver.com/item?cardAdId=10554","","data/collected-cards.ts","2026-06-11T11:14:42.801Z"
"naver-card-10454-raw-1","naver-card-10454","collected_cards_ts","https://m-card-search.naver.com/item?cardAdId=10454","","data/collected-cards.ts","2026-06-11T11:14:42.801Z"
"naver-card-3856-raw-1","naver-card-3856","collected_cards_ts","https://m-card-search.naver.com/item?cardAdId=3856","","data/collected-cards.ts","2026-06-11T11:14:42.801Z"
"naver-card-10536-raw-1","naver-card-10536","collected_cards_ts","https://m-card-search.naver.com/item?cardAdId=10536","","data/collected-cards.ts","2026-06-11T11:14:42.801Z"
"naver-card-10106-raw-1","naver-card-10106","collected_cards_ts","https://m-card-search.naver.com/item?cardAdId=10106","","data/collected-cards.ts","2026-06-11T11:14:42.801Z"
"naver-card-10391-raw-1","naver-card-10391","collected_cards_ts","https://m-card-search.naver.com/item?cardAdId=10391","","data/collected-cards.ts","2026-06-11T11:14:42.801Z"
"naver-card-10600-raw-1","naver-card-10600","collected_cards_ts","https://m-card-search.naver.com/item?cardAdId=10600","","data/collected-cards.ts","2026-06-11T11:14:42.801Z"
"naver-card-10267-raw-1","naver-card-10267","collected_cards_ts","https://m-card-search.naver.com/item?cardAdId=10267","","data/collected-cards.ts","2026-06-11T11:14:42.801Z"
"naver-card-10376-raw-1","naver-card-10376","collected_cards_ts","https://m-card-search.naver.com/item?cardAdId=10376","","data/collected-cards.ts","2026-06-11T11:14:42.801Z"
"naver-card-10344-raw-1","naver-card-10344","collected_cards_ts","https://m-card-search.naver.com/item?cardAdId=10344","","data/collected-cards.ts","2026-06-11T11:14:42.801Z"
"naver-card-10553-raw-1","naver-card-10553","collected_cards_ts","https://m-card-search.naver.com/item?cardAdId=10553","","data/collected-cards.ts","2026-06-11T11:14:42.801Z"
"naver-card-10492-raw-1","naver-card-10492","collected_cards_ts","https://m-card-search.naver.com/item?cardAdId=10492","","data/collected-cards.ts","2026-06-11T11:14:42.801Z"
"naver-card-2226-raw-1","naver-card-2226","collected_cards_ts","https://m-card-search.naver.com/item?cardAdId=2226","","data/collected-cards.ts","2026-06-11T11:14:42.801Z"
"naver-card-10107-raw-1","naver-card-10107","collected_cards_ts","https://m-card-search.naver.com/item?cardAdId=10107","","data/collected-cards.ts","2026-06-11T11:14:42.801Z"
"naver-card-10348-raw-1","naver-card-10348","collected_cards_ts","https://m-card-search.naver.com/item?cardAdId=10348","","data/collected-cards.ts","2026-06-11T11:14:42.801Z"
"naver-card-10504-raw-1","naver-card-10504","collected_cards_ts","https://m-card-search.naver.com/item?cardAdId=10504","","data/collected-cards.ts","2026-06-11T11:14:42.801Z"
"naver-card-10039-raw-1","naver-card-10039","collected_cards_ts","https://m-card-search.naver.com/item?cardAdId=10039","","data/collected-cards.ts","2026-06-11T11:14:42.801Z"
"naver-card-10338-raw-1","naver-card-10338","collected_cards_ts","https://m-card-search.naver.com/item?cardAdId=10338","","data/collected-cards.ts","2026-06-11T11:14:42.801Z"
"naver-card-10403-raw-1","naver-card-10403","collected_cards_ts","https://m-card-search.naver.com/item?cardAdId=10403","","data/collected-cards.ts","2026-06-11T11:14:42.801Z"
"naver-card-10514-raw-1","naver-card-10514","collected_cards_ts","https://m-card-search.naver.com/item?cardAdId=10514","","data/collected-cards.ts","2026-06-11T11:14:42.801Z"
"naver-card-10509-raw-1","naver-card-10509","collected_cards_ts","https://m-card-search.naver.com/item?cardAdId=10509","","data/collected-cards.ts","2026-06-11T11:14:42.801Z"
"naver-card-10130-raw-1","naver-card-10130","collected_cards_ts","https://m-card-search.naver.com/item?cardAdId=10130","","data/collected-cards.ts","2026-06-11T11:14:42.801Z"
"naver-card-10323-raw-1","naver-card-10323","collected_cards_ts","https://m-card-search.naver.com/item?cardAdId=10323","","data/collected-cards.ts","2026-06-11T11:14:42.801Z"
"naver-card-10347-raw-1","naver-card-10347","collected_cards_ts","https://m-card-search.naver.com/item?cardAdId=10347","","data/collected-cards.ts","2026-06-11T11:14:42.801Z"
"naver-card-10601-raw-1","naver-card-10601","collected_cards_ts","https://m-card-search.naver.com/item?cardAdId=10601","","data/collected-cards.ts","2026-06-11T11:14:42.801Z"
"naver-card-10134-raw-1","naver-card-10134","collected_cards_ts","https://m-card-search.naver.com/item?cardAdId=10134","","data/collected-cards.ts","2026-06-11T11:14:42.801Z"
"naver-card-10357-raw-1","naver-card-10357","collected_cards_ts","https://m-card-search.naver.com/item?cardAdId=10357","","data/collected-cards.ts","2026-06-11T11:14:42.801Z"
"naver-card-10317-raw-1","naver-card-10317","collected_cards_ts","https://m-card-search.naver.com/item?cardAdId=10317","","data/collected-cards.ts","2026-06-11T11:14:42.801Z"
"naver-card-10354-raw-1","naver-card-10354","collected_cards_ts","https://m-card-search.naver.com/item?cardAdId=10354","","data/collected-cards.ts","2026-06-11T11:14:42.801Z"
"naver-card-10337-raw-1","naver-card-10337","collected_cards_ts","https://m-card-search.naver.com/item?cardAdId=10337","","data/collected-cards.ts","2026-06-11T11:14:42.801Z"
"naver-card-10169-raw-1","naver-card-10169","collected_cards_ts","https://m-card-search.naver.com/item?cardAdId=10169","","data/collected-cards.ts","2026-06-11T11:14:42.801Z"
"naver-card-10340-raw-1","naver-card-10340","collected_cards_ts","https://m-card-search.naver.com/item?cardAdId=10340","","data/collected-cards.ts","2026-06-11T11:14:42.801Z"
"naver-card-10485-raw-1","naver-card-10485","collected_cards_ts","https://m-card-search.naver.com/item?cardAdId=10485","","data/collected-cards.ts","2026-06-11T11:14:42.801Z"
"naver-card-10334-raw-1","naver-card-10334","collected_cards_ts","https://m-card-search.naver.com/item?cardAdId=10334","","data/collected-cards.ts","2026-06-11T11:14:42.801Z"
"naver-card-10502-raw-1","naver-card-10502","collected_cards_ts","https://m-card-search.naver.com/item?cardAdId=10502","","data/collected-cards.ts","2026-06-11T11:14:42.801Z"
"naver-card-10534-raw-1","naver-card-10534","collected_cards_ts","https://m-card-search.naver.com/item?cardAdId=10534","","data/collected-cards.ts","2026-06-11T11:14:42.801Z"
"naver-card-10497-raw-1","naver-card-10497","collected_cards_ts","https://m-card-search.naver.com/item?cardAdId=10497","","data/collected-cards.ts","2026-06-11T11:14:42.801Z"
"naver-card-10580-raw-1","naver-card-10580","collected_cards_ts","https://m-card-search.naver.com/item?cardAdId=10580","","data/collected-cards.ts","2026-06-11T11:14:42.801Z"
"naver-card-10398-raw-1","naver-card-10398","collected_cards_ts","https://m-card-search.naver.com/item?cardAdId=10398","","data/collected-cards.ts","2026-06-11T11:14:42.801Z"
"naver-card-10428-raw-1","naver-card-10428","collected_cards_ts","https://m-card-search.naver.com/item?cardAdId=10428","","data/collected-cards.ts","2026-06-11T11:14:42.801Z"
"naver-card-10447-raw-1","naver-card-10447","collected_cards_ts","https://m-card-search.naver.com/item?cardAdId=10447","","data/collected-cards.ts","2026-06-11T11:14:42.801Z"
"naver-card-10540-raw-1","naver-card-10540","collected_cards_ts","https://m-card-search.naver.com/item?cardAdId=10540","","data/collected-cards.ts","2026-06-11T11:14:42.801Z"
"naver-card-10321-raw-1","naver-card-10321","collected_cards_ts","https://m-card-search.naver.com/item?cardAdId=10321","","data/collected-cards.ts","2026-06-11T11:14:42.801Z"
"naver-card-10538-raw-1","naver-card-10538","collected_cards_ts","https://m-card-search.naver.com/item?cardAdId=10538","","data/collected-cards.ts","2026-06-11T11:14:42.801Z"
"naver-card-1360-raw-1","naver-card-1360","collected_cards_ts","https://m-card-search.naver.com/item?cardAdId=1360","","data/collected-cards.ts","2026-06-11T11:14:42.801Z"
"naver-card-10424-raw-1","naver-card-10424","collected_cards_ts","https://m-card-search.naver.com/item?cardAdId=10424","","data/collected-cards.ts","2026-06-11T11:14:42.801Z"
"naver-card-10353-raw-1","naver-card-10353","collected_cards_ts","https://m-card-search.naver.com/item?cardAdId=10353","","data/collected-cards.ts","2026-06-11T11:14:42.801Z"
"naver-card-10335-raw-1","naver-card-10335","collected_cards_ts","https://m-card-search.naver.com/item?cardAdId=10335","","data/collected-cards.ts","2026-06-11T11:14:42.801Z"
"naver-card-10531-raw-1","naver-card-10531","collected_cards_ts","https://m-card-search.naver.com/item?cardAdId=10531","","data/collected-cards.ts","2026-06-11T11:14:42.801Z"
"naver-card-10533-raw-1","naver-card-10533","collected_cards_ts","https://m-card-search.naver.com/item?cardAdId=10533","","data/collected-cards.ts","2026-06-11T11:14:42.801Z"
"naver-card-10503-raw-1","naver-card-10503","collected_cards_ts","https://m-card-search.naver.com/item?cardAdId=10503","","data/collected-cards.ts","2026-06-11T11:14:42.801Z"
"naver-card-10532-raw-1","naver-card-10532","collected_cards_ts","https://m-card-search.naver.com/item?cardAdId=10532","","data/collected-cards.ts","2026-06-11T11:14:42.801Z"
"naver-card-10440-raw-1","naver-card-10440","collected_cards_ts","https://m-card-search.naver.com/item?cardAdId=10440","","data/collected-cards.ts","2026-06-11T11:14:42.801Z"
"naver-card-10266-raw-1","naver-card-10266","collected_cards_ts","https://m-card-search.naver.com/item?cardAdId=10266","","data/collected-cards.ts","2026-06-11T11:14:42.801Z"
"naver-card-10413-raw-1","naver-card-10413","collected_cards_ts","https://m-card-search.naver.com/item?cardAdId=10413","","data/collected-cards.ts","2026-06-11T11:14:42.801Z"
"naver-card-10490-raw-1","naver-card-10490","collected_cards_ts","https://m-card-search.naver.com/item?cardAdId=10490","","data/collected-cards.ts","2026-06-11T11:14:42.801Z"
"naver-card-1573-raw-1","naver-card-1573","collected_cards_ts","https://m-card-search.naver.com/item?cardAdId=1573","","data/collected-cards.ts","2026-06-11T11:14:42.801Z"
"naver-card-10291-raw-1","naver-card-10291","collected_cards_ts","https://m-card-search.naver.com/item?cardAdId=10291","","data/collected-cards.ts","2026-06-11T11:14:42.801Z"
"naver-card-10444-raw-1","naver-card-10444","collected_cards_ts","https://m-card-search.naver.com/item?cardAdId=10444","","data/collected-cards.ts","2026-06-11T11:14:42.801Z"
"naver-card-1715-raw-1","naver-card-1715","collected_cards_ts","https://m-card-search.naver.com/item?cardAdId=1715","","data/collected-cards.ts","2026-06-11T11:14:42.801Z"
"naver-card-1889-raw-1","naver-card-1889","collected_cards_ts","https://m-card-search.naver.com/item?cardAdId=1889","","data/collected-cards.ts","2026-06-11T11:14:42.801Z"
"naver-card-1340-raw-1","naver-card-1340","collected_cards_ts","https://m-card-search.naver.com/item?cardAdId=1340","","data/collected-cards.ts","2026-06-11T11:14:42.801Z"
"naver-card-10389-raw-1","naver-card-10389","collected_cards_ts","https://m-card-search.naver.com/item?cardAdId=10389","","data/collected-cards.ts","2026-06-11T11:14:42.801Z"
"naver-card-10232-raw-1","naver-card-10232","collected_cards_ts","https://m-card-search.naver.com/item?cardAdId=10232","","data/collected-cards.ts","2026-06-11T11:14:42.801Z"
"naver-card-10591-raw-1","naver-card-10591","collected_cards_ts","https://m-card-search.naver.com/item?cardAdId=10591","","data/collected-cards.ts","2026-06-11T11:14:42.801Z"
"naver-card-2345-raw-1","naver-card-2345","collected_cards_ts","https://m-card-search.naver.com/item?cardAdId=2345","","data/collected-cards.ts","2026-06-11T11:14:42.801Z"
"naver-card-1337-raw-1","naver-card-1337","collected_cards_ts","https://m-card-search.naver.com/item?cardAdId=1337","","data/collected-cards.ts","2026-06-11T11:14:42.801Z"
"naver-card-10194-raw-1","naver-card-10194","collected_cards_ts","https://m-card-search.naver.com/item?cardAdId=10194","","data/collected-cards.ts","2026-06-11T11:14:42.801Z"
"naver-card-2348-raw-1","naver-card-2348","collected_cards_ts","https://m-card-search.naver.com/item?cardAdId=2348","","data/collected-cards.ts","2026-06-11T11:14:42.801Z"
"naver-card-10265-raw-1","naver-card-10265","collected_cards_ts","https://m-card-search.naver.com/item?cardAdId=10265","","data/collected-cards.ts","2026-06-11T11:14:42.801Z"
"naver-card-10594-raw-1","naver-card-10594","collected_cards_ts","https://m-card-search.naver.com/item?cardAdId=10594","","data/collected-cards.ts","2026-06-11T11:14:42.801Z"
"naver-card-10614-raw-1","naver-card-10614","collected_cards_ts","https://m-card-search.naver.com/item?cardAdId=10614","","data/collected-cards.ts","2026-06-11T11:14:42.801Z"
"naver-card-10557-raw-1","naver-card-10557","collected_cards_ts","https://m-card-search.naver.com/item?cardAdId=10557","","data/collected-cards.ts","2026-06-11T11:14:42.801Z"
"naver-card-10524-raw-1","naver-card-10524","collected_cards_ts","https://m-card-search.naver.com/item?cardAdId=10524","","data/collected-cards.ts","2026-06-11T11:14:42.801Z"
"naver-card-10316-raw-1","naver-card-10316","collected_cards_ts","https://m-card-search.naver.com/item?cardAdId=10316","","data/collected-cards.ts","2026-06-11T11:14:42.801Z"
"naver-card-10639-raw-1","naver-card-10639","collected_cards_ts","https://m-card-search.naver.com/item?cardAdId=10639","","data/collected-cards.ts","2026-06-11T11:14:42.801Z"
"naver-card-10501-raw-1","naver-card-10501","collected_cards_ts","https://m-card-search.naver.com/item?cardAdId=10501","","data/collected-cards.ts","2026-06-11T11:14:42.801Z"
"naver-card-10613-raw-1","naver-card-10613","collected_cards_ts","https://m-card-search.naver.com/item?cardAdId=10613","","data/collected-cards.ts","2026-06-11T11:14:42.801Z"
"naver-card-10299-raw-1","naver-card-10299","collected_cards_ts","https://m-card-search.naver.com/item?cardAdId=10299","","data/collected-cards.ts","2026-06-11T11:14:42.801Z"
"naver-card-10597-raw-1","naver-card-10597","collected_cards_ts","https://m-card-search.naver.com/item?cardAdId=10597","","data/collected-cards.ts","2026-06-11T11:14:42.801Z"
"naver-card-10486-raw-1","naver-card-10486","collected_cards_ts","https://m-card-search.naver.com/item?cardAdId=10486","","data/collected-cards.ts","2026-06-11T11:14:42.801Z"
"naver-card-1312-raw-1","naver-card-1312","collected_cards_ts","https://m-card-search.naver.com/item?cardAdId=1312","","data/collected-cards.ts","2026-06-11T11:14:42.801Z"
"naver-card-10610-raw-1","naver-card-10610","collected_cards_ts","https://m-card-search.naver.com/item?cardAdId=10610","","data/collected-cards.ts","2026-06-11T11:14:42.801Z"
"naver-card-10516-raw-1","naver-card-10516","collected_cards_ts","https://m-card-search.naver.com/item?cardAdId=10516","","data/collected-cards.ts","2026-06-11T11:14:42.801Z"
"naver-card-10035-raw-1","naver-card-10035","collected_cards_ts","https://m-card-search.naver.com/item?cardAdId=10035","","data/collected-cards.ts","2026-06-11T11:14:42.801Z"
"naver-card-10320-raw-1","naver-card-10320","collected_cards_ts","https://m-card-search.naver.com/item?cardAdId=10320","","data/collected-cards.ts","2026-06-11T11:14:42.801Z"
"naver-card-10558-raw-1","naver-card-10558","collected_cards_ts","https://m-card-search.naver.com/item?cardAdId=10558","","data/collected-cards.ts","2026-06-11T11:14:42.801Z"
"naver-card-10530-raw-1","naver-card-10530","collected_cards_ts","https://m-card-search.naver.com/item?cardAdId=10530","","data/collected-cards.ts","2026-06-11T11:14:42.801Z"
"naver-card-10359-raw-1","naver-card-10359","collected_cards_ts","https://m-card-search.naver.com/item?cardAdId=10359","","data/collected-cards.ts","2026-06-11T11:14:42.801Z"
"naver-card-10395-raw-1","naver-card-10395","collected_cards_ts","https://m-card-search.naver.com/item?cardAdId=10395","","data/collected-cards.ts","2026-06-11T11:14:42.801Z"
"naver-card-710-raw-1","naver-card-710","collected_cards_ts","https://m-card-search.naver.com/item?cardAdId=710","","data/collected-cards.ts","2026-06-11T11:14:42.801Z"
"naver-card-10414-raw-1","naver-card-10414","collected_cards_ts","https://m-card-search.naver.com/item?cardAdId=10414","","data/collected-cards.ts","2026-06-11T11:14:42.801Z"
"naver-card-2332-raw-1","naver-card-2332","collected_cards_ts","https://m-card-search.naver.com/item?cardAdId=2332","","data/collected-cards.ts","2026-06-11T11:14:42.801Z"
"naver-card-10642-raw-1","naver-card-10642","collected_cards_ts","https://m-card-search.naver.com/item?cardAdId=10642","","data/collected-cards.ts","2026-06-11T11:14:42.801Z"
"naver-card-10515-raw-1","naver-card-10515","collected_cards_ts","https://m-card-search.naver.com/item?cardAdId=10515","","data/collected-cards.ts","2026-06-11T11:14:42.801Z"
"naver-card-10544-raw-1","naver-card-10544","collected_cards_ts","https://m-card-search.naver.com/item?cardAdId=10544","","data/collected-cards.ts","2026-06-11T11:14:42.801Z"
"naver-card-10585-raw-1","naver-card-10585","collected_cards_ts","https://m-card-search.naver.com/item?cardAdId=10585","","data/collected-cards.ts","2026-06-11T11:14:42.801Z"
"naver-card-10566-raw-1","naver-card-10566","collected_cards_ts","https://m-card-search.naver.com/item?cardAdId=10566","","data/collected-cards.ts","2026-06-11T11:14:42.801Z"
"naver-card-10411-raw-1","naver-card-10411","collected_cards_ts","https://m-card-search.naver.com/item?cardAdId=10411","","data/collected-cards.ts","2026-06-11T11:14:42.801Z"
"naver-card-2612-raw-1","naver-card-2612","collected_cards_ts","https://m-card-search.naver.com/item?cardAdId=2612","","data/collected-cards.ts","2026-06-11T11:14:42.801Z"
"naver-card-99-raw-1","naver-card-99","collected_cards_ts","https://m-card-search.naver.com/item?cardAdId=99","","data/collected-cards.ts","2026-06-11T11:14:42.801Z"
"naver-card-10412-raw-1","naver-card-10412","collected_cards_ts","https://m-card-search.naver.com/item?cardAdId=10412","","data/collected-cards.ts","2026-06-11T11:14:42.801Z"
"naver-card-10529-raw-1","naver-card-10529","collected_cards_ts","https://m-card-search.naver.com/item?cardAdId=10529","","data/collected-cards.ts","2026-06-11T11:14:42.801Z"
"naver-card-10339-raw-1","naver-card-10339","collected_cards_ts","https://m-card-search.naver.com/item?cardAdId=10339","","data/collected-cards.ts","2026-06-11T11:14:42.801Z"
"naver-card-10478-raw-1","naver-card-10478","collected_cards_ts","https://m-card-search.naver.com/item?cardAdId=10478","","data/collected-cards.ts","2026-06-11T11:14:42.801Z"
"naver-card-10302-raw-1","naver-card-10302","collected_cards_ts","https://m-card-search.naver.com/item?cardAdId=10302","","data/collected-cards.ts","2026-06-11T11:14:42.801Z"
"naver-card-3717-raw-1","naver-card-3717","collected_cards_ts","https://m-card-search.naver.com/item?cardAdId=3717","","data/collected-cards.ts","2026-06-11T11:14:42.801Z"
"naver-card-1692-raw-1","naver-card-1692","collected_cards_ts","https://m-card-search.naver.com/item?cardAdId=1692","","data/collected-cards.ts","2026-06-11T11:14:42.801Z"
"naver-card-3638-raw-1","naver-card-3638","collected_cards_ts","https://m-card-search.naver.com/item?cardAdId=3638","","data/collected-cards.ts","2026-06-11T11:14:42.801Z"
"naver-card-10499-raw-1","naver-card-10499","collected_cards_ts","https://m-card-search.naver.com/item?cardAdId=10499","","data/collected-cards.ts","2026-06-11T11:14:42.801Z"
"naver-card-2856-raw-1","naver-card-2856","collected_cards_ts","https://m-card-search.naver.com/item?cardAdId=2856","","data/collected-cards.ts","2026-06-11T11:14:42.801Z"
"naver-card-2857-raw-1","naver-card-2857","collected_cards_ts","https://m-card-search.naver.com/item?cardAdId=2857","","data/collected-cards.ts","2026-06-11T11:14:42.801Z"
"naver-card-1451-raw-1","naver-card-1451","collected_cards_ts","https://m-card-search.naver.com/item?cardAdId=1451","","data/collected-cards.ts","2026-06-11T11:14:42.801Z"
"naver-card-10336-raw-1","naver-card-10336","collected_cards_ts","https://m-card-search.naver.com/item?cardAdId=10336","","data/collected-cards.ts","2026-06-11T11:14:42.801Z"
"naver-card-10498-raw-1","naver-card-10498","collected_cards_ts","https://m-card-search.naver.com/item?cardAdId=10498","","data/collected-cards.ts","2026-06-11T11:14:42.801Z"
"naver-card-10058-raw-1","naver-card-10058","collected_cards_ts","https://m-card-search.naver.com/item?cardAdId=10058","","data/collected-cards.ts","2026-06-11T11:14:42.801Z"
"naver-card-10453-raw-1","naver-card-10453","collected_cards_ts","https://m-card-search.naver.com/item?cardAdId=10453","","data/collected-cards.ts","2026-06-11T11:14:42.801Z"
"naver-card-10448-raw-1","naver-card-10448","collected_cards_ts","https://m-card-search.naver.com/item?cardAdId=10448","","data/collected-cards.ts","2026-06-11T11:14:42.801Z"
"naver-card-10301-raw-1","naver-card-10301","collected_cards_ts","https://m-card-search.naver.com/item?cardAdId=10301","","data/collected-cards.ts","2026-06-11T11:14:42.801Z"
"naver-card-3076-raw-1","naver-card-3076","collected_cards_ts","https://m-card-search.naver.com/item?cardAdId=3076","","data/collected-cards.ts","2026-06-11T11:14:42.801Z"
"naver-card-10475-raw-1","naver-card-10475","collected_cards_ts","https://m-card-search.naver.com/item?cardAdId=10475","","data/collected-cards.ts","2026-06-11T11:14:42.801Z"
"naver-card-10620-raw-1","naver-card-10620","collected_cards_ts","https://m-card-search.naver.com/item?cardAdId=10620","","data/collected-cards.ts","2026-06-11T11:14:42.801Z"
"naver-card-10422-raw-1","naver-card-10422","collected_cards_ts","https://m-card-search.naver.com/item?cardAdId=10422","","data/collected-cards.ts","2026-06-11T11:14:42.801Z"
"naver-card-10459-raw-1","naver-card-10459","collected_cards_ts","https://m-card-search.naver.com/item?cardAdId=10459","","data/collected-cards.ts","2026-06-11T11:14:42.801Z"
"naver-card-10460-raw-1","naver-card-10460","collected_cards_ts","https://m-card-search.naver.com/item?cardAdId=10460","","data/collected-cards.ts","2026-06-11T11:14:42.801Z"
"naver-card-10466-raw-1","naver-card-10466","collected_cards_ts","https://m-card-search.naver.com/item?cardAdId=10466","","data/collected-cards.ts","2026-06-11T11:14:42.801Z"
"naver-card-10481-raw-1","naver-card-10481","collected_cards_ts","https://m-card-search.naver.com/item?cardAdId=10481","","data/collected-cards.ts","2026-06-11T11:14:42.801Z"
"naver-card-10449-raw-1","naver-card-10449","collected_cards_ts","https://m-card-search.naver.com/item?cardAdId=10449","","data/collected-cards.ts","2026-06-11T11:14:42.801Z"
"naver-card-10461-raw-1","naver-card-10461","collected_cards_ts","https://m-card-search.naver.com/item?cardAdId=10461","","data/collected-cards.ts","2026-06-11T11:14:42.801Z"
"naver-card-10510-raw-1","naver-card-10510","collected_cards_ts","https://m-card-search.naver.com/item?cardAdId=10510","","data/collected-cards.ts","2026-06-11T11:14:42.801Z"
"naver-card-835-raw-1","naver-card-835","collected_cards_ts","https://m-card-search.naver.com/item?cardAdId=835","","data/collected-cards.ts","2026-06-11T11:14:42.801Z"
"naver-card-1470-raw-1","naver-card-1470","collected_cards_ts","https://m-card-search.naver.com/item?cardAdId=1470","","data/collected-cards.ts","2026-06-11T11:14:42.801Z"
"naver-card-10386-raw-1","naver-card-10386","collected_cards_ts","https://m-card-search.naver.com/item?cardAdId=10386","","data/collected-cards.ts","2026-06-11T11:14:42.801Z"
"naver-card-10489-raw-1","naver-card-10489","collected_cards_ts","https://m-card-search.naver.com/item?cardAdId=10489","","data/collected-cards.ts","2026-06-11T11:14:42.801Z"
"naver-card-10574-raw-1","naver-card-10574","collected_cards_ts","https://m-card-search.naver.com/item?cardAdId=10574","","data/collected-cards.ts","2026-06-11T11:14:42.801Z"
"naver-card-10423-raw-1","naver-card-10423","collected_cards_ts","https://m-card-search.naver.com/item?cardAdId=10423","","data/collected-cards.ts","2026-06-11T11:14:42.801Z"
"naver-card-10627-raw-1","naver-card-10627","collected_cards_ts","https://m-card-search.naver.com/item?cardAdId=10627","","data/collected-cards.ts","2026-06-11T11:14:42.801Z"
"naver-card-10570-raw-1","naver-card-10570","collected_cards_ts","https://m-card-search.naver.com/item?cardAdId=10570","","data/collected-cards.ts","2026-06-11T11:14:42.801Z"
"naver-card-10569-raw-1","naver-card-10569","collected_cards_ts","https://m-card-search.naver.com/item?cardAdId=10569","","data/collected-cards.ts","2026-06-11T11:14:42.801Z"
"naver-card-10059-raw-1","naver-card-10059","collected_cards_ts","https://m-card-search.naver.com/item?cardAdId=10059","","data/collected-cards.ts","2026-06-11T11:14:42.801Z"
"naver-card-10619-raw-1","naver-card-10619","collected_cards_ts","https://m-card-search.naver.com/item?cardAdId=10619","","data/collected-cards.ts","2026-06-11T11:14:42.801Z"
"naver-card-10371-raw-1","naver-card-10371","collected_cards_ts","https://m-card-search.naver.com/item?cardAdId=10371","","data/collected-cards.ts","2026-06-11T11:14:42.801Z"
"naver-card-10628-raw-1","naver-card-10628","collected_cards_ts","https://m-card-search.naver.com/item?cardAdId=10628","","data/collected-cards.ts","2026-06-11T11:14:42.801Z"
"naver-card-2533-raw-1","naver-card-2533","collected_cards_ts","https://m-card-search.naver.com/item?cardAdId=2533","","data/collected-cards.ts","2026-06-11T11:14:42.801Z"
"naver-card-10053-raw-1","naver-card-10053","collected_cards_ts","https://m-card-search.naver.com/item?cardAdId=10053","","data/collected-cards.ts","2026-06-11T11:14:42.801Z"
"naver-card-1591-raw-1","naver-card-1591","collected_cards_ts","https://m-card-search.naver.com/item?cardAdId=1591","","data/collected-cards.ts","2026-06-11T11:14:42.801Z"
"naver-card-10609-raw-1","naver-card-10609","collected_cards_ts","https://m-card-search.naver.com/item?cardAdId=10609","","data/collected-cards.ts","2026-06-11T11:14:42.801Z"
"naver-card-10469-raw-1","naver-card-10469","collected_cards_ts","https://m-card-search.naver.com/item?cardAdId=10469","","data/collected-cards.ts","2026-06-11T11:14:42.801Z"
"naver-card-10416-raw-1","naver-card-10416","collected_cards_ts","https://m-card-search.naver.com/item?cardAdId=10416","","data/collected-cards.ts","2026-06-11T11:14:42.801Z"
"naver-card-1570-raw-1","naver-card-1570","collected_cards_ts","https://m-card-search.naver.com/item?cardAdId=1570","","data/collected-cards.ts","2026-06-11T11:14:42.801Z"
"naver-card-3756-raw-1","naver-card-3756","collected_cards_ts","https://m-card-search.naver.com/item?cardAdId=3756","","data/collected-cards.ts","2026-06-11T11:14:42.801Z"
"naver-card-10467-raw-1","naver-card-10467","collected_cards_ts","https://m-card-search.naver.com/item?cardAdId=10467","","data/collected-cards.ts","2026-06-11T11:14:42.801Z"
"naver-card-10402-raw-1","naver-card-10402","collected_cards_ts","https://m-card-search.naver.com/item?cardAdId=10402","","data/collected-cards.ts","2026-06-11T11:14:42.801Z"
"naver-card-10080-raw-1","naver-card-10080","collected_cards_ts","https://m-card-search.naver.com/item?cardAdId=10080","","data/collected-cards.ts","2026-06-11T11:14:42.801Z"
"naver-card-10493-raw-1","naver-card-10493","collected_cards_ts","https://m-card-search.naver.com/item?cardAdId=10493","","data/collected-cards.ts","2026-06-11T11:14:42.801Z"
"naver-card-10151-raw-1","naver-card-10151","collected_cards_ts","https://m-card-search.naver.com/item?cardAdId=10151","","data/collected-cards.ts","2026-06-11T11:14:42.801Z"
"naver-card-10207-raw-1","naver-card-10207","collected_cards_ts","https://m-card-search.naver.com/item?cardAdId=10207","","data/collected-cards.ts","2026-06-11T11:14:42.801Z"
"naver-card-10313-raw-1","naver-card-10313","collected_cards_ts","https://m-card-search.naver.com/item?cardAdId=10313","","data/collected-cards.ts","2026-06-11T11:14:42.801Z"
"naver-card-10327-raw-1","naver-card-10327","collected_cards_ts","https://m-card-search.naver.com/item?cardAdId=10327","","data/collected-cards.ts","2026-06-11T11:14:42.801Z"
"naver-card-10260-raw-1","naver-card-10260","collected_cards_ts","https://m-card-search.naver.com/item?cardAdId=10260","","data/collected-cards.ts","2026-06-11T11:14:42.801Z"
"naver-card-10187-raw-1","naver-card-10187","collected_cards_ts","https://m-card-search.naver.com/item?cardAdId=10187","","data/collected-cards.ts","2026-06-11T11:14:42.801Z"
"naver-card-10584-raw-1","naver-card-10584","collected_cards_ts","https://m-card-search.naver.com/item?cardAdId=10584","","data/collected-cards.ts","2026-06-11T11:14:42.801Z"
"naver-card-10409-raw-1","naver-card-10409","collected_cards_ts","https://m-card-search.naver.com/item?cardAdId=10409","","data/collected-cards.ts","2026-06-11T11:14:42.801Z"
"naver-card-1292-raw-1","naver-card-1292","collected_cards_ts","https://m-card-search.naver.com/item?cardAdId=1292","","data/collected-cards.ts","2026-06-11T11:14:42.801Z"
"naver-card-10201-raw-1","naver-card-10201","collected_cards_ts","https://m-card-search.naver.com/item?cardAdId=10201","","data/collected-cards.ts","2026-06-11T11:14:42.801Z"
"naver-card-10617-raw-1","naver-card-10617","collected_cards_ts","https://m-card-search.naver.com/item?cardAdId=10617","","data/collected-cards.ts","2026-06-11T11:14:42.801Z"
"naver-card-10410-raw-1","naver-card-10410","collected_cards_ts","https://m-card-search.naver.com/item?cardAdId=10410","","data/collected-cards.ts","2026-06-11T11:14:42.801Z"
"naver-card-10396-raw-1","naver-card-10396","collected_cards_ts","https://m-card-search.naver.com/item?cardAdId=10396","","data/collected-cards.ts","2026-06-11T11:14:42.801Z"
"naver-card-10506-raw-1","naver-card-10506","collected_cards_ts","https://m-card-search.naver.com/item?cardAdId=10506","","data/collected-cards.ts","2026-06-11T11:14:42.801Z"
"naver-card-10535-raw-1","naver-card-10535","collected_cards_ts","https://m-card-search.naver.com/item?cardAdId=10535","","data/collected-cards.ts","2026-06-11T11:14:42.801Z"
"naver-card-10346-raw-1","naver-card-10346","collected_cards_ts","https://m-card-search.naver.com/item?cardAdId=10346","","data/collected-cards.ts","2026-06-11T11:14:42.801Z"
"naver-card-10378-raw-1","naver-card-10378","collected_cards_ts","https://m-card-search.naver.com/item?cardAdId=10378","","data/collected-cards.ts","2026-06-11T11:14:42.801Z"
"naver-card-10128-raw-1","naver-card-10128","collected_cards_ts","https://m-card-search.naver.com/item?cardAdId=10128","","data/collected-cards.ts","2026-06-11T11:14:42.801Z"
"naver-card-10491-raw-1","naver-card-10491","collected_cards_ts","https://m-card-search.naver.com/item?cardAdId=10491","","data/collected-cards.ts","2026-06-11T11:14:42.801Z"
"naver-card-10385-raw-1","naver-card-10385","collected_cards_ts","https://m-card-search.naver.com/item?cardAdId=10385","","data/collected-cards.ts","2026-06-11T11:14:42.801Z"
"naver-card-10479-raw-1","naver-card-10479","collected_cards_ts","https://m-card-search.naver.com/item?cardAdId=10479","","data/collected-cards.ts","2026-06-11T11:14:42.801Z"
"naver-card-10314-raw-1","naver-card-10314","collected_cards_ts","https://m-card-search.naver.com/item?cardAdId=10314","","data/collected-cards.ts","2026-06-11T11:14:42.801Z"
"naver-card-1400-raw-1","naver-card-1400","collected_cards_ts","https://m-card-search.naver.com/item?cardAdId=1400","","data/collected-cards.ts","2026-06-11T11:14:42.801Z"
"naver-card-10465-raw-1","naver-card-10465","collected_cards_ts","https://m-card-search.naver.com/item?cardAdId=10465","","data/collected-cards.ts","2026-06-11T11:14:42.801Z"
"naver-card-10373-raw-1","naver-card-10373","collected_cards_ts","https://m-card-search.naver.com/item?cardAdId=10373","","data/collected-cards.ts","2026-06-11T11:14:42.801Z"
"naver-card-10219-raw-1","naver-card-10219","collected_cards_ts","https://m-card-search.naver.com/item?cardAdId=10219","","data/collected-cards.ts","2026-06-11T11:14:42.801Z"
"naver-card-10076-raw-1","naver-card-10076","collected_cards_ts","https://m-card-search.naver.com/item?cardAdId=10076","","data/collected-cards.ts","2026-06-11T11:14:42.801Z"
"naver-card-10507-raw-1","naver-card-10507","collected_cards_ts","https://m-card-search.naver.com/item?cardAdId=10507","","data/collected-cards.ts","2026-06-11T11:14:42.801Z"
"naver-card-10455-raw-1","naver-card-10455","collected_cards_ts","https://m-card-search.naver.com/item?cardAdId=10455","","data/collected-cards.ts","2026-06-11T11:14:42.801Z"
"naver-card-10622-raw-1","naver-card-10622","collected_cards_ts","https://m-card-search.naver.com/item?cardAdId=10622","","data/collected-cards.ts","2026-06-11T11:14:42.801Z"
"naver-card-10394-raw-1","naver-card-10394","collected_cards_ts","https://m-card-search.naver.com/item?cardAdId=10394","","data/collected-cards.ts","2026-06-11T11:14:42.801Z"
"naver-card-10500-raw-1","naver-card-10500","collected_cards_ts","https://m-card-search.naver.com/item?cardAdId=10500","","data/collected-cards.ts","2026-06-11T11:14:42.801Z"
"naver-card-1614-raw-1","naver-card-1614","collected_cards_ts","https://m-card-search.naver.com/item?cardAdId=1614","","data/collected-cards.ts","2026-06-11T11:14:42.801Z"
"naver-card-10400-raw-1","naver-card-10400","collected_cards_ts","https://m-card-search.naver.com/item?cardAdId=10400","","data/collected-cards.ts","2026-06-11T11:14:42.801Z"
"naver-card-10573-raw-1","naver-card-10573","collected_cards_ts","https://m-card-search.naver.com/item?cardAdId=10573","","data/collected-cards.ts","2026-06-11T11:14:42.801Z"
"naver-card-10441-raw-1","naver-card-10441","collected_cards_ts","https://m-card-search.naver.com/item?cardAdId=10441","","data/collected-cards.ts","2026-06-11T11:14:42.801Z"
"naver-card-10350-raw-1","naver-card-10350","collected_cards_ts","https://m-card-search.naver.com/item?cardAdId=10350","","data/collected-cards.ts","2026-06-11T11:14:42.801Z"
"naver-card-10528-raw-1","naver-card-10528","collected_cards_ts","https://m-card-search.naver.com/item?cardAdId=10528","","data/collected-cards.ts","2026-06-11T11:14:42.801Z"
"naver-card-10401-raw-1","naver-card-10401","collected_cards_ts","https://m-card-search.naver.com/item?cardAdId=10401","","data/collected-cards.ts","2026-06-11T11:14:42.801Z"
"naver-card-2487-raw-1","naver-card-2487","collected_cards_ts","https://m-card-search.naver.com/item?cardAdId=2487","","data/collected-cards.ts","2026-06-11T11:14:42.801Z"
"naver-card-10562-raw-1","naver-card-10562","collected_cards_ts","https://m-card-search.naver.com/item?cardAdId=10562","","data/collected-cards.ts","2026-06-11T11:14:42.801Z"
"naver-card-10189-raw-1","naver-card-10189","collected_cards_ts","https://m-card-search.naver.com/item?cardAdId=10189","","data/collected-cards.ts","2026-06-11T11:14:42.801Z"
"naver-card-10399-raw-1","naver-card-10399","collected_cards_ts","https://m-card-search.naver.com/item?cardAdId=10399","","data/collected-cards.ts","2026-06-11T11:14:42.801Z"
"naver-card-10420-raw-1","naver-card-10420","collected_cards_ts","https://m-card-search.naver.com/item?cardAdId=10420","","data/collected-cards.ts","2026-06-11T11:14:42.801Z"
"naver-card-10565-raw-1","naver-card-10565","collected_cards_ts","https://m-card-search.naver.com/item?cardAdId=10565","","data/collected-cards.ts","2026-06-11T11:14:42.801Z"
"naver-card-10362-raw-1","naver-card-10362","collected_cards_ts","https://m-card-search.naver.com/item?cardAdId=10362","","data/collected-cards.ts","2026-06-11T11:14:42.801Z"
"naver-card-10608-raw-1","naver-card-10608","collected_cards_ts","https://m-card-search.naver.com/item?cardAdId=10608","","data/collected-cards.ts","2026-06-11T11:14:42.801Z"
"naver-card-1243-raw-1","naver-card-1243","collected_cards_ts","https://m-card-search.naver.com/item?cardAdId=1243","","data/collected-cards.ts","2026-06-11T11:14:42.801Z"
"naver-card-10384-raw-1","naver-card-10384","collected_cards_ts","https://m-card-search.naver.com/item?cardAdId=10384","","data/collected-cards.ts","2026-06-11T11:14:42.801Z"
"naver-card-10581-raw-1","naver-card-10581","collected_cards_ts","https://m-card-search.naver.com/item?cardAdId=10581","","data/collected-cards.ts","2026-06-11T11:14:42.801Z"
"naver-card-2418-raw-1","naver-card-2418","collected_cards_ts","https://m-card-search.naver.com/item?cardAdId=2418","","data/collected-cards.ts","2026-06-11T11:14:42.801Z"
"naver-card-10518-raw-1","naver-card-10518","collected_cards_ts","https://m-card-search.naver.com/item?cardAdId=10518","","data/collected-cards.ts","2026-06-11T11:14:42.801Z"
"naver-card-10225-raw-1","naver-card-10225","collected_cards_ts","https://m-card-search.naver.com/item?cardAdId=10225","","data/collected-cards.ts","2026-06-11T11:14:42.801Z"
"naver-card-10618-raw-1","naver-card-10618","collected_cards_ts","https://m-card-search.naver.com/item?cardAdId=10618","","data/collected-cards.ts","2026-06-11T11:14:42.801Z"
"naver-card-10186-raw-1","naver-card-10186","collected_cards_ts","https://m-card-search.naver.com/item?cardAdId=10186","","data/collected-cards.ts","2026-06-11T11:14:42.801Z"
"naver-card-10297-raw-1","naver-card-10297","collected_cards_ts","https://m-card-search.naver.com/item?cardAdId=10297","","data/collected-cards.ts","2026-06-11T11:14:42.801Z"
"naver-card-10262-raw-1","naver-card-10262","collected_cards_ts","https://m-card-search.naver.com/item?cardAdId=10262","","data/collected-cards.ts","2026-06-11T11:14:42.801Z"
"naver-card-2349-raw-1","naver-card-2349","collected_cards_ts","https://m-card-search.naver.com/item?cardAdId=2349","","data/collected-cards.ts","2026-06-11T11:14:42.801Z"
"naver-card-10223-raw-1","naver-card-10223","collected_cards_ts","https://m-card-search.naver.com/item?cardAdId=10223","","data/collected-cards.ts","2026-06-11T11:14:42.801Z"
"naver-card-652-raw-1","naver-card-652","collected_cards_ts","https://m-card-search.naver.com/item?cardAdId=652","","data/collected-cards.ts","2026-06-11T11:14:42.801Z"
"naver-card-10160-raw-1","naver-card-10160","collected_cards_ts","https://m-card-search.naver.com/item?cardAdId=10160","","data/collected-cards.ts","2026-06-11T11:14:42.801Z"
"naver-card-3996-raw-1","naver-card-3996","collected_cards_ts","https://m-card-search.naver.com/item?cardAdId=3996","","data/collected-cards.ts","2026-06-11T11:14:42.801Z"
"naver-card-10436-raw-1","naver-card-10436","collected_cards_ts","https://m-card-search.naver.com/item?cardAdId=10436","","data/collected-cards.ts","2026-06-11T11:14:42.801Z"
"naver-card-10625-raw-1","naver-card-10625","collected_cards_ts","https://m-card-search.naver.com/item?cardAdId=10625","","data/collected-cards.ts","2026-06-11T11:14:42.801Z"
"naver-card-10361-raw-1","naver-card-10361","collected_cards_ts","https://m-card-search.naver.com/item?cardAdId=10361","","data/collected-cards.ts","2026-06-11T11:14:42.801Z"
"naver-card-10607-raw-1","naver-card-10607","collected_cards_ts","https://m-card-search.naver.com/item?cardAdId=10607","","data/collected-cards.ts","2026-06-11T11:14:42.801Z"
"naver-card-10525-raw-1","naver-card-10525","collected_cards_ts","https://m-card-search.naver.com/item?cardAdId=10525","","data/collected-cards.ts","2026-06-11T11:14:42.801Z"
"naver-card-10488-raw-1","naver-card-10488","collected_cards_ts","https://m-card-search.naver.com/item?cardAdId=10488","","data/collected-cards.ts","2026-06-11T11:14:42.801Z"
"naver-card-10636-raw-1","naver-card-10636","collected_cards_ts","https://m-card-search.naver.com/item?cardAdId=10636","","data/collected-cards.ts","2026-06-11T11:14:42.801Z"
"naver-card-10637-raw-1","naver-card-10637","collected_cards_ts","https://m-card-search.naver.com/item?cardAdId=10637","","data/collected-cards.ts","2026-06-11T11:14:42.801Z"
"naver-card-10638-raw-1","naver-card-10638","collected_cards_ts","https://m-card-search.naver.com/item?cardAdId=10638","","data/collected-cards.ts","2026-06-11T11:14:42.801Z"
"naver-card-10640-raw-1","naver-card-10640","collected_cards_ts","https://m-card-search.naver.com/item?cardAdId=10640","","data/collected-cards.ts","2026-06-11T11:14:42.801Z"
"naver-card-3777-raw-1","naver-card-3777","collected_cards_ts","https://m-card-search.naver.com/item?cardAdId=3777","","data/collected-cards.ts","2026-06-11T11:14:42.801Z"
"naver-card-3776-raw-1","naver-card-3776","collected_cards_ts","https://m-card-search.naver.com/item?cardAdId=3776","","data/collected-cards.ts","2026-06-11T11:14:42.801Z"
"naver-card-10383-raw-1","naver-card-10383","collected_cards_ts","https://m-card-search.naver.com/item?cardAdId=10383","","data/collected-cards.ts","2026-06-11T11:14:42.801Z"
"naver-card-10289-raw-1","naver-card-10289","collected_cards_ts","https://m-card-search.naver.com/item?cardAdId=10289","","data/collected-cards.ts","2026-06-11T11:14:42.801Z"
"naver-card-10442-raw-1","naver-card-10442","collected_cards_ts","https://m-card-search.naver.com/item?cardAdId=10442","","data/collected-cards.ts","2026-06-11T11:14:42.801Z"
"naver-card-3055-raw-1","naver-card-3055","collected_cards_ts","https://m-card-search.naver.com/item?cardAdId=3055","","data/collected-cards.ts","2026-06-11T11:14:42.801Z"
"naver-card-10363-raw-1","naver-card-10363","collected_cards_ts","https://m-card-search.naver.com/item?cardAdId=10363","","data/collected-cards.ts","2026-06-11T11:14:42.801Z"
"naver-card-3257-raw-1","naver-card-3257","collected_cards_ts","https://m-card-search.naver.com/item?cardAdId=3257","","data/collected-cards.ts","2026-06-11T11:14:42.801Z"
"naver-card-2206-raw-1","naver-card-2206","collected_cards_ts","https://m-card-search.naver.com/item?cardAdId=2206","","data/collected-cards.ts","2026-06-11T11:14:42.801Z"
"naver-card-10464-raw-1","naver-card-10464","collected_cards_ts","https://m-card-search.naver.com/item?cardAdId=10464","","data/collected-cards.ts","2026-06-11T11:14:42.801Z"
"naver-card-10456-raw-1","naver-card-10456","collected_cards_ts","https://m-card-search.naver.com/item?cardAdId=10456","","data/collected-cards.ts","2026-06-11T11:14:42.801Z"
"naver-card-10388-raw-1","naver-card-10388","collected_cards_ts","https://m-card-search.naver.com/item?cardAdId=10388","","data/collected-cards.ts","2026-06-11T11:14:42.801Z"
"naver-card-10564-raw-1","naver-card-10564","collected_cards_ts","https://m-card-search.naver.com/item?cardAdId=10564","","data/collected-cards.ts","2026-06-11T11:14:42.801Z"
"naver-card-10308-raw-1","naver-card-10308","collected_cards_ts","https://m-card-search.naver.com/item?cardAdId=10308","","data/collected-cards.ts","2026-06-11T11:14:42.801Z"
"naver-card-10421-raw-1","naver-card-10421","collected_cards_ts","https://m-card-search.naver.com/item?cardAdId=10421","","data/collected-cards.ts","2026-06-11T11:14:42.801Z"
"naver-card-10226-raw-1","naver-card-10226","collected_cards_ts","https://m-card-search.naver.com/item?cardAdId=10226","","data/collected-cards.ts","2026-06-11T11:14:42.801Z"
"naver-card-10429-raw-1","naver-card-10429","collected_cards_ts","https://m-card-search.naver.com/item?cardAdId=10429","","data/collected-cards.ts","2026-06-11T11:14:42.801Z"
"naver-card-10582-raw-1","naver-card-10582","collected_cards_ts","https://m-card-search.naver.com/item?cardAdId=10582","","data/collected-cards.ts","2026-06-11T11:14:42.801Z"
"naver-card-10517-raw-1","naver-card-10517","collected_cards_ts","https://m-card-search.naver.com/item?cardAdId=10517","","data/collected-cards.ts","2026-06-11T11:14:42.801Z"
"naver-card-10390-raw-1","naver-card-10390","collected_cards_ts","https://m-card-search.naver.com/item?cardAdId=10390","","data/collected-cards.ts","2026-06-11T11:14:42.801Z"
"naver-card-10372-raw-1","naver-card-10372","collected_cards_ts","https://m-card-search.naver.com/item?cardAdId=10372","","data/collected-cards.ts","2026-06-11T11:14:42.801Z"
"naver-card-10264-raw-1","naver-card-10264","collected_cards_ts","https://m-card-search.naver.com/item?cardAdId=10264","","data/collected-cards.ts","2026-06-11T11:14:42.801Z"
"naver-card-10621-raw-1","naver-card-10621","collected_cards_ts","https://m-card-search.naver.com/item?cardAdId=10621","","data/collected-cards.ts","2026-06-11T11:14:42.801Z"
"naver-card-10624-raw-1","naver-card-10624","collected_cards_ts","https://m-card-search.naver.com/item?cardAdId=10624","","data/collected-cards.ts","2026-06-11T11:14:42.801Z"
"naver-card-10496-raw-1","naver-card-10496","collected_cards_ts","https://m-card-search.naver.com/item?cardAdId=10496","","data/collected-cards.ts","2026-06-11T11:14:42.801Z"
"naver-card-2886-raw-1","naver-card-2886","collected_cards_ts","https://m-card-search.naver.com/item?cardAdId=2886","","data/collected-cards.ts","2026-06-11T11:14:42.801Z"
"naver-card-10287-raw-1","naver-card-10287","collected_cards_ts","https://m-card-search.naver.com/item?cardAdId=10287","","data/collected-cards.ts","2026-06-11T11:14:42.801Z"
"naver-card-10033-raw-1","naver-card-10033","collected_cards_ts","https://m-card-search.naver.com/item?cardAdId=10033","","data/collected-cards.ts","2026-06-11T11:14:42.801Z"
"naver-card-10556-raw-1","naver-card-10556","collected_cards_ts","https://m-card-search.naver.com/item?cardAdId=10556","","data/collected-cards.ts","2026-06-11T11:14:42.801Z"
"naver-card-10405-raw-1","naver-card-10405","collected_cards_ts","https://m-card-search.naver.com/item?cardAdId=10405","","data/collected-cards.ts","2026-06-11T11:14:42.801Z"
"naver-card-2757-raw-1","naver-card-2757","collected_cards_ts","https://m-card-search.naver.com/item?cardAdId=2757","","data/collected-cards.ts","2026-06-11T11:14:42.801Z"
"naver-card-3958-raw-1","naver-card-3958","collected_cards_ts","https://m-card-search.naver.com/item?cardAdId=3958","","data/collected-cards.ts","2026-06-11T11:14:42.801Z"
"naver-card-10369-raw-1","naver-card-10369","collected_cards_ts","https://m-card-search.naver.com/item?cardAdId=10369","","data/collected-cards.ts","2026-06-11T11:14:42.801Z"
"naver-card-10325-raw-1","naver-card-10325","collected_cards_ts","https://m-card-search.naver.com/item?cardAdId=10325","","data/collected-cards.ts","2026-06-11T11:14:42.801Z"
"naver-card-10545-raw-1","naver-card-10545","collected_cards_ts","https://m-card-search.naver.com/item?cardAdId=10545","","data/collected-cards.ts","2026-06-11T11:14:42.801Z"
"naver-card-1597-raw-1","naver-card-1597","collected_cards_ts","https://m-card-search.naver.com/item?cardAdId=1597","","data/collected-cards.ts","2026-06-11T11:14:42.801Z"
"naver-card-10563-raw-1","naver-card-10563","collected_cards_ts","https://m-card-search.naver.com/item?cardAdId=10563","","data/collected-cards.ts","2026-06-11T11:14:42.801Z"
"naver-card-10634-raw-1","naver-card-10634","collected_cards_ts","https://m-card-search.naver.com/item?cardAdId=10634","","data/collected-cards.ts","2026-06-11T11:14:42.801Z"
"naver-card-10576-raw-1","naver-card-10576","collected_cards_ts","https://m-card-search.naver.com/item?cardAdId=10576","","data/collected-cards.ts","2026-06-11T11:14:42.801Z"
"naver-card-10549-raw-1","naver-card-10549","collected_cards_ts","https://m-card-search.naver.com/item?cardAdId=10549","","data/collected-cards.ts","2026-06-11T11:14:42.801Z"
"naver-card-10306-raw-1","naver-card-10306","collected_cards_ts","https://m-card-search.naver.com/item?cardAdId=10306","","data/collected-cards.ts","2026-06-11T11:14:42.801Z"
"naver-card-10294-raw-1","naver-card-10294","collected_cards_ts","https://m-card-search.naver.com/item?cardAdId=10294","","data/collected-cards.ts","2026-06-11T11:14:42.801Z"
"naver-card-10527-raw-1","naver-card-10527","collected_cards_ts","https://m-card-search.naver.com/item?cardAdId=10527","","data/collected-cards.ts","2026-06-11T11:14:42.801Z"
"naver-card-10513-raw-1","naver-card-10513","collected_cards_ts","https://m-card-search.naver.com/item?cardAdId=10513","","data/collected-cards.ts","2026-06-11T11:14:42.801Z"
"naver-card-10578-raw-1","naver-card-10578","collected_cards_ts","https://m-card-search.naver.com/item?cardAdId=10578","","data/collected-cards.ts","2026-06-11T11:14:42.801Z"
"naver-card-1773-raw-1","naver-card-1773","collected_cards_ts","https://m-card-search.naver.com/item?cardAdId=1773","","data/collected-cards.ts","2026-06-11T11:14:42.801Z"
"naver-card-10305-raw-1","naver-card-10305","collected_cards_ts","https://m-card-search.naver.com/item?cardAdId=10305","","data/collected-cards.ts","2026-06-11T11:14:42.801Z"
"naver-card-10567-raw-1","naver-card-10567","collected_cards_ts","https://m-card-search.naver.com/item?cardAdId=10567","","data/collected-cards.ts","2026-06-11T11:14:42.801Z"
"naver-card-10555-raw-1","naver-card-10555","collected_cards_ts","https://m-card-search.naver.com/item?cardAdId=10555","","data/collected-cards.ts","2026-06-11T11:14:42.801Z"
"naver-card-10277-raw-1","naver-card-10277","collected_cards_ts","https://m-card-search.naver.com/item?cardAdId=10277","","data/collected-cards.ts","2026-06-11T11:14:42.801Z"
"naver-card-10505-raw-1","naver-card-10505","collected_cards_ts","https://m-card-search.naver.com/item?cardAdId=10505","","data/collected-cards.ts","2026-06-11T11:14:42.801Z"
"naver-card-10577-raw-1","naver-card-10577","collected_cards_ts","https://m-card-search.naver.com/item?cardAdId=10577","","data/collected-cards.ts","2026-06-11T11:14:42.801Z"
"naver-card-10241-raw-1","naver-card-10241","collected_cards_ts","https://m-card-search.naver.com/item?cardAdId=10241","","data/collected-cards.ts","2026-06-11T11:14:42.801Z"
"naver-card-10438-raw-1","naver-card-10438","collected_cards_ts","https://m-card-search.naver.com/item?cardAdId=10438","","data/collected-cards.ts","2026-06-11T11:14:42.801Z"
"naver-card-10029-raw-1","naver-card-10029","collected_cards_ts","https://m-card-search.naver.com/item?cardAdId=10029","","data/collected-cards.ts","2026-06-11T11:14:42.801Z"
"naver-card-10477-raw-1","naver-card-10477","collected_cards_ts","https://m-card-search.naver.com/item?cardAdId=10477","","data/collected-cards.ts","2026-06-11T11:14:42.801Z"
"naver-card-10211-raw-1","naver-card-10211","collected_cards_ts","https://m-card-search.naver.com/item?cardAdId=10211","","data/collected-cards.ts","2026-06-11T11:14:42.801Z"
"naver-card-10458-raw-1","naver-card-10458","collected_cards_ts","https://m-card-search.naver.com/item?cardAdId=10458","","data/collected-cards.ts","2026-06-11T11:14:42.801Z"
"naver-card-3258-raw-1","naver-card-3258","collected_cards_ts","https://m-card-search.naver.com/item?cardAdId=3258","","data/collected-cards.ts","2026-06-11T11:14:42.801Z"
"naver-card-10404-raw-1","naver-card-10404","collected_cards_ts","https://m-card-search.naver.com/item?cardAdId=10404","","data/collected-cards.ts","2026-06-11T11:14:42.801Z"
"naver-card-4096-raw-1","naver-card-4096","collected_cards_ts","https://m-card-search.naver.com/item?cardAdId=4096","","data/collected-cards.ts","2026-06-11T11:14:42.801Z"
"naver-card-10559-raw-1","naver-card-10559","collected_cards_ts","https://m-card-search.naver.com/item?cardAdId=10559","","data/collected-cards.ts","2026-06-11T11:14:42.801Z"
"naver-card-10546-raw-1","naver-card-10546","collected_cards_ts","https://m-card-search.naver.com/item?cardAdId=10546","","data/collected-cards.ts","2026-06-11T11:14:42.801Z"
"naver-card-10445-raw-1","naver-card-10445","collected_cards_ts","https://m-card-search.naver.com/item?cardAdId=10445","","data/collected-cards.ts","2026-06-11T11:14:42.801Z"
"naver-card-10630-raw-1","naver-card-10630","collected_cards_ts","https://m-card-search.naver.com/item?cardAdId=10630","","data/collected-cards.ts","2026-06-11T11:14:42.801Z"
"naver-card-10419-raw-1","naver-card-10419","collected_cards_ts","https://m-card-search.naver.com/item?cardAdId=10419","","data/collected-cards.ts","2026-06-11T11:14:42.801Z"
"naver-card-10583-raw-1","naver-card-10583","collected_cards_ts","https://m-card-search.naver.com/item?cardAdId=10583","","data/collected-cards.ts","2026-06-11T11:14:42.801Z"
"naver-card-10571-raw-1","naver-card-10571","collected_cards_ts","https://m-card-search.naver.com/item?cardAdId=10571","","data/collected-cards.ts","2026-06-11T11:14:42.801Z"
"naver-card-10543-raw-1","naver-card-10543","collected_cards_ts","https://m-card-search.naver.com/item?cardAdId=10543","","data/collected-cards.ts","2026-06-11T11:14:42.801Z"
"naver-card-10632-raw-1","naver-card-10632","collected_cards_ts","https://m-card-search.naver.com/item?cardAdId=10632","","data/collected-cards.ts","2026-06-11T11:14:42.801Z"
"naver-card-10495-raw-1","naver-card-10495","collected_cards_ts","https://m-card-search.naver.com/item?cardAdId=10495","","data/collected-cards.ts","2026-06-11T11:14:42.801Z"
"naver-card-10629-raw-1","naver-card-10629","collected_cards_ts","https://m-card-search.naver.com/item?cardAdId=10629","","data/collected-cards.ts","2026-06-11T11:14:42.801Z"
"naver-card-2414-raw-1","naver-card-2414","collected_cards_ts","https://m-card-search.naver.com/item?cardAdId=2414","","data/collected-cards.ts","2026-06-11T11:14:42.801Z"
"naver-card-10437-raw-1","naver-card-10437","collected_cards_ts","https://m-card-search.naver.com/item?cardAdId=10437","","data/collected-cards.ts","2026-06-11T11:14:42.801Z"
"naver-card-10539-raw-1","naver-card-10539","collected_cards_ts","https://m-card-search.naver.com/item?cardAdId=10539","","data/collected-cards.ts","2026-06-11T11:14:42.801Z"
"naver-card-10631-raw-1","naver-card-10631","collected_cards_ts","https://m-card-search.naver.com/item?cardAdId=10631","","data/collected-cards.ts","2026-06-11T11:14:42.801Z"
"naver-card-10541-raw-1","naver-card-10541","collected_cards_ts","https://m-card-search.naver.com/item?cardAdId=10541","","data/collected-cards.ts","2026-06-11T11:14:42.801Z"
"naver-card-10542-raw-1","naver-card-10542","collected_cards_ts","https://m-card-search.naver.com/item?cardAdId=10542","","data/collected-cards.ts","2026-06-11T11:14:42.801Z"
"naver-card-10322-raw-1","naver-card-10322","collected_cards_ts","https://m-card-search.naver.com/item?cardAdId=10322","","data/collected-cards.ts","2026-06-11T11:14:42.801Z"
"naver-card-10345-raw-1","naver-card-10345","collected_cards_ts","https://m-card-search.naver.com/item?cardAdId=10345","","data/collected-cards.ts","2026-06-11T11:14:42.801Z"
"naver-card-10387-raw-1","naver-card-10387","collected_cards_ts","https://m-card-search.naver.com/item?cardAdId=10387","","data/collected-cards.ts","2026-06-11T11:14:42.801Z"
