"source_id","card_id","source_type","source_title","source_url","captured_at","exported_at"
"naver-card-10304-source-1","naver-card-10304","editorial_reference","네이버 카드 검색 수집 데이터","https://m-card-search.naver.com/item?cardAdId=10304","2026-06-10","2026-06-11T11:14:42.801Z"
"naver-card-10623-source-1","naver-card-10623","editorial_reference","네이버 카드 검색 수집 데이터","https://m-card-search.naver.com/item?cardAdId=10623","2026-06-10","2026-06-11T11:14:42.801Z"
"naver-card-1530-source-1","naver-card-1530","editorial_reference","네이버 카드 검색 수집 데이터","https://m-card-search.naver.com/item?cardAdId=1530","2026-06-10","2026-06-11T11:14:42.801Z"
"naver-card-10333-source-1","naver-card-10333","editorial_reference","네이버 카드 검색 수집 데이터","https://m-card-search.naver.com/item?cardAdId=10333","2026-06-10","2026-06-11T11:14:42.801Z"
"naver-card-10105-source-1","naver-card-10105","editorial_reference","네이버 카드 검색 수집 데이터","https://m-card-search.naver.com/item?cardAdId=10105","2026-06-10","2026-06-11T11:14:42.801Z"
"naver-card-10615-source-1","naver-card-10615","editorial_reference","네이버 카드 검색 수집 데이터","https://m-card-search.naver.com/item?cardAdId=10615","2026-06-10","2026-06-11T11:14:42.801Z"
"naver-card-10375-source-1","naver-card-10375","editorial_reference","네이버 카드 검색 수집 데이터","https://m-card-search.naver.com/item?cardAdId=10375","2026-06-10","2026-06-11T11:14:42.801Z"
"naver-card-10176-source-1","naver-card-10176","editorial_reference","네이버 카드 검색 수집 데이터","https://m-card-search.naver.com/item?cardAdId=10176","2026-06-10","2026-06-11T11:14:42.801Z"
"naver-card-10141-source-1","naver-card-10141","editorial_reference","네이버 카드 검색 수집 데이터","https://m-card-search.naver.com/item?cardAdId=10141","2026-06-10","2026-06-11T11:14:42.801Z"
"naver-card-10157-source-1","naver-card-10157","editorial_reference","네이버 카드 검색 수집 데이터","https://m-card-search.naver.com/item?cardAdId=10157","2026-06-10","2026-06-11T11:14:42.801Z"
"naver-card-10307-source-1","naver-card-10307","editorial_reference","네이버 카드 검색 수집 데이터","https://m-card-search.naver.com/item?cardAdId=10307","2026-06-10","2026-06-11T11:14:42.801Z"
"naver-card-1531-source-1","naver-card-1531","editorial_reference","네이버 카드 검색 수집 데이터","https://m-card-search.naver.com/item?cardAdId=1531","2026-06-10","2026-06-11T11:14:42.801Z"
"naver-card-10309-source-1","naver-card-10309","editorial_reference","네이버 카드 검색 수집 데이터","https://m-card-search.naver.com/item?cardAdId=10309","2026-06-10","2026-06-11T11:14:42.801Z"
"naver-card-10452-source-1","naver-card-10452","editorial_reference","네이버 카드 검색 수집 데이터","https://m-card-search.naver.com/item?cardAdId=10452","2026-06-10","2026-06-11T11:14:42.801Z"
"naver-card-10522-source-1","naver-card-10522","editorial_reference","네이버 카드 검색 수집 데이터","https://m-card-search.naver.com/item?cardAdId=10522","2026-06-10","2026-06-11T11:14:42.801Z"
"naver-card-10332-source-1","naver-card-10332","editorial_reference","네이버 카드 검색 수집 데이터","https://m-card-search.naver.com/item?cardAdId=10332","2026-06-10","2026-06-11T11:14:42.801Z"
"naver-card-10102-source-1","naver-card-10102","editorial_reference","네이버 카드 검색 수집 데이터","https://m-card-search.naver.com/item?cardAdId=10102","2026-06-10","2026-06-11T11:14:42.801Z"
"naver-card-1294-source-1","naver-card-1294","editorial_reference","네이버 카드 검색 수집 데이터","https://m-card-search.naver.com/item?cardAdId=1294","2026-06-10","2026-06-11T11:14:42.801Z"
"naver-card-10343-source-1","naver-card-10343","editorial_reference","네이버 카드 검색 수집 데이터","https://m-card-search.naver.com/item?cardAdId=10343","2026-06-10","2026-06-11T11:14:42.801Z"
"naver-card-1684-source-1","naver-card-1684","editorial_reference","네이버 카드 검색 수집 데이터","https://m-card-search.naver.com/item?cardAdId=1684","2026-06-10","2026-06-11T11:14:42.801Z"
"naver-card-10310-source-1","naver-card-10310","editorial_reference","네이버 카드 검색 수집 데이터","https://m-card-search.naver.com/item?cardAdId=10310","2026-06-10","2026-06-11T11:14:42.801Z"
"naver-card-10216-source-1","naver-card-10216","editorial_reference","네이버 카드 검색 수집 데이터","https://m-card-search.naver.com/item?cardAdId=10216","2026-06-10","2026-06-11T11:14:42.801Z"
"naver-card-115-source-1","naver-card-115","editorial_reference","네이버 카드 검색 수집 데이터","https://m-card-search.naver.com/item?cardAdId=115","2026-06-10","2026-06-11T11:14:42.801Z"
"naver-card-1408-source-1","naver-card-1408","editorial_reference","네이버 카드 검색 수집 데이터","https://m-card-search.naver.com/item?cardAdId=1408","2026-06-10","2026-06-11T11:14:42.801Z"
"naver-card-10611-source-1","naver-card-10611","editorial_reference","네이버 카드 검색 수집 데이터","https://m-card-search.naver.com/item?cardAdId=10611","2026-06-10","2026-06-11T11:14:42.801Z"
"naver-card-10612-source-1","naver-card-10612","editorial_reference","네이버 카드 검색 수집 데이터","https://m-card-search.naver.com/item?cardAdId=10612","2026-06-10","2026-06-11T11:14:42.801Z"
"naver-card-10358-source-1","naver-card-10358","editorial_reference","네이버 카드 검색 수집 데이터","https://m-card-search.naver.com/item?cardAdId=10358","2026-06-10","2026-06-11T11:14:42.801Z"
"naver-card-2337-source-1","naver-card-2337","editorial_reference","네이버 카드 검색 수집 데이터","https://m-card-search.naver.com/item?cardAdId=2337","2026-06-10","2026-06-11T11:14:42.801Z"
"naver-card-10286-source-1","naver-card-10286","editorial_reference","네이버 카드 검색 수집 데이터","https://m-card-search.naver.com/item?cardAdId=10286","2026-06-10","2026-06-11T11:14:42.801Z"
"naver-card-10616-source-1","naver-card-10616","editorial_reference","네이버 카드 검색 수집 데이터","https://m-card-search.naver.com/item?cardAdId=10616","2026-06-10","2026-06-11T11:14:42.801Z"
"naver-card-10303-source-1","naver-card-10303","editorial_reference","네이버 카드 검색 수집 데이터","https://m-card-search.naver.com/item?cardAdId=10303","2026-06-10","2026-06-11T11:14:42.801Z"
"naver-card-1322-source-1","naver-card-1322","editorial_reference","네이버 카드 검색 수집 데이터","https://m-card-search.naver.com/item?cardAdId=1322","2026-06-10","2026-06-11T11:14:42.801Z"
"naver-card-10218-source-1","naver-card-10218","editorial_reference","네이버 카드 검색 수집 데이터","https://m-card-search.naver.com/item?cardAdId=10218","2026-06-10","2026-06-11T11:14:42.801Z"
"naver-card-10045-source-1","naver-card-10045","editorial_reference","네이버 카드 검색 수집 데이터","https://m-card-search.naver.com/item?cardAdId=10045","2026-06-10","2026-06-11T11:14:42.801Z"
"naver-card-10108-source-1","naver-card-10108","editorial_reference","네이버 카드 검색 수집 데이터","https://m-card-search.naver.com/item?cardAdId=10108","2026-06-10","2026-06-11T11:14:42.801Z"
"naver-card-277-source-1","naver-card-277","editorial_reference","네이버 카드 검색 수집 데이터","https://m-card-search.naver.com/item?cardAdId=277","2026-06-10","2026-06-11T11:14:42.801Z"
"naver-card-1571-source-1","naver-card-1571","editorial_reference","네이버 카드 검색 수집 데이터","https://m-card-search.naver.com/item?cardAdId=1571","2026-06-10","2026-06-11T11:14:42.801Z"
"naver-card-2776-source-1","naver-card-2776","editorial_reference","네이버 카드 검색 수집 데이터","https://m-card-search.naver.com/item?cardAdId=2776","2026-06-10","2026-06-11T11:14:42.801Z"
"naver-card-10126-source-1","naver-card-10126","editorial_reference","네이버 카드 검색 수집 데이터","https://m-card-search.naver.com/item?cardAdId=10126","2026-06-10","2026-06-11T11:14:42.801Z"
"naver-card-10238-source-1","naver-card-10238","editorial_reference","네이버 카드 검색 수집 데이터","https://m-card-search.naver.com/item?cardAdId=10238","2026-06-10","2026-06-11T11:14:42.801Z"
"naver-card-2676-source-1","naver-card-2676","editorial_reference","네이버 카드 검색 수집 데이터","https://m-card-search.naver.com/item?cardAdId=2676","2026-06-10","2026-06-11T11:14:42.801Z"
"naver-card-1465-source-1","naver-card-1465","editorial_reference","네이버 카드 검색 수집 데이터","https://m-card-search.naver.com/item?cardAdId=1465","2026-06-10","2026-06-11T11:14:42.801Z"
"naver-card-10103-source-1","naver-card-10103","editorial_reference","네이버 카드 검색 수집 데이터","https://m-card-search.naver.com/item?cardAdId=10103","2026-06-10","2026-06-11T11:14:42.801Z"
"naver-card-3881-source-1","naver-card-3881","editorial_reference","네이버 카드 검색 수집 데이터","https://m-card-search.naver.com/item?cardAdId=3881","2026-06-10","2026-06-11T11:14:42.801Z"
"naver-card-10328-source-1","naver-card-10328","editorial_reference","네이버 카드 검색 수집 데이터","https://m-card-search.naver.com/item?cardAdId=10328","2026-06-10","2026-06-11T11:14:42.801Z"
"naver-card-10406-source-1","naver-card-10406","editorial_reference","네이버 카드 검색 수집 데이터","https://m-card-search.naver.com/item?cardAdId=10406","2026-06-10","2026-06-11T11:14:42.801Z"
"naver-card-10355-source-1","naver-card-10355","editorial_reference","네이버 카드 검색 수집 데이터","https://m-card-search.naver.com/item?cardAdId=10355","2026-06-10","2026-06-11T11:14:42.801Z"
"naver-card-10256-source-1","naver-card-10256","editorial_reference","네이버 카드 검색 수집 데이터","https://m-card-search.naver.com/item?cardAdId=10256","2026-06-10","2026-06-11T11:14:42.801Z"
"naver-card-10589-source-1","naver-card-10589","editorial_reference","네이버 카드 검색 수집 데이터","https://m-card-search.naver.com/item?cardAdId=10589","2026-06-10","2026-06-11T11:14:42.801Z"
"naver-card-10451-source-1","naver-card-10451","editorial_reference","네이버 카드 검색 수집 데이터","https://m-card-search.naver.com/item?cardAdId=10451","2026-06-10","2026-06-11T11:14:42.801Z"
"naver-card-10268-source-1","naver-card-10268","editorial_reference","네이버 카드 검색 수집 데이터","https://m-card-search.naver.com/item?cardAdId=10268","2026-06-10","2026-06-11T11:14:42.801Z"
"naver-card-10463-source-1","naver-card-10463","editorial_reference","네이버 카드 검색 수집 데이터","https://m-card-search.naver.com/item?cardAdId=10463","2026-06-10","2026-06-11T11:14:42.801Z"
"naver-card-10236-source-1","naver-card-10236","editorial_reference","네이버 카드 검색 수집 데이터","https://m-card-search.naver.com/item?cardAdId=10236","2026-06-10","2026-06-11T11:14:42.801Z"
"naver-card-10592-source-1","naver-card-10592","editorial_reference","네이버 카드 검색 수집 데이터","https://m-card-search.naver.com/item?cardAdId=10592","2026-06-10","2026-06-11T11:14:42.801Z"
"naver-card-3896-source-1","naver-card-3896","editorial_reference","네이버 카드 검색 수집 데이터","https://m-card-search.naver.com/item?cardAdId=3896","2026-06-10","2026-06-11T11:14:42.801Z"
"naver-card-10049-source-1","naver-card-10049","editorial_reference","네이버 카드 검색 수집 데이터","https://m-card-search.naver.com/item?cardAdId=10049","2026-06-10","2026-06-11T11:14:42.801Z"
"naver-card-10590-source-1","naver-card-10590","editorial_reference","네이버 카드 검색 수집 데이터","https://m-card-search.naver.com/item?cardAdId=10590","2026-06-10","2026-06-11T11:14:42.801Z"
"naver-card-10450-source-1","naver-card-10450","editorial_reference","네이버 카드 검색 수집 데이터","https://m-card-search.naver.com/item?cardAdId=10450","2026-06-10","2026-06-11T11:14:42.801Z"
"naver-card-10235-source-1","naver-card-10235","editorial_reference","네이버 카드 검색 수집 데이터","https://m-card-search.naver.com/item?cardAdId=10235","2026-06-10","2026-06-11T11:14:42.801Z"
"naver-card-10568-source-1","naver-card-10568","editorial_reference","네이버 카드 검색 수집 데이터","https://m-card-search.naver.com/item?cardAdId=10568","2026-06-10","2026-06-11T11:14:42.801Z"
"naver-card-10579-source-1","naver-card-10579","editorial_reference","네이버 카드 검색 수집 데이터","https://m-card-search.naver.com/item?cardAdId=10579","2026-06-10","2026-06-11T11:14:42.801Z"
"naver-card-10184-source-1","naver-card-10184","editorial_reference","네이버 카드 검색 수집 데이터","https://m-card-search.naver.com/item?cardAdId=10184","2026-06-10","2026-06-11T11:14:42.801Z"
"naver-card-3878-source-1","naver-card-3878","editorial_reference","네이버 카드 검색 수집 데이터","https://m-card-search.naver.com/item?cardAdId=3878","2026-06-10","2026-06-11T11:14:42.801Z"
"naver-card-10349-source-1","naver-card-10349","editorial_reference","네이버 카드 검색 수집 데이터","https://m-card-search.naver.com/item?cardAdId=10349","2026-06-10","2026-06-11T11:14:42.801Z"
"naver-card-10311-source-1","naver-card-10311","editorial_reference","네이버 카드 검색 수집 데이터","https://m-card-search.naver.com/item?cardAdId=10311","2026-06-10","2026-06-11T11:14:42.801Z"
"naver-card-3857-source-1","naver-card-3857","editorial_reference","네이버 카드 검색 수집 데이터","https://m-card-search.naver.com/item?cardAdId=3857","2026-06-10","2026-06-11T11:14:42.801Z"
"naver-card-10550-source-1","naver-card-10550","editorial_reference","네이버 카드 검색 수집 데이터","https://m-card-search.naver.com/item?cardAdId=10550","2026-06-10","2026-06-11T11:14:42.801Z"
"naver-card-10315-source-1","naver-card-10315","editorial_reference","네이버 카드 검색 수집 데이터","https://m-card-search.naver.com/item?cardAdId=10315","2026-06-10","2026-06-11T11:14:42.801Z"
"naver-card-10480-source-1","naver-card-10480","editorial_reference","네이버 카드 검색 수집 데이터","https://m-card-search.naver.com/item?cardAdId=10480","2026-06-10","2026-06-11T11:14:42.801Z"
"naver-card-10237-source-1","naver-card-10237","editorial_reference","네이버 카드 검색 수집 데이터","https://m-card-search.naver.com/item?cardAdId=10237","2026-06-10","2026-06-11T11:14:42.801Z"
"naver-card-10523-source-1","naver-card-10523","editorial_reference","네이버 카드 검색 수집 데이터","https://m-card-search.naver.com/item?cardAdId=10523","2026-06-10","2026-06-11T11:14:42.801Z"
"naver-card-10462-source-1","naver-card-10462","editorial_reference","네이버 카드 검색 수집 데이터","https://m-card-search.naver.com/item?cardAdId=10462","2026-06-10","2026-06-11T11:14:42.801Z"
"naver-card-247-source-1","naver-card-247","editorial_reference","네이버 카드 검색 수집 데이터","https://m-card-search.naver.com/item?cardAdId=247","2026-06-10","2026-06-11T11:14:42.801Z"
"naver-card-4047-source-1","naver-card-4047","editorial_reference","네이버 카드 검색 수집 데이터","https://m-card-search.naver.com/item?cardAdId=4047","2026-06-10","2026-06-11T11:14:42.801Z"
"naver-card-10596-source-1","naver-card-10596","editorial_reference","네이버 카드 검색 수집 데이터","https://m-card-search.naver.com/item?cardAdId=10596","2026-06-10","2026-06-11T11:14:42.801Z"
"naver-card-1695-source-1","naver-card-1695","editorial_reference","네이버 카드 검색 수집 데이터","https://m-card-search.naver.com/item?cardAdId=1695","2026-06-10","2026-06-11T11:14:42.801Z"
"naver-card-10284-source-1","naver-card-10284","editorial_reference","네이버 카드 검색 수집 데이터","https://m-card-search.naver.com/item?cardAdId=10284","2026-06-10","2026-06-11T11:14:42.801Z"
"naver-card-10552-source-1","naver-card-10552","editorial_reference","네이버 카드 검색 수집 데이터","https://m-card-search.naver.com/item?cardAdId=10552","2026-06-10","2026-06-11T11:14:42.801Z"
"naver-card-10071-source-1","naver-card-10071","editorial_reference","네이버 카드 검색 수집 데이터","https://m-card-search.naver.com/item?cardAdId=10071","2026-06-10","2026-06-11T11:14:42.801Z"
"naver-card-3959-source-1","naver-card-3959","editorial_reference","네이버 카드 검색 수집 데이터","https://m-card-search.naver.com/item?cardAdId=3959","2026-06-10","2026-06-11T11:14:42.801Z"
"naver-card-10593-source-1","naver-card-10593","editorial_reference","네이버 카드 검색 수집 데이터","https://m-card-search.naver.com/item?cardAdId=10593","2026-06-10","2026-06-11T11:14:42.801Z"
"naver-card-10512-source-1","naver-card-10512","editorial_reference","네이버 카드 검색 수집 데이터","https://m-card-search.naver.com/item?cardAdId=10512","2026-06-10","2026-06-11T11:14:42.801Z"
"naver-card-10511-source-1","naver-card-10511","editorial_reference","네이버 카드 검색 수집 데이터","https://m-card-search.naver.com/item?cardAdId=10511","2026-06-10","2026-06-11T11:14:42.801Z"
"naver-card-10554-source-1","naver-card-10554","editorial_reference","네이버 카드 검색 수집 데이터","https://m-card-search.naver.com/item?cardAdId=10554","2026-06-10","2026-06-11T11:14:42.801Z"
"naver-card-10454-source-1","naver-card-10454","editorial_reference","네이버 카드 검색 수집 데이터","https://m-card-search.naver.com/item?cardAdId=10454","2026-06-10","2026-06-11T11:14:42.801Z"
"naver-card-3856-source-1","naver-card-3856","editorial_reference","네이버 카드 검색 수집 데이터","https://m-card-search.naver.com/item?cardAdId=3856","2026-06-10","2026-06-11T11:14:42.801Z"
"naver-card-10536-source-1","naver-card-10536","editorial_reference","네이버 카드 검색 수집 데이터","https://m-card-search.naver.com/item?cardAdId=10536","2026-06-10","2026-06-11T11:14:42.801Z"
"naver-card-10106-source-1","naver-card-10106","editorial_reference","네이버 카드 검색 수집 데이터","https://m-card-search.naver.com/item?cardAdId=10106","2026-06-10","2026-06-11T11:14:42.801Z"
"naver-card-10391-source-1","naver-card-10391","editorial_reference","네이버 카드 검색 수집 데이터","https://m-card-search.naver.com/item?cardAdId=10391","2026-06-10","2026-06-11T11:14:42.801Z"
"naver-card-10600-source-1","naver-card-10600","editorial_reference","네이버 카드 검색 수집 데이터","https://m-card-search.naver.com/item?cardAdId=10600","2026-06-10","2026-06-11T11:14:42.801Z"
"naver-card-10267-source-1","naver-card-10267","editorial_reference","네이버 카드 검색 수집 데이터","https://m-card-search.naver.com/item?cardAdId=10267","2026-06-10","2026-06-11T11:14:42.801Z"
"naver-card-10376-source-1","naver-card-10376","editorial_reference","네이버 카드 검색 수집 데이터","https://m-card-search.naver.com/item?cardAdId=10376","2026-06-10","2026-06-11T11:14:42.801Z"
"naver-card-10344-source-1","naver-card-10344","editorial_reference","네이버 카드 검색 수집 데이터","https://m-card-search.naver.com/item?cardAdId=10344","2026-06-10","2026-06-11T11:14:42.801Z"
"naver-card-10553-source-1","naver-card-10553","editorial_reference","네이버 카드 검색 수집 데이터","https://m-card-search.naver.com/item?cardAdId=10553","2026-06-10","2026-06-11T11:14:42.801Z"
"naver-card-10492-source-1","naver-card-10492","editorial_reference","네이버 카드 검색 수집 데이터","https://m-card-search.naver.com/item?cardAdId=10492","2026-06-10","2026-06-11T11:14:42.801Z"
"naver-card-2226-source-1","naver-card-2226","editorial_reference","네이버 카드 검색 수집 데이터","https://m-card-search.naver.com/item?cardAdId=2226","2026-06-10","2026-06-11T11:14:42.801Z"
"naver-card-10107-source-1","naver-card-10107","editorial_reference","네이버 카드 검색 수집 데이터","https://m-card-search.naver.com/item?cardAdId=10107","2026-06-10","2026-06-11T11:14:42.801Z"
"naver-card-10348-source-1","naver-card-10348","editorial_reference","네이버 카드 검색 수집 데이터","https://m-card-search.naver.com/item?cardAdId=10348","2026-06-10","2026-06-11T11:14:42.801Z"
"naver-card-10504-source-1","naver-card-10504","editorial_reference","네이버 카드 검색 수집 데이터","https://m-card-search.naver.com/item?cardAdId=10504","2026-06-10","2026-06-11T11:14:42.801Z"
"naver-card-10039-source-1","naver-card-10039","editorial_reference","네이버 카드 검색 수집 데이터","https://m-card-search.naver.com/item?cardAdId=10039","2026-06-10","2026-06-11T11:14:42.801Z"
"naver-card-10338-source-1","naver-card-10338","editorial_reference","네이버 카드 검색 수집 데이터","https://m-card-search.naver.com/item?cardAdId=10338","2026-06-10","2026-06-11T11:14:42.801Z"
"naver-card-10403-source-1","naver-card-10403","editorial_reference","네이버 카드 검색 수집 데이터","https://m-card-search.naver.com/item?cardAdId=10403","2026-06-10","2026-06-11T11:14:42.801Z"
"naver-card-10514-source-1","naver-card-10514","editorial_reference","네이버 카드 검색 수집 데이터","https://m-card-search.naver.com/item?cardAdId=10514","2026-06-10","2026-06-11T11:14:42.801Z"
"naver-card-10509-source-1","naver-card-10509","editorial_reference","네이버 카드 검색 수집 데이터","https://m-card-search.naver.com/item?cardAdId=10509","2026-06-10","2026-06-11T11:14:42.801Z"
"naver-card-10130-source-1","naver-card-10130","editorial_reference","네이버 카드 검색 수집 데이터","https://m-card-search.naver.com/item?cardAdId=10130","2026-06-10","2026-06-11T11:14:42.801Z"
"naver-card-10323-source-1","naver-card-10323","editorial_reference","네이버 카드 검색 수집 데이터","https://m-card-search.naver.com/item?cardAdId=10323","2026-06-10","2026-06-11T11:14:42.801Z"
"naver-card-10347-source-1","naver-card-10347","editorial_reference","네이버 카드 검색 수집 데이터","https://m-card-search.naver.com/item?cardAdId=10347","2026-06-10","2026-06-11T11:14:42.801Z"
"naver-card-10601-source-1","naver-card-10601","editorial_reference","네이버 카드 검색 수집 데이터","https://m-card-search.naver.com/item?cardAdId=10601","2026-06-10","2026-06-11T11:14:42.801Z"
"naver-card-10134-source-1","naver-card-10134","editorial_reference","네이버 카드 검색 수집 데이터","https://m-card-search.naver.com/item?cardAdId=10134","2026-06-10","2026-06-11T11:14:42.801Z"
"naver-card-10357-source-1","naver-card-10357","editorial_reference","네이버 카드 검색 수집 데이터","https://m-card-search.naver.com/item?cardAdId=10357","2026-06-10","2026-06-11T11:14:42.801Z"
"naver-card-10317-source-1","naver-card-10317","editorial_reference","네이버 카드 검색 수집 데이터","https://m-card-search.naver.com/item?cardAdId=10317","2026-06-10","2026-06-11T11:14:42.801Z"
"naver-card-10354-source-1","naver-card-10354","editorial_reference","네이버 카드 검색 수집 데이터","https://m-card-search.naver.com/item?cardAdId=10354","2026-06-10","2026-06-11T11:14:42.801Z"
"naver-card-10337-source-1","naver-card-10337","editorial_reference","네이버 카드 검색 수집 데이터","https://m-card-search.naver.com/item?cardAdId=10337","2026-06-10","2026-06-11T11:14:42.801Z"
"naver-card-10169-source-1","naver-card-10169","editorial_reference","네이버 카드 검색 수집 데이터","https://m-card-search.naver.com/item?cardAdId=10169","2026-06-10","2026-06-11T11:14:42.801Z"
"naver-card-10340-source-1","naver-card-10340","editorial_reference","네이버 카드 검색 수집 데이터","https://m-card-search.naver.com/item?cardAdId=10340","2026-06-10","2026-06-11T11:14:42.801Z"
"naver-card-10485-source-1","naver-card-10485","editorial_reference","네이버 카드 검색 수집 데이터","https://m-card-search.naver.com/item?cardAdId=10485","2026-06-10","2026-06-11T11:14:42.801Z"
"naver-card-10334-source-1","naver-card-10334","editorial_reference","네이버 카드 검색 수집 데이터","https://m-card-search.naver.com/item?cardAdId=10334","2026-06-10","2026-06-11T11:14:42.801Z"
"naver-card-10502-source-1","naver-card-10502","editorial_reference","네이버 카드 검색 수집 데이터","https://m-card-search.naver.com/item?cardAdId=10502","2026-06-10","2026-06-11T11:14:42.801Z"
"naver-card-10534-source-1","naver-card-10534","editorial_reference","네이버 카드 검색 수집 데이터","https://m-card-search.naver.com/item?cardAdId=10534","2026-06-10","2026-06-11T11:14:42.801Z"
"naver-card-10497-source-1","naver-card-10497","editorial_reference","네이버 카드 검색 수집 데이터","https://m-card-search.naver.com/item?cardAdId=10497","2026-06-10","2026-06-11T11:14:42.801Z"
"naver-card-10580-source-1","naver-card-10580","editorial_reference","네이버 카드 검색 수집 데이터","https://m-card-search.naver.com/item?cardAdId=10580","2026-06-10","2026-06-11T11:14:42.801Z"
"naver-card-10398-source-1","naver-card-10398","editorial_reference","네이버 카드 검색 수집 데이터","https://m-card-search.naver.com/item?cardAdId=10398","2026-06-10","2026-06-11T11:14:42.801Z"
"naver-card-10428-source-1","naver-card-10428","editorial_reference","네이버 카드 검색 수집 데이터","https://m-card-search.naver.com/item?cardAdId=10428","2026-06-10","2026-06-11T11:14:42.801Z"
"naver-card-10447-source-1","naver-card-10447","editorial_reference","네이버 카드 검색 수집 데이터","https://m-card-search.naver.com/item?cardAdId=10447","2026-06-10","2026-06-11T11:14:42.801Z"
"naver-card-10540-source-1","naver-card-10540","editorial_reference","네이버 카드 검색 수집 데이터","https://m-card-search.naver.com/item?cardAdId=10540","2026-06-10","2026-06-11T11:14:42.801Z"
"naver-card-10321-source-1","naver-card-10321","editorial_reference","네이버 카드 검색 수집 데이터","https://m-card-search.naver.com/item?cardAdId=10321","2026-06-10","2026-06-11T11:14:42.801Z"
"naver-card-10538-source-1","naver-card-10538","editorial_reference","네이버 카드 검색 수집 데이터","https://m-card-search.naver.com/item?cardAdId=10538","2026-06-10","2026-06-11T11:14:42.801Z"
"naver-card-1360-source-1","naver-card-1360","editorial_reference","네이버 카드 검색 수집 데이터","https://m-card-search.naver.com/item?cardAdId=1360","2026-06-10","2026-06-11T11:14:42.801Z"
"naver-card-10424-source-1","naver-card-10424","editorial_reference","네이버 카드 검색 수집 데이터","https://m-card-search.naver.com/item?cardAdId=10424","2026-06-10","2026-06-11T11:14:42.801Z"
"naver-card-10353-source-1","naver-card-10353","editorial_reference","네이버 카드 검색 수집 데이터","https://m-card-search.naver.com/item?cardAdId=10353","2026-06-10","2026-06-11T11:14:42.801Z"
"naver-card-10335-source-1","naver-card-10335","editorial_reference","네이버 카드 검색 수집 데이터","https://m-card-search.naver.com/item?cardAdId=10335","2026-06-10","2026-06-11T11:14:42.801Z"
"naver-card-10531-source-1","naver-card-10531","editorial_reference","네이버 카드 검색 수집 데이터","https://m-card-search.naver.com/item?cardAdId=10531","2026-06-10","2026-06-11T11:14:42.801Z"
"naver-card-10533-source-1","naver-card-10533","editorial_reference","네이버 카드 검색 수집 데이터","https://m-card-search.naver.com/item?cardAdId=10533","2026-06-10","2026-06-11T11:14:42.801Z"
"naver-card-10503-source-1","naver-card-10503","editorial_reference","네이버 카드 검색 수집 데이터","https://m-card-search.naver.com/item?cardAdId=10503","2026-06-10","2026-06-11T11:14:42.801Z"
"naver-card-10532-source-1","naver-card-10532","editorial_reference","네이버 카드 검색 수집 데이터","https://m-card-search.naver.com/item?cardAdId=10532","2026-06-10","2026-06-11T11:14:42.801Z"
"naver-card-10440-source-1","naver-card-10440","editorial_reference","네이버 카드 검색 수집 데이터","https://m-card-search.naver.com/item?cardAdId=10440","2026-06-10","2026-06-11T11:14:42.801Z"
"naver-card-10266-source-1","naver-card-10266","editorial_reference","네이버 카드 검색 수집 데이터","https://m-card-search.naver.com/item?cardAdId=10266","2026-06-10","2026-06-11T11:14:42.801Z"
"naver-card-10413-source-1","naver-card-10413","editorial_reference","네이버 카드 검색 수집 데이터","https://m-card-search.naver.com/item?cardAdId=10413","2026-06-10","2026-06-11T11:14:42.801Z"
"naver-card-10490-source-1","naver-card-10490","editorial_reference","네이버 카드 검색 수집 데이터","https://m-card-search.naver.com/item?cardAdId=10490","2026-06-10","2026-06-11T11:14:42.801Z"
"naver-card-1573-source-1","naver-card-1573","editorial_reference","네이버 카드 검색 수집 데이터","https://m-card-search.naver.com/item?cardAdId=1573","2026-06-10","2026-06-11T11:14:42.801Z"
"naver-card-10291-source-1","naver-card-10291","editorial_reference","네이버 카드 검색 수집 데이터","https://m-card-search.naver.com/item?cardAdId=10291","2026-06-10","2026-06-11T11:14:42.801Z"
"naver-card-10444-source-1","naver-card-10444","editorial_reference","네이버 카드 검색 수집 데이터","https://m-card-search.naver.com/item?cardAdId=10444","2026-06-10","2026-06-11T11:14:42.801Z"
"naver-card-1715-source-1","naver-card-1715","editorial_reference","네이버 카드 검색 수집 데이터","https://m-card-search.naver.com/item?cardAdId=1715","2026-06-10","2026-06-11T11:14:42.801Z"
"naver-card-1889-source-1","naver-card-1889","editorial_reference","네이버 카드 검색 수집 데이터","https://m-card-search.naver.com/item?cardAdId=1889","2026-06-10","2026-06-11T11:14:42.801Z"
"naver-card-1340-source-1","naver-card-1340","editorial_reference","네이버 카드 검색 수집 데이터","https://m-card-search.naver.com/item?cardAdId=1340","2026-06-10","2026-06-11T11:14:42.801Z"
"naver-card-10389-source-1","naver-card-10389","editorial_reference","네이버 카드 검색 수집 데이터","https://m-card-search.naver.com/item?cardAdId=10389","2026-06-10","2026-06-11T11:14:42.801Z"
"naver-card-10232-source-1","naver-card-10232","editorial_reference","네이버 카드 검색 수집 데이터","https://m-card-search.naver.com/item?cardAdId=10232","2026-06-10","2026-06-11T11:14:42.801Z"
"naver-card-10591-source-1","naver-card-10591","editorial_reference","네이버 카드 검색 수집 데이터","https://m-card-search.naver.com/item?cardAdId=10591","2026-06-10","2026-06-11T11:14:42.801Z"
"naver-card-2345-source-1","naver-card-2345","editorial_reference","네이버 카드 검색 수집 데이터","https://m-card-search.naver.com/item?cardAdId=2345","2026-06-10","2026-06-11T11:14:42.801Z"
"naver-card-1337-source-1","naver-card-1337","editorial_reference","네이버 카드 검색 수집 데이터","https://m-card-search.naver.com/item?cardAdId=1337","2026-06-10","2026-06-11T11:14:42.801Z"
"naver-card-10194-source-1","naver-card-10194","editorial_reference","네이버 카드 검색 수집 데이터","https://m-card-search.naver.com/item?cardAdId=10194","2026-06-10","2026-06-11T11:14:42.801Z"
"naver-card-2348-source-1","naver-card-2348","editorial_reference","네이버 카드 검색 수집 데이터","https://m-card-search.naver.com/item?cardAdId=2348","2026-06-10","2026-06-11T11:14:42.801Z"
"naver-card-10265-source-1","naver-card-10265","editorial_reference","네이버 카드 검색 수집 데이터","https://m-card-search.naver.com/item?cardAdId=10265","2026-06-10","2026-06-11T11:14:42.801Z"
"naver-card-10594-source-1","naver-card-10594","editorial_reference","네이버 카드 검색 수집 데이터","https://m-card-search.naver.com/item?cardAdId=10594","2026-06-10","2026-06-11T11:14:42.801Z"
"naver-card-10614-source-1","naver-card-10614","editorial_reference","네이버 카드 검색 수집 데이터","https://m-card-search.naver.com/item?cardAdId=10614","2026-06-10","2026-06-11T11:14:42.801Z"
"naver-card-10557-source-1","naver-card-10557","editorial_reference","네이버 카드 검색 수집 데이터","https://m-card-search.naver.com/item?cardAdId=10557","2026-06-10","2026-06-11T11:14:42.801Z"
"naver-card-10524-source-1","naver-card-10524","editorial_reference","네이버 카드 검색 수집 데이터","https://m-card-search.naver.com/item?cardAdId=10524","2026-06-10","2026-06-11T11:14:42.801Z"
"naver-card-10316-source-1","naver-card-10316","editorial_reference","네이버 카드 검색 수집 데이터","https://m-card-search.naver.com/item?cardAdId=10316","2026-06-10","2026-06-11T11:14:42.801Z"
"naver-card-10639-source-1","naver-card-10639","editorial_reference","네이버 카드 검색 수집 데이터","https://m-card-search.naver.com/item?cardAdId=10639","2026-06-10","2026-06-11T11:14:42.801Z"
"naver-card-10501-source-1","naver-card-10501","editorial_reference","네이버 카드 검색 수집 데이터","https://m-card-search.naver.com/item?cardAdId=10501","2026-06-10","2026-06-11T11:14:42.801Z"
"naver-card-10613-source-1","naver-card-10613","editorial_reference","네이버 카드 검색 수집 데이터","https://m-card-search.naver.com/item?cardAdId=10613","2026-06-10","2026-06-11T11:14:42.801Z"
"naver-card-10299-source-1","naver-card-10299","editorial_reference","네이버 카드 검색 수집 데이터","https://m-card-search.naver.com/item?cardAdId=10299","2026-06-10","2026-06-11T11:14:42.801Z"
"naver-card-10597-source-1","naver-card-10597","editorial_reference","네이버 카드 검색 수집 데이터","https://m-card-search.naver.com/item?cardAdId=10597","2026-06-10","2026-06-11T11:14:42.801Z"
"naver-card-10486-source-1","naver-card-10486","editorial_reference","네이버 카드 검색 수집 데이터","https://m-card-search.naver.com/item?cardAdId=10486","2026-06-10","2026-06-11T11:14:42.801Z"
"naver-card-1312-source-1","naver-card-1312","editorial_reference","네이버 카드 검색 수집 데이터","https://m-card-search.naver.com/item?cardAdId=1312","2026-06-10","2026-06-11T11:14:42.801Z"
"naver-card-10610-source-1","naver-card-10610","editorial_reference","네이버 카드 검색 수집 데이터","https://m-card-search.naver.com/item?cardAdId=10610","2026-06-10","2026-06-11T11:14:42.801Z"
"naver-card-10516-source-1","naver-card-10516","editorial_reference","네이버 카드 검색 수집 데이터","https://m-card-search.naver.com/item?cardAdId=10516","2026-06-10","2026-06-11T11:14:42.801Z"
"naver-card-10035-source-1","naver-card-10035","editorial_reference","네이버 카드 검색 수집 데이터","https://m-card-search.naver.com/item?cardAdId=10035","2026-06-10","2026-06-11T11:14:42.801Z"
"naver-card-10320-source-1","naver-card-10320","editorial_reference","네이버 카드 검색 수집 데이터","https://m-card-search.naver.com/item?cardAdId=10320","2026-06-10","2026-06-11T11:14:42.801Z"
"naver-card-10558-source-1","naver-card-10558","editorial_reference","네이버 카드 검색 수집 데이터","https://m-card-search.naver.com/item?cardAdId=10558","2026-06-10","2026-06-11T11:14:42.801Z"
"naver-card-10530-source-1","naver-card-10530","editorial_reference","네이버 카드 검색 수집 데이터","https://m-card-search.naver.com/item?cardAdId=10530","2026-06-10","2026-06-11T11:14:42.801Z"
"naver-card-10359-source-1","naver-card-10359","editorial_reference","네이버 카드 검색 수집 데이터","https://m-card-search.naver.com/item?cardAdId=10359","2026-06-10","2026-06-11T11:14:42.801Z"
"naver-card-10395-source-1","naver-card-10395","editorial_reference","네이버 카드 검색 수집 데이터","https://m-card-search.naver.com/item?cardAdId=10395","2026-06-10","2026-06-11T11:14:42.801Z"
"naver-card-710-source-1","naver-card-710","editorial_reference","네이버 카드 검색 수집 데이터","https://m-card-search.naver.com/item?cardAdId=710","2026-06-10","2026-06-11T11:14:42.801Z"
"naver-card-10414-source-1","naver-card-10414","editorial_reference","네이버 카드 검색 수집 데이터","https://m-card-search.naver.com/item?cardAdId=10414","2026-06-10","2026-06-11T11:14:42.801Z"
"naver-card-2332-source-1","naver-card-2332","editorial_reference","네이버 카드 검색 수집 데이터","https://m-card-search.naver.com/item?cardAdId=2332","2026-06-10","2026-06-11T11:14:42.801Z"
"naver-card-10642-source-1","naver-card-10642","editorial_reference","네이버 카드 검색 수집 데이터","https://m-card-search.naver.com/item?cardAdId=10642","2026-06-10","2026-06-11T11:14:42.801Z"
"naver-card-10515-source-1","naver-card-10515","editorial_reference","네이버 카드 검색 수집 데이터","https://m-card-search.naver.com/item?cardAdId=10515","2026-06-10","2026-06-11T11:14:42.801Z"
"naver-card-10544-source-1","naver-card-10544","editorial_reference","네이버 카드 검색 수집 데이터","https://m-card-search.naver.com/item?cardAdId=10544","2026-06-10","2026-06-11T11:14:42.801Z"
"naver-card-10585-source-1","naver-card-10585","editorial_reference","네이버 카드 검색 수집 데이터","https://m-card-search.naver.com/item?cardAdId=10585","2026-06-10","2026-06-11T11:14:42.801Z"
"naver-card-10566-source-1","naver-card-10566","editorial_reference","네이버 카드 검색 수집 데이터","https://m-card-search.naver.com/item?cardAdId=10566","2026-06-10","2026-06-11T11:14:42.801Z"
"naver-card-10411-source-1","naver-card-10411","editorial_reference","네이버 카드 검색 수집 데이터","https://m-card-search.naver.com/item?cardAdId=10411","2026-06-10","2026-06-11T11:14:42.801Z"
"naver-card-2612-source-1","naver-card-2612","editorial_reference","네이버 카드 검색 수집 데이터","https://m-card-search.naver.com/item?cardAdId=2612","2026-06-10","2026-06-11T11:14:42.801Z"
"naver-card-99-source-1","naver-card-99","editorial_reference","네이버 카드 검색 수집 데이터","https://m-card-search.naver.com/item?cardAdId=99","2026-06-10","2026-06-11T11:14:42.801Z"
"naver-card-10412-source-1","naver-card-10412","editorial_reference","네이버 카드 검색 수집 데이터","https://m-card-search.naver.com/item?cardAdId=10412","2026-06-10","2026-06-11T11:14:42.801Z"
"naver-card-10529-source-1","naver-card-10529","editorial_reference","네이버 카드 검색 수집 데이터","https://m-card-search.naver.com/item?cardAdId=10529","2026-06-10","2026-06-11T11:14:42.801Z"
"naver-card-10339-source-1","naver-card-10339","editorial_reference","네이버 카드 검색 수집 데이터","https://m-card-search.naver.com/item?cardAdId=10339","2026-06-10","2026-06-11T11:14:42.801Z"
"naver-card-10478-source-1","naver-card-10478","editorial_reference","네이버 카드 검색 수집 데이터","https://m-card-search.naver.com/item?cardAdId=10478","2026-06-10","2026-06-11T11:14:42.801Z"
"naver-card-10302-source-1","naver-card-10302","editorial_reference","네이버 카드 검색 수집 데이터","https://m-card-search.naver.com/item?cardAdId=10302","2026-06-10","2026-06-11T11:14:42.801Z"
"naver-card-3717-source-1","naver-card-3717","editorial_reference","네이버 카드 검색 수집 데이터","https://m-card-search.naver.com/item?cardAdId=3717","2026-06-10","2026-06-11T11:14:42.801Z"
"naver-card-1692-source-1","naver-card-1692","editorial_reference","네이버 카드 검색 수집 데이터","https://m-card-search.naver.com/item?cardAdId=1692","2026-06-10","2026-06-11T11:14:42.801Z"
"naver-card-3638-source-1","naver-card-3638","editorial_reference","네이버 카드 검색 수집 데이터","https://m-card-search.naver.com/item?cardAdId=3638","2026-06-10","2026-06-11T11:14:42.801Z"
"naver-card-10499-source-1","naver-card-10499","editorial_reference","네이버 카드 검색 수집 데이터","https://m-card-search.naver.com/item?cardAdId=10499","2026-06-10","2026-06-11T11:14:42.801Z"
"naver-card-2856-source-1","naver-card-2856","editorial_reference","네이버 카드 검색 수집 데이터","https://m-card-search.naver.com/item?cardAdId=2856","2026-06-10","2026-06-11T11:14:42.801Z"
"naver-card-2857-source-1","naver-card-2857","editorial_reference","네이버 카드 검색 수집 데이터","https://m-card-search.naver.com/item?cardAdId=2857","2026-06-10","2026-06-11T11:14:42.801Z"
"naver-card-1451-source-1","naver-card-1451","editorial_reference","네이버 카드 검색 수집 데이터","https://m-card-search.naver.com/item?cardAdId=1451","2026-06-10","2026-06-11T11:14:42.801Z"
"naver-card-10336-source-1","naver-card-10336","editorial_reference","네이버 카드 검색 수집 데이터","https://m-card-search.naver.com/item?cardAdId=10336","2026-06-10","2026-06-11T11:14:42.801Z"
"naver-card-10498-source-1","naver-card-10498","editorial_reference","네이버 카드 검색 수집 데이터","https://m-card-search.naver.com/item?cardAdId=10498","2026-06-10","2026-06-11T11:14:42.801Z"
"naver-card-10058-source-1","naver-card-10058","editorial_reference","네이버 카드 검색 수집 데이터","https://m-card-search.naver.com/item?cardAdId=10058","2026-06-10","2026-06-11T11:14:42.801Z"
"naver-card-10453-source-1","naver-card-10453","editorial_reference","네이버 카드 검색 수집 데이터","https://m-card-search.naver.com/item?cardAdId=10453","2026-06-10","2026-06-11T11:14:42.801Z"
"naver-card-10448-source-1","naver-card-10448","editorial_reference","네이버 카드 검색 수집 데이터","https://m-card-search.naver.com/item?cardAdId=10448","2026-06-10","2026-06-11T11:14:42.801Z"
"naver-card-10301-source-1","naver-card-10301","editorial_reference","네이버 카드 검색 수집 데이터","https://m-card-search.naver.com/item?cardAdId=10301","2026-06-10","2026-06-11T11:14:42.801Z"
"naver-card-3076-source-1","naver-card-3076","editorial_reference","네이버 카드 검색 수집 데이터","https://m-card-search.naver.com/item?cardAdId=3076","2026-06-10","2026-06-11T11:14:42.801Z"
"naver-card-10475-source-1","naver-card-10475","editorial_reference","네이버 카드 검색 수집 데이터","https://m-card-search.naver.com/item?cardAdId=10475","2026-06-10","2026-06-11T11:14:42.801Z"
"naver-card-10620-source-1","naver-card-10620","editorial_reference","네이버 카드 검색 수집 데이터","https://m-card-search.naver.com/item?cardAdId=10620","2026-06-10","2026-06-11T11:14:42.801Z"
"naver-card-10422-source-1","naver-card-10422","editorial_reference","네이버 카드 검색 수집 데이터","https://m-card-search.naver.com/item?cardAdId=10422","2026-06-10","2026-06-11T11:14:42.801Z"
"naver-card-10459-source-1","naver-card-10459","editorial_reference","네이버 카드 검색 수집 데이터","https://m-card-search.naver.com/item?cardAdId=10459","2026-06-10","2026-06-11T11:14:42.801Z"
"naver-card-10460-source-1","naver-card-10460","editorial_reference","네이버 카드 검색 수집 데이터","https://m-card-search.naver.com/item?cardAdId=10460","2026-06-10","2026-06-11T11:14:42.801Z"
"naver-card-10466-source-1","naver-card-10466","editorial_reference","네이버 카드 검색 수집 데이터","https://m-card-search.naver.com/item?cardAdId=10466","2026-06-10","2026-06-11T11:14:42.801Z"
"naver-card-10481-source-1","naver-card-10481","editorial_reference","네이버 카드 검색 수집 데이터","https://m-card-search.naver.com/item?cardAdId=10481","2026-06-10","2026-06-11T11:14:42.801Z"
"naver-card-10449-source-1","naver-card-10449","editorial_reference","네이버 카드 검색 수집 데이터","https://m-card-search.naver.com/item?cardAdId=10449","2026-06-10","2026-06-11T11:14:42.801Z"
"naver-card-10461-source-1","naver-card-10461","editorial_reference","네이버 카드 검색 수집 데이터","https://m-card-search.naver.com/item?cardAdId=10461","2026-06-10","2026-06-11T11:14:42.801Z"
"naver-card-10510-source-1","naver-card-10510","editorial_reference","네이버 카드 검색 수집 데이터","https://m-card-search.naver.com/item?cardAdId=10510","2026-06-10","2026-06-11T11:14:42.801Z"
"naver-card-835-source-1","naver-card-835","editorial_reference","네이버 카드 검색 수집 데이터","https://m-card-search.naver.com/item?cardAdId=835","2026-06-10","2026-06-11T11:14:42.801Z"
"naver-card-1470-source-1","naver-card-1470","editorial_reference","네이버 카드 검색 수집 데이터","https://m-card-search.naver.com/item?cardAdId=1470","2026-06-10","2026-06-11T11:14:42.801Z"
"naver-card-10386-source-1","naver-card-10386","editorial_reference","네이버 카드 검색 수집 데이터","https://m-card-search.naver.com/item?cardAdId=10386","2026-06-10","2026-06-11T11:14:42.801Z"
"naver-card-10489-source-1","naver-card-10489","editorial_reference","네이버 카드 검색 수집 데이터","https://m-card-search.naver.com/item?cardAdId=10489","2026-06-10","2026-06-11T11:14:42.801Z"
"naver-card-10574-source-1","naver-card-10574","editorial_reference","네이버 카드 검색 수집 데이터","https://m-card-search.naver.com/item?cardAdId=10574","2026-06-10","2026-06-11T11:14:42.801Z"
"naver-card-10423-source-1","naver-card-10423","editorial_reference","네이버 카드 검색 수집 데이터","https://m-card-search.naver.com/item?cardAdId=10423","2026-06-10","2026-06-11T11:14:42.801Z"
"naver-card-10627-source-1","naver-card-10627","editorial_reference","네이버 카드 검색 수집 데이터","https://m-card-search.naver.com/item?cardAdId=10627","2026-06-10","2026-06-11T11:14:42.801Z"
"naver-card-10570-source-1","naver-card-10570","editorial_reference","네이버 카드 검색 수집 데이터","https://m-card-search.naver.com/item?cardAdId=10570","2026-06-10","2026-06-11T11:14:42.801Z"
"naver-card-10569-source-1","naver-card-10569","editorial_reference","네이버 카드 검색 수집 데이터","https://m-card-search.naver.com/item?cardAdId=10569","2026-06-10","2026-06-11T11:14:42.801Z"
"naver-card-10059-source-1","naver-card-10059","editorial_reference","네이버 카드 검색 수집 데이터","https://m-card-search.naver.com/item?cardAdId=10059","2026-06-10","2026-06-11T11:14:42.801Z"
"naver-card-10619-source-1","naver-card-10619","editorial_reference","네이버 카드 검색 수집 데이터","https://m-card-search.naver.com/item?cardAdId=10619","2026-06-10","2026-06-11T11:14:42.801Z"
"naver-card-10371-source-1","naver-card-10371","editorial_reference","네이버 카드 검색 수집 데이터","https://m-card-search.naver.com/item?cardAdId=10371","2026-06-10","2026-06-11T11:14:42.801Z"
"naver-card-10628-source-1","naver-card-10628","editorial_reference","네이버 카드 검색 수집 데이터","https://m-card-search.naver.com/item?cardAdId=10628","2026-06-10","2026-06-11T11:14:42.801Z"
"naver-card-2533-source-1","naver-card-2533","editorial_reference","네이버 카드 검색 수집 데이터","https://m-card-search.naver.com/item?cardAdId=2533","2026-06-10","2026-06-11T11:14:42.801Z"
"naver-card-10053-source-1","naver-card-10053","editorial_reference","네이버 카드 검색 수집 데이터","https://m-card-search.naver.com/item?cardAdId=10053","2026-06-10","2026-06-11T11:14:42.801Z"
"naver-card-1591-source-1","naver-card-1591","editorial_reference","네이버 카드 검색 수집 데이터","https://m-card-search.naver.com/item?cardAdId=1591","2026-06-10","2026-06-11T11:14:42.801Z"
"naver-card-10609-source-1","naver-card-10609","editorial_reference","네이버 카드 검색 수집 데이터","https://m-card-search.naver.com/item?cardAdId=10609","2026-06-10","2026-06-11T11:14:42.801Z"
"naver-card-10469-source-1","naver-card-10469","editorial_reference","네이버 카드 검색 수집 데이터","https://m-card-search.naver.com/item?cardAdId=10469","2026-06-10","2026-06-11T11:14:42.801Z"
"naver-card-10416-source-1","naver-card-10416","editorial_reference","네이버 카드 검색 수집 데이터","https://m-card-search.naver.com/item?cardAdId=10416","2026-06-10","2026-06-11T11:14:42.801Z"
"naver-card-1570-source-1","naver-card-1570","editorial_reference","네이버 카드 검색 수집 데이터","https://m-card-search.naver.com/item?cardAdId=1570","2026-06-10","2026-06-11T11:14:42.801Z"
"naver-card-3756-source-1","naver-card-3756","editorial_reference","네이버 카드 검색 수집 데이터","https://m-card-search.naver.com/item?cardAdId=3756","2026-06-10","2026-06-11T11:14:42.801Z"
"naver-card-10467-source-1","naver-card-10467","editorial_reference","네이버 카드 검색 수집 데이터","https://m-card-search.naver.com/item?cardAdId=10467","2026-06-10","2026-06-11T11:14:42.801Z"
"naver-card-10402-source-1","naver-card-10402","editorial_reference","네이버 카드 검색 수집 데이터","https://m-card-search.naver.com/item?cardAdId=10402","2026-06-10","2026-06-11T11:14:42.801Z"
"naver-card-10080-source-1","naver-card-10080","editorial_reference","네이버 카드 검색 수집 데이터","https://m-card-search.naver.com/item?cardAdId=10080","2026-06-10","2026-06-11T11:14:42.801Z"
"naver-card-10493-source-1","naver-card-10493","editorial_reference","네이버 카드 검색 수집 데이터","https://m-card-search.naver.com/item?cardAdId=10493","2026-06-10","2026-06-11T11:14:42.801Z"
"naver-card-10151-source-1","naver-card-10151","editorial_reference","네이버 카드 검색 수집 데이터","https://m-card-search.naver.com/item?cardAdId=10151","2026-06-10","2026-06-11T11:14:42.801Z"
"naver-card-10207-source-1","naver-card-10207","editorial_reference","네이버 카드 검색 수집 데이터","https://m-card-search.naver.com/item?cardAdId=10207","2026-06-10","2026-06-11T11:14:42.801Z"
"naver-card-10313-source-1","naver-card-10313","editorial_reference","네이버 카드 검색 수집 데이터","https://m-card-search.naver.com/item?cardAdId=10313","2026-06-10","2026-06-11T11:14:42.801Z"
"naver-card-10327-source-1","naver-card-10327","editorial_reference","네이버 카드 검색 수집 데이터","https://m-card-search.naver.com/item?cardAdId=10327","2026-06-10","2026-06-11T11:14:42.801Z"
"naver-card-10260-source-1","naver-card-10260","editorial_reference","네이버 카드 검색 수집 데이터","https://m-card-search.naver.com/item?cardAdId=10260","2026-06-10","2026-06-11T11:14:42.801Z"
"naver-card-10187-source-1","naver-card-10187","editorial_reference","네이버 카드 검색 수집 데이터","https://m-card-search.naver.com/item?cardAdId=10187","2026-06-10","2026-06-11T11:14:42.801Z"
"naver-card-10584-source-1","naver-card-10584","editorial_reference","네이버 카드 검색 수집 데이터","https://m-card-search.naver.com/item?cardAdId=10584","2026-06-10","2026-06-11T11:14:42.801Z"
"naver-card-10409-source-1","naver-card-10409","editorial_reference","네이버 카드 검색 수집 데이터","https://m-card-search.naver.com/item?cardAdId=10409","2026-06-10","2026-06-11T11:14:42.801Z"
"naver-card-1292-source-1","naver-card-1292","editorial_reference","네이버 카드 검색 수집 데이터","https://m-card-search.naver.com/item?cardAdId=1292","2026-06-10","2026-06-11T11:14:42.801Z"
"naver-card-10201-source-1","naver-card-10201","editorial_reference","네이버 카드 검색 수집 데이터","https://m-card-search.naver.com/item?cardAdId=10201","2026-06-10","2026-06-11T11:14:42.801Z"
"naver-card-10617-source-1","naver-card-10617","editorial_reference","네이버 카드 검색 수집 데이터","https://m-card-search.naver.com/item?cardAdId=10617","2026-06-10","2026-06-11T11:14:42.801Z"
"naver-card-10410-source-1","naver-card-10410","editorial_reference","네이버 카드 검색 수집 데이터","https://m-card-search.naver.com/item?cardAdId=10410","2026-06-10","2026-06-11T11:14:42.801Z"
"naver-card-10396-source-1","naver-card-10396","editorial_reference","네이버 카드 검색 수집 데이터","https://m-card-search.naver.com/item?cardAdId=10396","2026-06-10","2026-06-11T11:14:42.801Z"
"naver-card-10506-source-1","naver-card-10506","editorial_reference","네이버 카드 검색 수집 데이터","https://m-card-search.naver.com/item?cardAdId=10506","2026-06-10","2026-06-11T11:14:42.801Z"
"naver-card-10535-source-1","naver-card-10535","editorial_reference","네이버 카드 검색 수집 데이터","https://m-card-search.naver.com/item?cardAdId=10535","2026-06-10","2026-06-11T11:14:42.801Z"
"naver-card-10346-source-1","naver-card-10346","editorial_reference","네이버 카드 검색 수집 데이터","https://m-card-search.naver.com/item?cardAdId=10346","2026-06-10","2026-06-11T11:14:42.801Z"
"naver-card-10378-source-1","naver-card-10378","editorial_reference","네이버 카드 검색 수집 데이터","https://m-card-search.naver.com/item?cardAdId=10378","2026-06-10","2026-06-11T11:14:42.801Z"
"naver-card-10128-source-1","naver-card-10128","editorial_reference","네이버 카드 검색 수집 데이터","https://m-card-search.naver.com/item?cardAdId=10128","2026-06-10","2026-06-11T11:14:42.801Z"
"naver-card-10491-source-1","naver-card-10491","editorial_reference","네이버 카드 검색 수집 데이터","https://m-card-search.naver.com/item?cardAdId=10491","2026-06-10","2026-06-11T11:14:42.801Z"
"naver-card-10385-source-1","naver-card-10385","editorial_reference","네이버 카드 검색 수집 데이터","https://m-card-search.naver.com/item?cardAdId=10385","2026-06-10","2026-06-11T11:14:42.801Z"
"naver-card-10479-source-1","naver-card-10479","editorial_reference","네이버 카드 검색 수집 데이터","https://m-card-search.naver.com/item?cardAdId=10479","2026-06-10","2026-06-11T11:14:42.801Z"
"naver-card-10314-source-1","naver-card-10314","editorial_reference","네이버 카드 검색 수집 데이터","https://m-card-search.naver.com/item?cardAdId=10314","2026-06-10","2026-06-11T11:14:42.801Z"
"naver-card-1400-source-1","naver-card-1400","editorial_reference","네이버 카드 검색 수집 데이터","https://m-card-search.naver.com/item?cardAdId=1400","2026-06-10","2026-06-11T11:14:42.801Z"
"naver-card-10465-source-1","naver-card-10465","editorial_reference","네이버 카드 검색 수집 데이터","https://m-card-search.naver.com/item?cardAdId=10465","2026-06-10","2026-06-11T11:14:42.801Z"
"naver-card-10373-source-1","naver-card-10373","editorial_reference","네이버 카드 검색 수집 데이터","https://m-card-search.naver.com/item?cardAdId=10373","2026-06-10","2026-06-11T11:14:42.801Z"
"naver-card-10219-source-1","naver-card-10219","editorial_reference","네이버 카드 검색 수집 데이터","https://m-card-search.naver.com/item?cardAdId=10219","2026-06-10","2026-06-11T11:14:42.801Z"
"naver-card-10076-source-1","naver-card-10076","editorial_reference","네이버 카드 검색 수집 데이터","https://m-card-search.naver.com/item?cardAdId=10076","2026-06-10","2026-06-11T11:14:42.801Z"
"naver-card-10507-source-1","naver-card-10507","editorial_reference","네이버 카드 검색 수집 데이터","https://m-card-search.naver.com/item?cardAdId=10507","2026-06-10","2026-06-11T11:14:42.801Z"
"naver-card-10455-source-1","naver-card-10455","editorial_reference","네이버 카드 검색 수집 데이터","https://m-card-search.naver.com/item?cardAdId=10455","2026-06-10","2026-06-11T11:14:42.801Z"
"naver-card-10622-source-1","naver-card-10622","editorial_reference","네이버 카드 검색 수집 데이터","https://m-card-search.naver.com/item?cardAdId=10622","2026-06-10","2026-06-11T11:14:42.801Z"
"naver-card-10394-source-1","naver-card-10394","editorial_reference","네이버 카드 검색 수집 데이터","https://m-card-search.naver.com/item?cardAdId=10394","2026-06-10","2026-06-11T11:14:42.801Z"
"naver-card-10500-source-1","naver-card-10500","editorial_reference","네이버 카드 검색 수집 데이터","https://m-card-search.naver.com/item?cardAdId=10500","2026-06-10","2026-06-11T11:14:42.801Z"
"naver-card-1614-source-1","naver-card-1614","editorial_reference","네이버 카드 검색 수집 데이터","https://m-card-search.naver.com/item?cardAdId=1614","2026-06-10","2026-06-11T11:14:42.801Z"
"naver-card-10400-source-1","naver-card-10400","editorial_reference","네이버 카드 검색 수집 데이터","https://m-card-search.naver.com/item?cardAdId=10400","2026-06-10","2026-06-11T11:14:42.801Z"
"naver-card-10573-source-1","naver-card-10573","editorial_reference","네이버 카드 검색 수집 데이터","https://m-card-search.naver.com/item?cardAdId=10573","2026-06-10","2026-06-11T11:14:42.801Z"
"naver-card-10441-source-1","naver-card-10441","editorial_reference","네이버 카드 검색 수집 데이터","https://m-card-search.naver.com/item?cardAdId=10441","2026-06-10","2026-06-11T11:14:42.801Z"
"naver-card-10350-source-1","naver-card-10350","editorial_reference","네이버 카드 검색 수집 데이터","https://m-card-search.naver.com/item?cardAdId=10350","2026-06-10","2026-06-11T11:14:42.801Z"
"naver-card-10528-source-1","naver-card-10528","editorial_reference","네이버 카드 검색 수집 데이터","https://m-card-search.naver.com/item?cardAdId=10528","2026-06-10","2026-06-11T11:14:42.801Z"
"naver-card-10401-source-1","naver-card-10401","editorial_reference","네이버 카드 검색 수집 데이터","https://m-card-search.naver.com/item?cardAdId=10401","2026-06-10","2026-06-11T11:14:42.801Z"
"naver-card-2487-source-1","naver-card-2487","editorial_reference","네이버 카드 검색 수집 데이터","https://m-card-search.naver.com/item?cardAdId=2487","2026-06-10","2026-06-11T11:14:42.801Z"
"naver-card-10562-source-1","naver-card-10562","editorial_reference","네이버 카드 검색 수집 데이터","https://m-card-search.naver.com/item?cardAdId=10562","2026-06-10","2026-06-11T11:14:42.801Z"
"naver-card-10189-source-1","naver-card-10189","editorial_reference","네이버 카드 검색 수집 데이터","https://m-card-search.naver.com/item?cardAdId=10189","2026-06-10","2026-06-11T11:14:42.801Z"
"naver-card-10399-source-1","naver-card-10399","editorial_reference","네이버 카드 검색 수집 데이터","https://m-card-search.naver.com/item?cardAdId=10399","2026-06-10","2026-06-11T11:14:42.801Z"
"naver-card-10420-source-1","naver-card-10420","editorial_reference","네이버 카드 검색 수집 데이터","https://m-card-search.naver.com/item?cardAdId=10420","2026-06-10","2026-06-11T11:14:42.801Z"
"naver-card-10565-source-1","naver-card-10565","editorial_reference","네이버 카드 검색 수집 데이터","https://m-card-search.naver.com/item?cardAdId=10565","2026-06-10","2026-06-11T11:14:42.801Z"
"naver-card-10362-source-1","naver-card-10362","editorial_reference","네이버 카드 검색 수집 데이터","https://m-card-search.naver.com/item?cardAdId=10362","2026-06-10","2026-06-11T11:14:42.801Z"
"naver-card-10608-source-1","naver-card-10608","editorial_reference","네이버 카드 검색 수집 데이터","https://m-card-search.naver.com/item?cardAdId=10608","2026-06-10","2026-06-11T11:14:42.801Z"
"naver-card-1243-source-1","naver-card-1243","editorial_reference","네이버 카드 검색 수집 데이터","https://m-card-search.naver.com/item?cardAdId=1243","2026-06-10","2026-06-11T11:14:42.801Z"
"naver-card-10384-source-1","naver-card-10384","editorial_reference","네이버 카드 검색 수집 데이터","https://m-card-search.naver.com/item?cardAdId=10384","2026-06-10","2026-06-11T11:14:42.801Z"
"naver-card-10581-source-1","naver-card-10581","editorial_reference","네이버 카드 검색 수집 데이터","https://m-card-search.naver.com/item?cardAdId=10581","2026-06-10","2026-06-11T11:14:42.801Z"
"naver-card-2418-source-1","naver-card-2418","editorial_reference","네이버 카드 검색 수집 데이터","https://m-card-search.naver.com/item?cardAdId=2418","2026-06-10","2026-06-11T11:14:42.801Z"
"naver-card-10518-source-1","naver-card-10518","editorial_reference","네이버 카드 검색 수집 데이터","https://m-card-search.naver.com/item?cardAdId=10518","2026-06-10","2026-06-11T11:14:42.801Z"
"naver-card-10225-source-1","naver-card-10225","editorial_reference","네이버 카드 검색 수집 데이터","https://m-card-search.naver.com/item?cardAdId=10225","2026-06-10","2026-06-11T11:14:42.801Z"
"naver-card-10618-source-1","naver-card-10618","editorial_reference","네이버 카드 검색 수집 데이터","https://m-card-search.naver.com/item?cardAdId=10618","2026-06-10","2026-06-11T11:14:42.801Z"
"naver-card-10186-source-1","naver-card-10186","editorial_reference","네이버 카드 검색 수집 데이터","https://m-card-search.naver.com/item?cardAdId=10186","2026-06-10","2026-06-11T11:14:42.801Z"
"naver-card-10297-source-1","naver-card-10297","editorial_reference","네이버 카드 검색 수집 데이터","https://m-card-search.naver.com/item?cardAdId=10297","2026-06-10","2026-06-11T11:14:42.801Z"
"naver-card-10262-source-1","naver-card-10262","editorial_reference","네이버 카드 검색 수집 데이터","https://m-card-search.naver.com/item?cardAdId=10262","2026-06-10","2026-06-11T11:14:42.801Z"
"naver-card-2349-source-1","naver-card-2349","editorial_reference","네이버 카드 검색 수집 데이터","https://m-card-search.naver.com/item?cardAdId=2349","2026-06-10","2026-06-11T11:14:42.801Z"
"naver-card-10223-source-1","naver-card-10223","editorial_reference","네이버 카드 검색 수집 데이터","https://m-card-search.naver.com/item?cardAdId=10223","2026-06-10","2026-06-11T11:14:42.801Z"
"naver-card-652-source-1","naver-card-652","editorial_reference","네이버 카드 검색 수집 데이터","https://m-card-search.naver.com/item?cardAdId=652","2026-06-10","2026-06-11T11:14:42.801Z"
"naver-card-10160-source-1","naver-card-10160","editorial_reference","네이버 카드 검색 수집 데이터","https://m-card-search.naver.com/item?cardAdId=10160","2026-06-10","2026-06-11T11:14:42.801Z"
"naver-card-3996-source-1","naver-card-3996","editorial_reference","네이버 카드 검색 수집 데이터","https://m-card-search.naver.com/item?cardAdId=3996","2026-06-10","2026-06-11T11:14:42.801Z"
"naver-card-10436-source-1","naver-card-10436","editorial_reference","네이버 카드 검색 수집 데이터","https://m-card-search.naver.com/item?cardAdId=10436","2026-06-10","2026-06-11T11:14:42.801Z"
"naver-card-10625-source-1","naver-card-10625","editorial_reference","네이버 카드 검색 수집 데이터","https://m-card-search.naver.com/item?cardAdId=10625","2026-06-10","2026-06-11T11:14:42.801Z"
"naver-card-10361-source-1","naver-card-10361","editorial_reference","네이버 카드 검색 수집 데이터","https://m-card-search.naver.com/item?cardAdId=10361","2026-06-10","2026-06-11T11:14:42.801Z"
"naver-card-10607-source-1","naver-card-10607","editorial_reference","네이버 카드 검색 수집 데이터","https://m-card-search.naver.com/item?cardAdId=10607","2026-06-10","2026-06-11T11:14:42.801Z"
"naver-card-10525-source-1","naver-card-10525","editorial_reference","네이버 카드 검색 수집 데이터","https://m-card-search.naver.com/item?cardAdId=10525","2026-06-10","2026-06-11T11:14:42.801Z"
"naver-card-10488-source-1","naver-card-10488","editorial_reference","네이버 카드 검색 수집 데이터","https://m-card-search.naver.com/item?cardAdId=10488","2026-06-10","2026-06-11T11:14:42.801Z"
"naver-card-10636-source-1","naver-card-10636","editorial_reference","네이버 카드 검색 수집 데이터","https://m-card-search.naver.com/item?cardAdId=10636","2026-06-10","2026-06-11T11:14:42.801Z"
"naver-card-10637-source-1","naver-card-10637","editorial_reference","네이버 카드 검색 수집 데이터","https://m-card-search.naver.com/item?cardAdId=10637","2026-06-10","2026-06-11T11:14:42.801Z"
"naver-card-10638-source-1","naver-card-10638","editorial_reference","네이버 카드 검색 수집 데이터","https://m-card-search.naver.com/item?cardAdId=10638","2026-06-10","2026-06-11T11:14:42.801Z"
"naver-card-10640-source-1","naver-card-10640","editorial_reference","네이버 카드 검색 수집 데이터","https://m-card-search.naver.com/item?cardAdId=10640","2026-06-10","2026-06-11T11:14:42.801Z"
"naver-card-3777-source-1","naver-card-3777","editorial_reference","네이버 카드 검색 수집 데이터","https://m-card-search.naver.com/item?cardAdId=3777","2026-06-10","2026-06-11T11:14:42.801Z"
"naver-card-3776-source-1","naver-card-3776","editorial_reference","네이버 카드 검색 수집 데이터","https://m-card-search.naver.com/item?cardAdId=3776","2026-06-10","2026-06-11T11:14:42.801Z"
"naver-card-10383-source-1","naver-card-10383","editorial_reference","네이버 카드 검색 수집 데이터","https://m-card-search.naver.com/item?cardAdId=10383","2026-06-10","2026-06-11T11:14:42.801Z"
"naver-card-10289-source-1","naver-card-10289","editorial_reference","네이버 카드 검색 수집 데이터","https://m-card-search.naver.com/item?cardAdId=10289","2026-06-10","2026-06-11T11:14:42.801Z"
"naver-card-10442-source-1","naver-card-10442","editorial_reference","네이버 카드 검색 수집 데이터","https://m-card-search.naver.com/item?cardAdId=10442","2026-06-10","2026-06-11T11:14:42.801Z"
"naver-card-3055-source-1","naver-card-3055","editorial_reference","네이버 카드 검색 수집 데이터","https://m-card-search.naver.com/item?cardAdId=3055","2026-06-10","2026-06-11T11:14:42.801Z"
"naver-card-10363-source-1","naver-card-10363","editorial_reference","네이버 카드 검색 수집 데이터","https://m-card-search.naver.com/item?cardAdId=10363","2026-06-10","2026-06-11T11:14:42.801Z"
"naver-card-3257-source-1","naver-card-3257","editorial_reference","네이버 카드 검색 수집 데이터","https://m-card-search.naver.com/item?cardAdId=3257","2026-06-10","2026-06-11T11:14:42.801Z"
"naver-card-2206-source-1","naver-card-2206","editorial_reference","네이버 카드 검색 수집 데이터","https://m-card-search.naver.com/item?cardAdId=2206","2026-06-10","2026-06-11T11:14:42.801Z"
"naver-card-10464-source-1","naver-card-10464","editorial_reference","네이버 카드 검색 수집 데이터","https://m-card-search.naver.com/item?cardAdId=10464","2026-06-10","2026-06-11T11:14:42.801Z"
"naver-card-10456-source-1","naver-card-10456","editorial_reference","네이버 카드 검색 수집 데이터","https://m-card-search.naver.com/item?cardAdId=10456","2026-06-10","2026-06-11T11:14:42.801Z"
"naver-card-10388-source-1","naver-card-10388","editorial_reference","네이버 카드 검색 수집 데이터","https://m-card-search.naver.com/item?cardAdId=10388","2026-06-10","2026-06-11T11:14:42.801Z"
"naver-card-10564-source-1","naver-card-10564","editorial_reference","네이버 카드 검색 수집 데이터","https://m-card-search.naver.com/item?cardAdId=10564","2026-06-10","2026-06-11T11:14:42.801Z"
"naver-card-10308-source-1","naver-card-10308","editorial_reference","네이버 카드 검색 수집 데이터","https://m-card-search.naver.com/item?cardAdId=10308","2026-06-10","2026-06-11T11:14:42.801Z"
"naver-card-10421-source-1","naver-card-10421","editorial_reference","네이버 카드 검색 수집 데이터","https://m-card-search.naver.com/item?cardAdId=10421","2026-06-10","2026-06-11T11:14:42.801Z"
"naver-card-10226-source-1","naver-card-10226","editorial_reference","네이버 카드 검색 수집 데이터","https://m-card-search.naver.com/item?cardAdId=10226","2026-06-10","2026-06-11T11:14:42.801Z"
"naver-card-10429-source-1","naver-card-10429","editorial_reference","네이버 카드 검색 수집 데이터","https://m-card-search.naver.com/item?cardAdId=10429","2026-06-10","2026-06-11T11:14:42.801Z"
"naver-card-10582-source-1","naver-card-10582","editorial_reference","네이버 카드 검색 수집 데이터","https://m-card-search.naver.com/item?cardAdId=10582","2026-06-10","2026-06-11T11:14:42.801Z"
"naver-card-10517-source-1","naver-card-10517","editorial_reference","네이버 카드 검색 수집 데이터","https://m-card-search.naver.com/item?cardAdId=10517","2026-06-10","2026-06-11T11:14:42.801Z"
"naver-card-10390-source-1","naver-card-10390","editorial_reference","네이버 카드 검색 수집 데이터","https://m-card-search.naver.com/item?cardAdId=10390","2026-06-10","2026-06-11T11:14:42.801Z"
"naver-card-10372-source-1","naver-card-10372","editorial_reference","네이버 카드 검색 수집 데이터","https://m-card-search.naver.com/item?cardAdId=10372","2026-06-10","2026-06-11T11:14:42.801Z"
"naver-card-10264-source-1","naver-card-10264","editorial_reference","네이버 카드 검색 수집 데이터","https://m-card-search.naver.com/item?cardAdId=10264","2026-06-10","2026-06-11T11:14:42.801Z"
"naver-card-10621-source-1","naver-card-10621","editorial_reference","네이버 카드 검색 수집 데이터","https://m-card-search.naver.com/item?cardAdId=10621","2026-06-10","2026-06-11T11:14:42.801Z"
"naver-card-10624-source-1","naver-card-10624","editorial_reference","네이버 카드 검색 수집 데이터","https://m-card-search.naver.com/item?cardAdId=10624","2026-06-10","2026-06-11T11:14:42.801Z"
"naver-card-10496-source-1","naver-card-10496","editorial_reference","네이버 카드 검색 수집 데이터","https://m-card-search.naver.com/item?cardAdId=10496","2026-06-10","2026-06-11T11:14:42.801Z"
"naver-card-2886-source-1","naver-card-2886","editorial_reference","네이버 카드 검색 수집 데이터","https://m-card-search.naver.com/item?cardAdId=2886","2026-06-10","2026-06-11T11:14:42.801Z"
"naver-card-10287-source-1","naver-card-10287","editorial_reference","네이버 카드 검색 수집 데이터","https://m-card-search.naver.com/item?cardAdId=10287","2026-06-10","2026-06-11T11:14:42.801Z"
"naver-card-10033-source-1","naver-card-10033","editorial_reference","네이버 카드 검색 수집 데이터","https://m-card-search.naver.com/item?cardAdId=10033","2026-06-10","2026-06-11T11:14:42.801Z"
"naver-card-10556-source-1","naver-card-10556","editorial_reference","네이버 카드 검색 수집 데이터","https://m-card-search.naver.com/item?cardAdId=10556","2026-06-10","2026-06-11T11:14:42.801Z"
"naver-card-10405-source-1","naver-card-10405","editorial_reference","네이버 카드 검색 수집 데이터","https://m-card-search.naver.com/item?cardAdId=10405","2026-06-10","2026-06-11T11:14:42.801Z"
"naver-card-2757-source-1","naver-card-2757","editorial_reference","네이버 카드 검색 수집 데이터","https://m-card-search.naver.com/item?cardAdId=2757","2026-06-10","2026-06-11T11:14:42.801Z"
"naver-card-3958-source-1","naver-card-3958","editorial_reference","네이버 카드 검색 수집 데이터","https://m-card-search.naver.com/item?cardAdId=3958","2026-06-10","2026-06-11T11:14:42.801Z"
"naver-card-10369-source-1","naver-card-10369","editorial_reference","네이버 카드 검색 수집 데이터","https://m-card-search.naver.com/item?cardAdId=10369","2026-06-10","2026-06-11T11:14:42.801Z"
"naver-card-10325-source-1","naver-card-10325","editorial_reference","네이버 카드 검색 수집 데이터","https://m-card-search.naver.com/item?cardAdId=10325","2026-06-10","2026-06-11T11:14:42.801Z"
"naver-card-10545-source-1","naver-card-10545","editorial_reference","네이버 카드 검색 수집 데이터","https://m-card-search.naver.com/item?cardAdId=10545","2026-06-10","2026-06-11T11:14:42.801Z"
"naver-card-1597-source-1","naver-card-1597","editorial_reference","네이버 카드 검색 수집 데이터","https://m-card-search.naver.com/item?cardAdId=1597","2026-06-10","2026-06-11T11:14:42.801Z"
"naver-card-10563-source-1","naver-card-10563","editorial_reference","네이버 카드 검색 수집 데이터","https://m-card-search.naver.com/item?cardAdId=10563","2026-06-10","2026-06-11T11:14:42.801Z"
"naver-card-10634-source-1","naver-card-10634","editorial_reference","네이버 카드 검색 수집 데이터","https://m-card-search.naver.com/item?cardAdId=10634","2026-06-10","2026-06-11T11:14:42.801Z"
"naver-card-10576-source-1","naver-card-10576","editorial_reference","네이버 카드 검색 수집 데이터","https://m-card-search.naver.com/item?cardAdId=10576","2026-06-10","2026-06-11T11:14:42.801Z"
"naver-card-10549-source-1","naver-card-10549","editorial_reference","네이버 카드 검색 수집 데이터","https://m-card-search.naver.com/item?cardAdId=10549","2026-06-10","2026-06-11T11:14:42.801Z"
"naver-card-10306-source-1","naver-card-10306","editorial_reference","네이버 카드 검색 수집 데이터","https://m-card-search.naver.com/item?cardAdId=10306","2026-06-10","2026-06-11T11:14:42.801Z"
"naver-card-10294-source-1","naver-card-10294","editorial_reference","네이버 카드 검색 수집 데이터","https://m-card-search.naver.com/item?cardAdId=10294","2026-06-10","2026-06-11T11:14:42.801Z"
"naver-card-10527-source-1","naver-card-10527","editorial_reference","네이버 카드 검색 수집 데이터","https://m-card-search.naver.com/item?cardAdId=10527","2026-06-10","2026-06-11T11:14:42.801Z"
"naver-card-10513-source-1","naver-card-10513","editorial_reference","네이버 카드 검색 수집 데이터","https://m-card-search.naver.com/item?cardAdId=10513","2026-06-10","2026-06-11T11:14:42.801Z"
"naver-card-10578-source-1","naver-card-10578","editorial_reference","네이버 카드 검색 수집 데이터","https://m-card-search.naver.com/item?cardAdId=10578","2026-06-10","2026-06-11T11:14:42.801Z"
"naver-card-1773-source-1","naver-card-1773","editorial_reference","네이버 카드 검색 수집 데이터","https://m-card-search.naver.com/item?cardAdId=1773","2026-06-10","2026-06-11T11:14:42.801Z"
"naver-card-10305-source-1","naver-card-10305","editorial_reference","네이버 카드 검색 수집 데이터","https://m-card-search.naver.com/item?cardAdId=10305","2026-06-10","2026-06-11T11:14:42.801Z"
"naver-card-10567-source-1","naver-card-10567","editorial_reference","네이버 카드 검색 수집 데이터","https://m-card-search.naver.com/item?cardAdId=10567","2026-06-10","2026-06-11T11:14:42.801Z"
"naver-card-10555-source-1","naver-card-10555","editorial_reference","네이버 카드 검색 수집 데이터","https://m-card-search.naver.com/item?cardAdId=10555","2026-06-10","2026-06-11T11:14:42.801Z"
"naver-card-10277-source-1","naver-card-10277","editorial_reference","네이버 카드 검색 수집 데이터","https://m-card-search.naver.com/item?cardAdId=10277","2026-06-10","2026-06-11T11:14:42.801Z"
"naver-card-10505-source-1","naver-card-10505","editorial_reference","네이버 카드 검색 수집 데이터","https://m-card-search.naver.com/item?cardAdId=10505","2026-06-10","2026-06-11T11:14:42.801Z"
"naver-card-10577-source-1","naver-card-10577","editorial_reference","네이버 카드 검색 수집 데이터","https://m-card-search.naver.com/item?cardAdId=10577","2026-06-10","2026-06-11T11:14:42.801Z"
"naver-card-10241-source-1","naver-card-10241","editorial_reference","네이버 카드 검색 수집 데이터","https://m-card-search.naver.com/item?cardAdId=10241","2026-06-10","2026-06-11T11:14:42.801Z"
"naver-card-10438-source-1","naver-card-10438","editorial_reference","네이버 카드 검색 수집 데이터","https://m-card-search.naver.com/item?cardAdId=10438","2026-06-10","2026-06-11T11:14:42.801Z"
"naver-card-10029-source-1","naver-card-10029","editorial_reference","네이버 카드 검색 수집 데이터","https://m-card-search.naver.com/item?cardAdId=10029","2026-06-10","2026-06-11T11:14:42.801Z"
"naver-card-10477-source-1","naver-card-10477","editorial_reference","네이버 카드 검색 수집 데이터","https://m-card-search.naver.com/item?cardAdId=10477","2026-06-10","2026-06-11T11:14:42.801Z"
"naver-card-10211-source-1","naver-card-10211","editorial_reference","네이버 카드 검색 수집 데이터","https://m-card-search.naver.com/item?cardAdId=10211","2026-06-10","2026-06-11T11:14:42.801Z"
"naver-card-10458-source-1","naver-card-10458","editorial_reference","네이버 카드 검색 수집 데이터","https://m-card-search.naver.com/item?cardAdId=10458","2026-06-10","2026-06-11T11:14:42.801Z"
"naver-card-3258-source-1","naver-card-3258","editorial_reference","네이버 카드 검색 수집 데이터","https://m-card-search.naver.com/item?cardAdId=3258","2026-06-10","2026-06-11T11:14:42.801Z"
"naver-card-10404-source-1","naver-card-10404","editorial_reference","네이버 카드 검색 수집 데이터","https://m-card-search.naver.com/item?cardAdId=10404","2026-06-10","2026-06-11T11:14:42.801Z"
"naver-card-4096-source-1","naver-card-4096","editorial_reference","네이버 카드 검색 수집 데이터","https://m-card-search.naver.com/item?cardAdId=4096","2026-06-10","2026-06-11T11:14:42.801Z"
"naver-card-10559-source-1","naver-card-10559","editorial_reference","네이버 카드 검색 수집 데이터","https://m-card-search.naver.com/item?cardAdId=10559","2026-06-10","2026-06-11T11:14:42.801Z"
"naver-card-10546-source-1","naver-card-10546","editorial_reference","네이버 카드 검색 수집 데이터","https://m-card-search.naver.com/item?cardAdId=10546","2026-06-10","2026-06-11T11:14:42.801Z"
"naver-card-10445-source-1","naver-card-10445","editorial_reference","네이버 카드 검색 수집 데이터","https://m-card-search.naver.com/item?cardAdId=10445","2026-06-10","2026-06-11T11:14:42.801Z"
"naver-card-10630-source-1","naver-card-10630","editorial_reference","네이버 카드 검색 수집 데이터","https://m-card-search.naver.com/item?cardAdId=10630","2026-06-10","2026-06-11T11:14:42.801Z"
"naver-card-10419-source-1","naver-card-10419","editorial_reference","네이버 카드 검색 수집 데이터","https://m-card-search.naver.com/item?cardAdId=10419","2026-06-10","2026-06-11T11:14:42.801Z"
"naver-card-10583-source-1","naver-card-10583","editorial_reference","네이버 카드 검색 수집 데이터","https://m-card-search.naver.com/item?cardAdId=10583","2026-06-10","2026-06-11T11:14:42.801Z"
"naver-card-10571-source-1","naver-card-10571","editorial_reference","네이버 카드 검색 수집 데이터","https://m-card-search.naver.com/item?cardAdId=10571","2026-06-10","2026-06-11T11:14:42.801Z"
"naver-card-10543-source-1","naver-card-10543","editorial_reference","네이버 카드 검색 수집 데이터","https://m-card-search.naver.com/item?cardAdId=10543","2026-06-10","2026-06-11T11:14:42.801Z"
"naver-card-10632-source-1","naver-card-10632","editorial_reference","네이버 카드 검색 수집 데이터","https://m-card-search.naver.com/item?cardAdId=10632","2026-06-10","2026-06-11T11:14:42.801Z"
"naver-card-10495-source-1","naver-card-10495","editorial_reference","네이버 카드 검색 수집 데이터","https://m-card-search.naver.com/item?cardAdId=10495","2026-06-10","2026-06-11T11:14:42.801Z"
"naver-card-10629-source-1","naver-card-10629","editorial_reference","네이버 카드 검색 수집 데이터","https://m-card-search.naver.com/item?cardAdId=10629","2026-06-10","2026-06-11T11:14:42.801Z"
"naver-card-2414-source-1","naver-card-2414","editorial_reference","네이버 카드 검색 수집 데이터","https://m-card-search.naver.com/item?cardAdId=2414","2026-06-10","2026-06-11T11:14:42.801Z"
"naver-card-10437-source-1","naver-card-10437","editorial_reference","네이버 카드 검색 수집 데이터","https://m-card-search.naver.com/item?cardAdId=10437","2026-06-10","2026-06-11T11:14:42.801Z"
"naver-card-10539-source-1","naver-card-10539","editorial_reference","네이버 카드 검색 수집 데이터","https://m-card-search.naver.com/item?cardAdId=10539","2026-06-10","2026-06-11T11:14:42.801Z"
"naver-card-10631-source-1","naver-card-10631","editorial_reference","네이버 카드 검색 수집 데이터","https://m-card-search.naver.com/item?cardAdId=10631","2026-06-10","2026-06-11T11:14:42.801Z"
"naver-card-10541-source-1","naver-card-10541","editorial_reference","네이버 카드 검색 수집 데이터","https://m-card-search.naver.com/item?cardAdId=10541","2026-06-10","2026-06-11T11:14:42.801Z"
"naver-card-10542-source-1","naver-card-10542","editorial_reference","네이버 카드 검색 수집 데이터","https://m-card-search.naver.com/item?cardAdId=10542","2026-06-10","2026-06-11T11:14:42.801Z"
"naver-card-10322-source-1","naver-card-10322","editorial_reference","네이버 카드 검색 수집 데이터","https://m-card-search.naver.com/item?cardAdId=10322","2026-06-10","2026-06-11T11:14:42.801Z"
"naver-card-10345-source-1","naver-card-10345","editorial_reference","네이버 카드 검색 수집 데이터","https://m-card-search.naver.com/item?cardAdId=10345","2026-06-10","2026-06-11T11:14:42.801Z"
"naver-card-10387-source-1","naver-card-10387","editorial_reference","네이버 카드 검색 수집 데이터","https://m-card-search.naver.com/item?cardAdId=10387","2026-06-10","2026-06-11T11:14:42.801Z"
