"cap_group_id","card_id","group_name","tier_id","group_monthly_cap","included_benefit_ids","is_separate_from_main_cap","exported_at"
"naver-card-10304-tier-1-0-main-cap","naver-card-10304","main_monthly_cap","naver-card-10304-tier-1-0","20000","naver-card-10304-shopping-0 | naver-card-10304-ott-1 | naver-card-10304-medical-2 | naver-card-10304-etc-3 | naver-card-10304-convenience-4","false","2026-06-11T11:14:42.801Z"
"naver-card-10623-tier-1-0-main-cap","naver-card-10623","main_monthly_cap","naver-card-10623-tier-1-0","10000","naver-card-10623-etc-0","false","2026-06-11T11:14:42.801Z"
"naver-card-1530-tier-1-300000-main-cap","naver-card-1530","main_monthly_cap","naver-card-1530-tier-1-300000","20000","naver-card-1530-etc-0 | naver-card-1530-shopping-1 | naver-card-1530-coffee-2 | naver-card-1530-convenience-3 | naver-card-1530-telecom-4","false","2026-06-11T11:14:42.801Z"
"naver-card-10333-tier-1-300000-main-cap","naver-card-10333","main_monthly_cap","naver-card-10333-tier-1-300000","20000","naver-card-10333-etc-0 | naver-card-10333-shopping-1 | naver-card-10333-coffee-2 | naver-card-10333-convenience-3 | naver-card-10333-mart-4","false","2026-06-11T11:14:42.801Z"
"naver-card-10105-tier-1-0-main-cap","naver-card-10105","main_monthly_cap","naver-card-10105-tier-1-0","20000","naver-card-10105-etc-0 | naver-card-10105-coffee-1 | naver-card-10105-shopping-2 | naver-card-10105-medical-3 | naver-card-10105-mart-4","false","2026-06-11T11:14:42.801Z"
"naver-card-10615-tier-1-0-main-cap","naver-card-10615","main_monthly_cap","naver-card-10615-tier-1-0","20000","naver-card-10615-etc-0 | naver-card-10615-shopping-1 | naver-card-10615-medical-2 | naver-card-10615-coffee-3 | naver-card-10615-mart-4","false","2026-06-11T11:14:42.801Z"
"naver-card-10375-tier-1-0-main-cap","naver-card-10375","main_monthly_cap","naver-card-10375-tier-1-0","20000","naver-card-10375-etc-0 | naver-card-10375-ott-1 | naver-card-10375-medical-2 | naver-card-10375-convenience-3 | naver-card-10375-dining-4","false","2026-06-11T11:14:42.801Z"
"naver-card-10176-tier-1-0-main-cap","naver-card-10176","main_monthly_cap","naver-card-10176-tier-1-0","10000","naver-card-10176-etc-0","false","2026-06-11T11:14:42.801Z"
"naver-card-10141-tier-1-500000-main-cap","naver-card-10141","main_monthly_cap","naver-card-10141-tier-1-500000","32000","naver-card-10141-etc-0 | naver-card-10141-telecom-1 | naver-card-10141-transport-2 | naver-card-10141-dining-3 | naver-card-10141-education-4","false","2026-06-11T11:14:42.801Z"
"naver-card-10157-tier-1-0-main-cap","naver-card-10157","main_monthly_cap","naver-card-10157-tier-1-0","20000","naver-card-10157-fuel-0 | naver-card-10157-shopping-1 | naver-card-10157-mart-2 | naver-card-10157-convenience-3 | naver-card-10157-telecom-4","false","2026-06-11T11:14:42.801Z"
"naver-card-10307-tier-1-400000-main-cap","naver-card-10307","main_monthly_cap","naver-card-10307-tier-1-400000","10000","naver-card-10307-telecom-0 | naver-card-10307-etc-1","false","2026-06-11T11:14:42.801Z"
"naver-card-1531-tier-1-0-main-cap","naver-card-1531","main_monthly_cap","naver-card-1531-tier-1-0","20000","naver-card-1531-fuel-0 | naver-card-1531-shopping-1 | naver-card-1531-etc-2 | naver-card-1531-coffee-3 | naver-card-1531-mart-4","false","2026-06-11T11:14:42.801Z"
"naver-card-10309-tier-1-300000-main-cap","naver-card-10309","main_monthly_cap","naver-card-10309-tier-1-300000","10000","naver-card-10309-telecom-0","false","2026-06-11T11:14:42.801Z"
"naver-card-10452-tier-1-200000-main-cap","naver-card-10452","main_monthly_cap","naver-card-10452-tier-1-200000","20000","naver-card-10452-shopping-0 | naver-card-10452-coffee-1 | naver-card-10452-mart-2 | naver-card-10452-convenience-3 | naver-card-10452-fuel-4","false","2026-06-11T11:14:42.801Z"
"naver-card-10522-tier-1-400000-main-cap","naver-card-10522","main_monthly_cap","naver-card-10522-tier-1-400000","20000","naver-card-10522-fuel-0 | naver-card-10522-medical-1 | naver-card-10522-shopping-2 | naver-card-10522-etc-3 | naver-card-10522-telecom-4","false","2026-06-11T11:14:42.801Z"
"naver-card-10332-tier-1-300000-main-cap","naver-card-10332","main_monthly_cap","naver-card-10332-tier-1-300000","20000","naver-card-10332-etc-0 | naver-card-10332-shopping-1 | naver-card-10332-coffee-2 | naver-card-10332-convenience-3 | naver-card-10332-transport-4","false","2026-06-11T11:14:42.801Z"
"naver-card-10102-tier-1-300000-main-cap","naver-card-10102","main_monthly_cap","naver-card-10102-tier-1-300000","20000","naver-card-10102-dining-0 | naver-card-10102-coffee-1 | naver-card-10102-shopping-2 | naver-card-10102-etc-3 | naver-card-10102-transport-4","false","2026-06-11T11:14:42.801Z"
"naver-card-1294-tier-1-300000-main-cap","naver-card-1294","main_monthly_cap","naver-card-1294-tier-1-300000","20000","naver-card-1294-fuel-0 | naver-card-1294-mart-1 | naver-card-1294-telecom-2 | naver-card-1294-transport-3 | naver-card-1294-shopping-4","false","2026-06-11T11:14:42.801Z"
"naver-card-10343-tier-1-500000-main-cap","naver-card-10343","main_monthly_cap","naver-card-10343-tier-1-500000","32000","naver-card-10343-etc-0 | naver-card-10343-fuel-1 | naver-card-10343-shopping-2 | naver-card-10343-convenience-3 | naver-card-10343-coffee-4","false","2026-06-11T11:14:42.801Z"
"naver-card-1684-tier-1-300000-main-cap","naver-card-1684","main_monthly_cap","naver-card-1684-tier-1-300000","10000","naver-card-1684-shopping-0","false","2026-06-11T11:14:42.801Z"
"naver-card-10310-tier-1-400000-main-cap","naver-card-10310","main_monthly_cap","naver-card-10310-tier-1-400000","10000","naver-card-10310-telecom-0","false","2026-06-11T11:14:42.801Z"
"naver-card-10216-tier-1-400000-main-cap","naver-card-10216","main_monthly_cap","naver-card-10216-tier-1-400000","20000","naver-card-10216-shopping-0 | naver-card-10216-convenience-1 | naver-card-10216-dining-2 | naver-card-10216-telecom-3 | naver-card-10216-transport-4","false","2026-06-11T11:14:42.801Z"
"naver-card-115-tier-1-300000-main-cap","naver-card-115","main_monthly_cap","naver-card-115-tier-1-300000","20000","naver-card-115-fuel-0 | naver-card-115-telecom-1 | naver-card-115-transport-2 | naver-card-115-dining-3 | naver-card-115-coffee-4","false","2026-06-11T11:14:42.801Z"
"naver-card-1408-tier-1-300000-main-cap","naver-card-1408","main_monthly_cap","naver-card-1408-tier-1-300000","20000","naver-card-1408-etc-0 | naver-card-1408-telecom-1 | naver-card-1408-convenience-2 | naver-card-1408-medical-3 | naver-card-1408-shopping-4","false","2026-06-11T11:14:42.801Z"
"naver-card-10611-tier-1-300000-main-cap","naver-card-10611","main_monthly_cap","naver-card-10611-tier-1-300000","20000","naver-card-10611-shopping-0 | naver-card-10611-dining-1 | naver-card-10611-coffee-2 | naver-card-10611-transport-3 | naver-card-10611-telecom-4","false","2026-06-11T11:14:42.801Z"
"naver-card-10612-tier-1-500000-main-cap","naver-card-10612","main_monthly_cap","naver-card-10612-tier-1-500000","28000","naver-card-10612-etc-0 | naver-card-10612-shopping-1","false","2026-06-11T11:14:42.801Z"
"naver-card-10358-tier-1-400000-main-cap","naver-card-10358","main_monthly_cap","naver-card-10358-tier-1-400000","20000","naver-card-10358-etc-0 | naver-card-10358-telecom-1 | naver-card-10358-shopping-2 | naver-card-10358-mart-3","false","2026-06-11T11:14:42.801Z"
"naver-card-2337-tier-1-300000-main-cap","naver-card-2337","main_monthly_cap","naver-card-2337-tier-1-300000","20000","naver-card-2337-fuel-0 | naver-card-2337-convenience-1 | naver-card-2337-coffee-2 | naver-card-2337-transport-3 | naver-card-2337-etc-4","false","2026-06-11T11:14:42.801Z"
"naver-card-10286-tier-1-500000-main-cap","naver-card-10286","main_monthly_cap","naver-card-10286-tier-1-500000","16000","naver-card-10286-travel-0 | naver-card-10286-etc-1","false","2026-06-11T11:14:42.801Z"
"naver-card-10616-tier-1-0-main-cap","naver-card-10616","main_monthly_cap","naver-card-10616-tier-1-0","20000","naver-card-10616-etc-0 | naver-card-10616-shopping-1 | naver-card-10616-medical-2 | naver-card-10616-coffee-3 | naver-card-10616-mart-4","false","2026-06-11T11:14:42.801Z"
"naver-card-10303-tier-1-0-main-cap","naver-card-10303","main_monthly_cap","naver-card-10303-tier-1-0","20000","naver-card-10303-shopping-0 | naver-card-10303-etc-1 | naver-card-10303-ott-2 | naver-card-10303-medical-3 | naver-card-10303-convenience-4","false","2026-06-11T11:14:42.801Z"
"naver-card-1322-tier-1-300000-main-cap","naver-card-1322","main_monthly_cap","naver-card-1322-tier-1-300000","20000","naver-card-1322-etc-0 | naver-card-1322-transport-1 | naver-card-1322-education-2 | naver-card-1322-medical-3 | naver-card-1322-shopping-4","false","2026-06-11T11:14:42.801Z"
"naver-card-10218-tier-1-400000-main-cap","naver-card-10218","main_monthly_cap","naver-card-10218-tier-1-400000","20000","naver-card-10218-fuel-0 | naver-card-10218-etc-1 | naver-card-10218-telecom-2 | naver-card-10218-convenience-3 | naver-card-10218-coffee-4","false","2026-06-11T11:14:42.801Z"
"naver-card-10045-tier-1-300000-main-cap","naver-card-10045","main_monthly_cap","naver-card-10045-tier-1-300000","20000","naver-card-10045-etc-0 | naver-card-10045-medical-1 | naver-card-10045-shopping-2 | naver-card-10045-mart-3 | naver-card-10045-telecom-4","false","2026-06-11T11:14:42.801Z"
"naver-card-10108-tier-1-400000-main-cap","naver-card-10108","main_monthly_cap","naver-card-10108-tier-1-400000","15000","naver-card-10108-fuel-0 | naver-card-10108-etc-1 | naver-card-10108-shopping-2","false","2026-06-11T11:14:42.801Z"
"naver-card-277-tier-1-300000-main-cap","naver-card-277","main_monthly_cap","naver-card-277-tier-1-300000","20000","naver-card-277-shopping-0 | naver-card-277-mart-1 | naver-card-277-etc-2 | naver-card-277-fuel-3","false","2026-06-11T11:14:42.801Z"
"naver-card-1571-tier-1-500000-main-cap","naver-card-1571","main_monthly_cap","naver-card-1571-tier-1-500000","32000","naver-card-1571-fuel-0 | naver-card-1571-etc-1 | naver-card-1571-shopping-2 | naver-card-1571-mart-3 | naver-card-1571-transport-4","false","2026-06-11T11:14:42.801Z"
"naver-card-2776-tier-1-300000-main-cap","naver-card-2776","main_monthly_cap","naver-card-2776-tier-1-300000","20000","naver-card-2776-shopping-0 | naver-card-2776-coffee-1 | naver-card-2776-convenience-2 | naver-card-2776-dining-3","false","2026-06-11T11:14:42.801Z"
"naver-card-10126-tier-1-500000-main-cap","naver-card-10126","main_monthly_cap","naver-card-10126-tier-1-500000","32000","naver-card-10126-fuel-0 | naver-card-10126-etc-1 | naver-card-10126-transport-2 | naver-card-10126-coffee-3","false","2026-06-11T11:14:42.801Z"
"naver-card-10238-tier-1-300000-main-cap","naver-card-10238","main_monthly_cap","naver-card-10238-tier-1-300000","20000","naver-card-10238-telecom-0 | naver-card-10238-etc-1 | naver-card-10238-transport-2 | naver-card-10238-dining-3 | naver-card-10238-shopping-4","false","2026-06-11T11:14:42.801Z"
"naver-card-2676-tier-1-400000-main-cap","naver-card-2676","main_monthly_cap","naver-card-2676-tier-1-400000","20000","naver-card-2676-mart-0 | naver-card-2676-shopping-1 | naver-card-2676-telecom-2 | naver-card-2676-coffee-3 | naver-card-2676-education-4","false","2026-06-11T11:14:42.801Z"
"naver-card-1465-tier-1-0-main-cap","naver-card-1465","main_monthly_cap","naver-card-1465-tier-1-0","20000","naver-card-1465-travel-0 | naver-card-1465-fuel-1 | naver-card-1465-shopping-2 | naver-card-1465-coffee-3 | naver-card-1465-convenience-4","false","2026-06-11T11:14:42.801Z"
"naver-card-10103-tier-1-400000-main-cap","naver-card-10103","main_monthly_cap","naver-card-10103-tier-1-400000","20000","naver-card-10103-fuel-0 | naver-card-10103-shopping-1 | naver-card-10103-mart-2 | naver-card-10103-telecom-3 | naver-card-10103-etc-4","false","2026-06-11T11:14:42.801Z"
"naver-card-3881-tier-1-300000-main-cap","naver-card-3881","main_monthly_cap","naver-card-3881-tier-1-300000","20000","naver-card-3881-fuel-0 | naver-card-3881-shopping-1 | naver-card-3881-convenience-2 | naver-card-3881-coffee-3","false","2026-06-11T11:14:42.801Z"
"naver-card-10328-tier-1-400000-main-cap","naver-card-10328","main_monthly_cap","naver-card-10328-tier-1-400000","15000","naver-card-10328-fuel-0 | naver-card-10328-etc-1 | naver-card-10328-shopping-2","false","2026-06-11T11:14:42.801Z"
"naver-card-10406-tier-1-500000-main-cap","naver-card-10406","main_monthly_cap","naver-card-10406-tier-1-500000","32000","naver-card-10406-fuel-0 | naver-card-10406-shopping-1 | naver-card-10406-mart-2 | naver-card-10406-etc-3 | naver-card-10406-telecom-4","false","2026-06-11T11:14:42.801Z"
"naver-card-10355-tier-1-300000-main-cap","naver-card-10355","main_monthly_cap","naver-card-10355-tier-1-300000","20000","naver-card-10355-transport-0 | naver-card-10355-shopping-1 | naver-card-10355-dining-2 | naver-card-10355-convenience-3 | naver-card-10355-coffee-4","false","2026-06-11T11:14:42.801Z"
"naver-card-10256-tier-1-500000-main-cap","naver-card-10256","main_monthly_cap","naver-card-10256-tier-1-500000","32000","naver-card-10256-medical-0 | naver-card-10256-etc-1 | naver-card-10256-mart-2 | naver-card-10256-ott-3 | naver-card-10256-telecom-4","false","2026-06-11T11:14:42.801Z"
"naver-card-10589-tier-1-0-main-cap","naver-card-10589","main_monthly_cap","naver-card-10589-tier-1-0","10000","naver-card-10589-etc-0","false","2026-06-11T11:14:42.801Z"
"naver-card-10451-tier-1-500000-main-cap","naver-card-10451","main_monthly_cap","naver-card-10451-tier-1-500000","10000","naver-card-10451-shopping-0","false","2026-06-11T11:14:42.801Z"
"naver-card-10268-tier-1-300000-main-cap","naver-card-10268","main_monthly_cap","naver-card-10268-tier-1-300000","20000","naver-card-10268-transport-0 | naver-card-10268-convenience-1 | naver-card-10268-etc-2 | naver-card-10268-coffee-3 | naver-card-10268-telecom-4","false","2026-06-11T11:14:42.801Z"
"naver-card-10463-tier-1-400000-main-cap","naver-card-10463","main_monthly_cap","naver-card-10463-tier-1-400000","20000","naver-card-10463-fuel-0 | naver-card-10463-telecom-1 | naver-card-10463-convenience-2 | naver-card-10463-shopping-3","false","2026-06-11T11:14:42.801Z"
"naver-card-10236-tier-1-500000-main-cap","naver-card-10236","main_monthly_cap","naver-card-10236-tier-1-500000","24000","naver-card-10236-shopping-0 | naver-card-10236-etc-1 | naver-card-10236-coffee-2","false","2026-06-11T11:14:42.801Z"
"naver-card-10592-tier-1-400000-main-cap","naver-card-10592","main_monthly_cap","naver-card-10592-tier-1-400000","20000","naver-card-10592-fuel-0 | naver-card-10592-convenience-1 | naver-card-10592-coffee-2 | naver-card-10592-etc-3","false","2026-06-11T11:14:42.801Z"
"naver-card-3896-tier-1-300000-main-cap","naver-card-3896","main_monthly_cap","naver-card-3896-tier-1-300000","15000","naver-card-3896-shopping-0 | naver-card-3896-mart-1 | naver-card-3896-etc-2","false","2026-06-11T11:14:42.801Z"
"naver-card-10049-tier-1-1000000-main-cap","naver-card-10049","main_monthly_cap","naver-card-10049-tier-1-1000000","48000","naver-card-10049-shopping-0 | naver-card-10049-dining-1 | naver-card-10049-coffee-2 | naver-card-10049-etc-3","false","2026-06-11T11:14:42.801Z"
"naver-card-10590-tier-1-0-main-cap","naver-card-10590","main_monthly_cap","naver-card-10590-tier-1-0","10000","naver-card-10590-etc-0 | naver-card-10590-shopping-1","false","2026-06-11T11:14:42.801Z"
"naver-card-10450-tier-1-500000-main-cap","naver-card-10450","main_monthly_cap","naver-card-10450-tier-1-500000","10000","naver-card-10450-shopping-0","false","2026-06-11T11:14:42.801Z"
"naver-card-10235-tier-1-500000-main-cap","naver-card-10235","main_monthly_cap","naver-card-10235-tier-1-500000","16000","naver-card-10235-shopping-0 | naver-card-10235-etc-1","false","2026-06-11T11:14:42.801Z"
"naver-card-10568-tier-1-500000-main-cap","naver-card-10568","main_monthly_cap","naver-card-10568-tier-1-500000","32000","naver-card-10568-shopping-0 | naver-card-10568-travel-1 | naver-card-10568-etc-2 | naver-card-10568-coffee-3 | naver-card-10568-transport-4","false","2026-06-11T11:14:42.801Z"
"naver-card-10579-tier-1-300000-main-cap","naver-card-10579","main_monthly_cap","naver-card-10579-tier-1-300000","10000","naver-card-10579-telecom-0","false","2026-06-11T11:14:42.801Z"
"naver-card-10184-tier-1-400000-main-cap","naver-card-10184","main_monthly_cap","naver-card-10184-tier-1-400000","20000","naver-card-10184-etc-0 | naver-card-10184-shopping-1 | naver-card-10184-convenience-2 | naver-card-10184-coffee-3 | naver-card-10184-fuel-4","false","2026-06-11T11:14:42.801Z"
"naver-card-3878-tier-1-500000-main-cap","naver-card-3878","main_monthly_cap","naver-card-3878-tier-1-500000","32000","naver-card-3878-mart-0 | naver-card-3878-dining-1 | naver-card-3878-shopping-2 | naver-card-3878-medical-3 | naver-card-3878-transport-4","false","2026-06-11T11:14:42.801Z"
"naver-card-10349-tier-1-400000-main-cap","naver-card-10349","main_monthly_cap","naver-card-10349-tier-1-400000","20000","naver-card-10349-transport-0 | naver-card-10349-coffee-1 | naver-card-10349-etc-2 | naver-card-10349-shopping-3","false","2026-06-11T11:14:42.801Z"
"naver-card-10311-tier-1-300000-main-cap","naver-card-10311","main_monthly_cap","naver-card-10311-tier-1-300000","20000","naver-card-10311-fuel-0 | naver-card-10311-etc-1 | naver-card-10311-convenience-2 | naver-card-10311-medical-3 | naver-card-10311-education-4","false","2026-06-11T11:14:42.801Z"
"naver-card-3857-tier-1-240000-main-cap","naver-card-3857","main_monthly_cap","naver-card-3857-tier-1-240000","20000","naver-card-3857-shopping-0 | naver-card-3857-etc-1 | naver-card-3857-convenience-2 | naver-card-3857-medical-3","false","2026-06-11T11:14:42.801Z"
"naver-card-10550-tier-1-150000-main-cap","naver-card-10550","main_monthly_cap","naver-card-10550-tier-1-150000","20000","naver-card-10550-shopping-0 | naver-card-10550-etc-1 | naver-card-10550-medical-2 | naver-card-10550-dining-3 | naver-card-10550-convenience-4","false","2026-06-11T11:14:42.801Z"
"naver-card-10315-tier-1-500000-main-cap","naver-card-10315","main_monthly_cap","naver-card-10315-tier-1-500000","16000","naver-card-10315-shopping-0 | naver-card-10315-etc-1","false","2026-06-11T11:14:42.801Z"
"naver-card-10480-tier-1-300000-main-cap","naver-card-10480","main_monthly_cap","naver-card-10480-tier-1-300000","20000","naver-card-10480-shopping-0 | naver-card-10480-mart-1 | naver-card-10480-convenience-2 | naver-card-10480-medical-3 | naver-card-10480-etc-4","false","2026-06-11T11:14:42.801Z"
"naver-card-10237-tier-1-500000-main-cap","naver-card-10237","main_monthly_cap","naver-card-10237-tier-1-500000","24000","naver-card-10237-shopping-0 | naver-card-10237-etc-1 | naver-card-10237-dining-2","false","2026-06-11T11:14:42.801Z"
"naver-card-10523-tier-1-300000-main-cap","naver-card-10523","main_monthly_cap","naver-card-10523-tier-1-300000","20000","naver-card-10523-shopping-0 | naver-card-10523-etc-1 | naver-card-10523-dining-2 | naver-card-10523-coffee-3 | naver-card-10523-transport-4","false","2026-06-11T11:14:42.801Z"
"naver-card-10462-tier-1-400000-main-cap","naver-card-10462","main_monthly_cap","naver-card-10462-tier-1-400000","20000","naver-card-10462-fuel-0 | naver-card-10462-telecom-1 | naver-card-10462-convenience-2 | naver-card-10462-shopping-3","false","2026-06-11T11:14:42.801Z"
"naver-card-247-tier-1-0-main-cap","naver-card-247","main_monthly_cap","naver-card-247-tier-1-0","20000","naver-card-247-shopping-0 | naver-card-247-mart-1 | naver-card-247-fuel-2 | naver-card-247-dining-3 | naver-card-247-etc-4","false","2026-06-11T11:14:42.801Z"
"naver-card-4047-tier-1-300000-main-cap","naver-card-4047","main_monthly_cap","naver-card-4047-tier-1-300000","20000","naver-card-4047-etc-0 | naver-card-4047-shopping-1 | naver-card-4047-medical-2 | naver-card-4047-education-3 | naver-card-4047-fuel-4","false","2026-06-11T11:14:42.801Z"
"naver-card-10596-tier-1-400000-main-cap","naver-card-10596","main_monthly_cap","naver-card-10596-tier-1-400000","20000","naver-card-10596-fuel-0 | naver-card-10596-telecom-1 | naver-card-10596-convenience-2 | naver-card-10596-shopping-3","false","2026-06-11T11:14:42.801Z"
"naver-card-1695-tier-1-300000-main-cap","naver-card-1695","main_monthly_cap","naver-card-1695-tier-1-300000","20000","naver-card-1695-shopping-0 | naver-card-1695-telecom-1 | naver-card-1695-etc-2 | naver-card-1695-mart-3 | naver-card-1695-education-4","false","2026-06-11T11:14:42.801Z"
"naver-card-10284-tier-1-300000-main-cap","naver-card-10284","main_monthly_cap","naver-card-10284-tier-1-300000","30000","naver-card-10284-fuel-0 | naver-card-10284-shopping-1 | naver-card-10284-coffee-2 | naver-card-10284-etc-3","false","2026-06-11T11:14:42.801Z"
"naver-card-10552-tier-1-500000-main-cap","naver-card-10552","main_monthly_cap","naver-card-10552-tier-1-500000","10000","naver-card-10552-travel-0","false","2026-06-11T11:14:42.801Z"
"naver-card-10071-tier-1-400000-main-cap","naver-card-10071","main_monthly_cap","naver-card-10071-tier-1-400000","20000","naver-card-10071-coffee-0 | naver-card-10071-etc-1 | naver-card-10071-transport-2 | naver-card-10071-telecom-3 | naver-card-10071-dining-4","false","2026-06-11T11:14:42.801Z"
"naver-card-3959-tier-1-300000-main-cap","naver-card-3959","main_monthly_cap","naver-card-3959-tier-1-300000","100000","naver-card-3959-shopping-0 | naver-card-3959-convenience-1 | naver-card-3959-dining-2 | naver-card-3959-transport-3 | naver-card-3959-telecom-4","false","2026-06-11T11:14:42.801Z"
"naver-card-10593-tier-1-0-main-cap","naver-card-10593","main_monthly_cap","naver-card-10593-tier-1-0","15000","naver-card-10593-fuel-0 | naver-card-10593-convenience-1 | naver-card-10593-coffee-2","false","2026-06-11T11:14:42.801Z"
"naver-card-10512-tier-1-500000-main-cap","naver-card-10512","main_monthly_cap","naver-card-10512-tier-1-500000","32000","naver-card-10512-shopping-0 | naver-card-10512-mart-1 | naver-card-10512-dining-2 | naver-card-10512-coffee-3 | naver-card-10512-education-4","false","2026-06-11T11:14:42.801Z"
"naver-card-10511-tier-1-400000-main-cap","naver-card-10511","main_monthly_cap","naver-card-10511-tier-1-400000","20000","naver-card-10511-shopping-0 | naver-card-10511-coffee-1 | naver-card-10511-convenience-2 | naver-card-10511-mart-3 | naver-card-10511-transport-4","false","2026-06-11T11:14:42.801Z"
"naver-card-10554-tier-1-0-main-cap","naver-card-10554","main_monthly_cap","naver-card-10554-tier-1-0","20000","naver-card-10554-dining-0 | naver-card-10554-coffee-1 | naver-card-10554-shopping-2 | naver-card-10554-etc-3","false","2026-06-11T11:14:42.801Z"
"naver-card-10454-tier-1-400000-main-cap","naver-card-10454","main_monthly_cap","naver-card-10454-tier-1-400000","20000","naver-card-10454-transport-0 | naver-card-10454-coffee-1 | naver-card-10454-convenience-2 | naver-card-10454-shopping-3 | naver-card-10454-etc-4","false","2026-06-11T11:14:42.801Z"
"naver-card-3856-tier-1-500000-main-cap","naver-card-3856","main_monthly_cap","naver-card-3856-tier-1-500000","32000","naver-card-3856-etc-0 | naver-card-3856-shopping-1 | naver-card-3856-coffee-2 | naver-card-3856-dining-3 | naver-card-3856-convenience-4","false","2026-06-11T11:14:42.801Z"
"naver-card-10536-tier-1-500000-main-cap","naver-card-10536","main_monthly_cap","naver-card-10536-tier-1-500000","24000","naver-card-10536-travel-0 | naver-card-10536-shopping-1 | naver-card-10536-etc-2","false","2026-06-11T11:14:42.801Z"
"naver-card-10106-tier-1-400000-main-cap","naver-card-10106","main_monthly_cap","naver-card-10106-tier-1-400000","15000","naver-card-10106-dining-0 | naver-card-10106-coffee-1 | naver-card-10106-shopping-2","false","2026-06-11T11:14:42.801Z"
"naver-card-10391-tier-1-500000-main-cap","naver-card-10391","main_monthly_cap","naver-card-10391-tier-1-500000","16000","naver-card-10391-medical-0 | naver-card-10391-etc-1","false","2026-06-11T11:14:42.801Z"
"naver-card-10600-tier-1-500000-main-cap","naver-card-10600","main_monthly_cap","naver-card-10600-tier-1-500000","16000","naver-card-10600-shopping-0 | naver-card-10600-etc-1","false","2026-06-11T11:14:42.801Z"
"naver-card-10267-tier-1-300000-main-cap","naver-card-10267","main_monthly_cap","naver-card-10267-tier-1-300000","20000","naver-card-10267-transport-0 | naver-card-10267-telecom-1 | naver-card-10267-coffee-2 | naver-card-10267-medical-3 | naver-card-10267-convenience-4","false","2026-06-11T11:14:42.801Z"
"naver-card-10376-tier-1-400000-main-cap","naver-card-10376","main_monthly_cap","naver-card-10376-tier-1-400000","20000","naver-card-10376-coffee-0 | naver-card-10376-convenience-1 | naver-card-10376-transport-2 | naver-card-10376-telecom-3 | naver-card-10376-shopping-4","false","2026-06-11T11:14:42.801Z"
"naver-card-10344-tier-1-300000-main-cap","naver-card-10344","main_monthly_cap","naver-card-10344-tier-1-300000","20000","naver-card-10344-coffee-0 | naver-card-10344-transport-1 | naver-card-10344-convenience-2 | naver-card-10344-etc-3","false","2026-06-11T11:14:42.801Z"
"naver-card-10553-tier-1-500000-main-cap","naver-card-10553","main_monthly_cap","naver-card-10553-tier-1-500000","16000","naver-card-10553-travel-0 | naver-card-10553-etc-1","false","2026-06-11T11:14:42.801Z"
"naver-card-10492-tier-1-500000-main-cap","naver-card-10492","main_monthly_cap","naver-card-10492-tier-1-500000","32000","naver-card-10492-etc-0 | naver-card-10492-shopping-1 | naver-card-10492-coffee-2 | naver-card-10492-dining-3 | naver-card-10492-medical-4","false","2026-06-11T11:14:42.801Z"
"naver-card-2226-tier-1-300000-main-cap","naver-card-2226","main_monthly_cap","naver-card-2226-tier-1-300000","20000","naver-card-2226-etc-0 | naver-card-2226-fuel-1 | naver-card-2226-transport-2 | naver-card-2226-mart-3","false","2026-06-11T11:14:42.801Z"
"naver-card-10107-tier-1-400000-main-cap","naver-card-10107","main_monthly_cap","naver-card-10107-tier-1-400000","15000","naver-card-10107-shopping-0 | naver-card-10107-medical-1 | naver-card-10107-convenience-2","false","2026-06-11T11:14:42.801Z"
"naver-card-10348-tier-1-300000-main-cap","naver-card-10348","main_monthly_cap","naver-card-10348-tier-1-300000","20000","naver-card-10348-etc-0 | naver-card-10348-fuel-1 | naver-card-10348-transport-2 | naver-card-10348-coffee-3","false","2026-06-11T11:14:42.801Z"
"naver-card-10504-tier-1-300000-main-cap","naver-card-10504","main_monthly_cap","naver-card-10504-tier-1-300000","10000","naver-card-10504-ott-0","false","2026-06-11T11:14:42.801Z"
"naver-card-10039-tier-1-400000-main-cap","naver-card-10039","main_monthly_cap","naver-card-10039-tier-1-400000","20000","naver-card-10039-etc-0 | naver-card-10039-shopping-1 | naver-card-10039-mart-2 | naver-card-10039-education-3 | naver-card-10039-telecom-4","false","2026-06-11T11:14:42.801Z"
"naver-card-10338-tier-1-500000-main-cap","naver-card-10338","main_monthly_cap","naver-card-10338-tier-1-500000","32000","naver-card-10338-shopping-0 | naver-card-10338-convenience-1 | naver-card-10338-coffee-2 | naver-card-10338-transport-3 | naver-card-10338-etc-4","false","2026-06-11T11:14:42.801Z"
"naver-card-10403-tier-1-0-main-cap","naver-card-10403","main_monthly_cap","naver-card-10403-tier-1-0","20000","naver-card-10403-etc-0 | naver-card-10403-shopping-1 | naver-card-10403-coffee-2 | naver-card-10403-dining-3 | naver-card-10403-medical-4","false","2026-06-11T11:14:42.801Z"
"naver-card-10514-tier-1-0-main-cap","naver-card-10514","main_monthly_cap","naver-card-10514-tier-1-0","10000","naver-card-10514-shopping-0","false","2026-06-11T11:14:42.801Z"
"naver-card-10509-tier-1-300000-main-cap","naver-card-10509","main_monthly_cap","naver-card-10509-tier-1-300000","20000","naver-card-10509-etc-0 | naver-card-10509-coffee-1 | naver-card-10509-shopping-2 | naver-card-10509-medical-3 | naver-card-10509-mart-4","false","2026-06-11T11:14:42.801Z"
"naver-card-10130-tier-1-500000-main-cap","naver-card-10130","main_monthly_cap","naver-card-10130-tier-1-500000","32000","naver-card-10130-etc-0 | naver-card-10130-shopping-1 | naver-card-10130-fuel-2 | naver-card-10130-mart-3 | naver-card-10130-telecom-4","false","2026-06-11T11:14:42.801Z"
"naver-card-10323-tier-1-0-main-cap","naver-card-10323","main_monthly_cap","naver-card-10323-tier-1-0","20000","naver-card-10323-shopping-0 | naver-card-10323-transport-1 | naver-card-10323-convenience-2 | naver-card-10323-telecom-3 | naver-card-10323-mart-4","false","2026-06-11T11:14:42.801Z"
"naver-card-10347-tier-1-0-main-cap","naver-card-10347","main_monthly_cap","naver-card-10347-tier-1-0","20000","naver-card-10347-shopping-0 | naver-card-10347-coffee-1 | naver-card-10347-dining-2 | naver-card-10347-medical-3 | naver-card-10347-fuel-4","false","2026-06-11T11:14:42.801Z"
"naver-card-10601-tier-1-500000-main-cap","naver-card-10601","main_monthly_cap","naver-card-10601-tier-1-500000","24000","naver-card-10601-travel-0 | naver-card-10601-shopping-1 | naver-card-10601-etc-2","false","2026-06-11T11:14:42.801Z"
"naver-card-10134-tier-1-500000-main-cap","naver-card-10134","main_monthly_cap","naver-card-10134-tier-1-500000","32000","naver-card-10134-etc-0 | naver-card-10134-shopping-1 | naver-card-10134-mart-2 | naver-card-10134-fuel-3 | naver-card-10134-telecom-4","false","2026-06-11T11:14:42.801Z"
"naver-card-10357-tier-1-300000-main-cap","naver-card-10357","main_monthly_cap","naver-card-10357-tier-1-300000","10000","naver-card-10357-telecom-0 | naver-card-10357-fuel-1","false","2026-06-11T11:14:42.801Z"
"naver-card-10317-tier-1-300000-main-cap","naver-card-10317","main_monthly_cap","naver-card-10317-tier-1-300000","40000","naver-card-10317-fuel-0 | naver-card-10317-etc-1 | naver-card-10317-transport-2 | naver-card-10317-coffee-3 | naver-card-10317-shopping-4","false","2026-06-11T11:14:42.801Z"
"naver-card-10354-tier-1-200000-main-cap","naver-card-10354","main_monthly_cap","naver-card-10354-tier-1-200000","20000","naver-card-10354-fuel-0 | naver-card-10354-telecom-1 | naver-card-10354-dining-2 | naver-card-10354-etc-3 | naver-card-10354-transport-4","false","2026-06-11T11:14:42.801Z"
"naver-card-10337-tier-1-500000-main-cap","naver-card-10337","main_monthly_cap","naver-card-10337-tier-1-500000","32000","naver-card-10337-shopping-0 | naver-card-10337-medical-1 | naver-card-10337-education-2 | naver-card-10337-fuel-3 | naver-card-10337-telecom-4","false","2026-06-11T11:14:42.801Z"
"naver-card-10169-tier-1-150000-main-cap","naver-card-10169","main_monthly_cap","naver-card-10169-tier-1-150000","20000","naver-card-10169-etc-0 | naver-card-10169-shopping-1 | naver-card-10169-telecom-2 | naver-card-10169-transport-3 | naver-card-10169-medical-4","false","2026-06-11T11:14:42.801Z"
"naver-card-10340-tier-1-500000-main-cap","naver-card-10340","main_monthly_cap","naver-card-10340-tier-1-500000","24000","naver-card-10340-travel-0 | naver-card-10340-etc-1 | naver-card-10340-coffee-2","false","2026-06-11T11:14:42.801Z"
"naver-card-10485-tier-1-400000-main-cap","naver-card-10485","main_monthly_cap","naver-card-10485-tier-1-400000","20000","naver-card-10485-dining-0 | naver-card-10485-convenience-1 | naver-card-10485-shopping-2 | naver-card-10485-fuel-3 | naver-card-10485-transport-4","false","2026-06-11T11:14:42.801Z"
"naver-card-10334-tier-1-500000-main-cap","naver-card-10334","main_monthly_cap","naver-card-10334-tier-1-500000","32000","naver-card-10334-shopping-0 | naver-card-10334-dining-1 | naver-card-10334-convenience-2 | naver-card-10334-telecom-3 | naver-card-10334-coffee-4","false","2026-06-11T11:14:42.801Z"
"naver-card-10502-tier-1-300000-main-cap","naver-card-10502","main_monthly_cap","naver-card-10502-tier-1-300000","10000","naver-card-10502-ott-0","false","2026-06-11T11:14:42.801Z"
"naver-card-10534-tier-1-0-main-cap","naver-card-10534","main_monthly_cap","naver-card-10534-tier-1-0","20000","naver-card-10534-etc-0 | naver-card-10534-shopping-1 | naver-card-10534-fuel-2 | naver-card-10534-mart-3 | naver-card-10534-education-4","false","2026-06-11T11:14:42.801Z"
"naver-card-10497-tier-1-0-main-cap","naver-card-10497","main_monthly_cap","naver-card-10497-tier-1-0","20000","naver-card-10497-shopping-0 | naver-card-10497-etc-1 | naver-card-10497-mart-2 | naver-card-10497-education-3 | naver-card-10497-fuel-4","false","2026-06-11T11:14:42.801Z"
"naver-card-10580-tier-1-500000-main-cap","naver-card-10580","main_monthly_cap","naver-card-10580-tier-1-500000","16000","naver-card-10580-shopping-0 | naver-card-10580-etc-1","false","2026-06-11T11:14:42.801Z"
"naver-card-10398-tier-1-0-main-cap","naver-card-10398","main_monthly_cap","naver-card-10398-tier-1-0","20000","naver-card-10398-fuel-0 | naver-card-10398-shopping-1 | naver-card-10398-mart-2 | naver-card-10398-etc-3","false","2026-06-11T11:14:42.801Z"
"naver-card-10428-tier-1-300000-main-cap","naver-card-10428","main_monthly_cap","naver-card-10428-tier-1-300000","20000","naver-card-10428-etc-0 | naver-card-10428-transport-1 | naver-card-10428-shopping-2 | naver-card-10428-coffee-3 | naver-card-10428-convenience-4","false","2026-06-11T11:14:42.801Z"
"naver-card-10447-tier-1-400000-main-cap","naver-card-10447","main_monthly_cap","naver-card-10447-tier-1-400000","20000","naver-card-10447-transport-0 | naver-card-10447-shopping-1 | naver-card-10447-coffee-2 | naver-card-10447-convenience-3 | naver-card-10447-medical-4","false","2026-06-11T11:14:42.801Z"
"naver-card-10540-tier-1-300000-main-cap","naver-card-10540","main_monthly_cap","naver-card-10540-tier-1-300000","2000","naver-card-10540-shopping-0 | naver-card-10540-coffee-1 | naver-card-10540-transport-2 | naver-card-10540-etc-3","false","2026-06-11T11:14:42.801Z"
"naver-card-10321-tier-1-300000-main-cap","naver-card-10321","main_monthly_cap","naver-card-10321-tier-1-300000","10000","naver-card-10321-telecom-0 | naver-card-10321-fuel-1","false","2026-06-11T11:14:42.801Z"
"naver-card-10538-tier-1-130000-main-cap","naver-card-10538","main_monthly_cap","naver-card-10538-tier-1-130000","20000","naver-card-10538-shopping-0 | naver-card-10538-etc-1 | naver-card-10538-medical-2 | naver-card-10538-coffee-3","false","2026-06-11T11:14:42.801Z"
"naver-card-1360-tier-1-200000-main-cap","naver-card-1360","main_monthly_cap","naver-card-1360-tier-1-200000","20000","naver-card-1360-fuel-0 | naver-card-1360-dining-1 | naver-card-1360-etc-2 | naver-card-1360-telecom-3 | naver-card-1360-transport-4","false","2026-06-11T11:14:42.801Z"
"naver-card-10424-tier-1-0-main-cap","naver-card-10424","main_monthly_cap","naver-card-10424-tier-1-0","10000","naver-card-10424-etc-0 | naver-card-10424-shopping-1","false","2026-06-11T11:14:42.801Z"
"naver-card-10353-tier-1-150000-main-cap","naver-card-10353","main_monthly_cap","naver-card-10353-tier-1-150000","20000","naver-card-10353-shopping-0 | naver-card-10353-etc-1 | naver-card-10353-education-2 | naver-card-10353-medical-3 | naver-card-10353-mart-4","false","2026-06-11T11:14:42.801Z"
"naver-card-10335-tier-1-500000-main-cap","naver-card-10335","main_monthly_cap","naver-card-10335-tier-1-500000","32000","naver-card-10335-shopping-0 | naver-card-10335-dining-1 | naver-card-10335-etc-2 | naver-card-10335-convenience-3 | naver-card-10335-telecom-4","false","2026-06-11T11:14:42.801Z"
"naver-card-10531-tier-1-400000-main-cap","naver-card-10531","main_monthly_cap","naver-card-10531-tier-1-400000","20000","naver-card-10531-fuel-0 | naver-card-10531-telecom-1 | naver-card-10531-etc-2 | naver-card-10531-shopping-3","false","2026-06-11T11:14:42.801Z"
"naver-card-10533-tier-1-500000-main-cap","naver-card-10533","main_monthly_cap","naver-card-10533-tier-1-500000","32000","naver-card-10533-dining-0 | naver-card-10533-fuel-1 | naver-card-10533-mart-2 | naver-card-10533-telecom-3 | naver-card-10533-transport-4","false","2026-06-11T11:14:42.801Z"
"naver-card-10503-tier-1-300000-main-cap","naver-card-10503","main_monthly_cap","naver-card-10503-tier-1-300000","10000","naver-card-10503-ott-0","false","2026-06-11T11:14:42.801Z"
"naver-card-10532-tier-1-400000-main-cap","naver-card-10532","main_monthly_cap","naver-card-10532-tier-1-400000","20000","naver-card-10532-shopping-0 | naver-card-10532-mart-1 | naver-card-10532-coffee-2 | naver-card-10532-convenience-3 | naver-card-10532-transport-4","false","2026-06-11T11:14:42.801Z"
"naver-card-10440-tier-1-300000-main-cap","naver-card-10440","main_monthly_cap","naver-card-10440-tier-1-300000","20000","naver-card-10440-transport-0 | naver-card-10440-etc-1 | naver-card-10440-shopping-2 | naver-card-10440-telecom-3 | naver-card-10440-convenience-4","false","2026-06-11T11:14:42.801Z"
"naver-card-10266-tier-1-500000-main-cap","naver-card-10266","main_monthly_cap","naver-card-10266-tier-1-500000","32000","naver-card-10266-travel-0 | naver-card-10266-shopping-1 | naver-card-10266-etc-2 | naver-card-10266-coffee-3 | naver-card-10266-mart-4","false","2026-06-11T11:14:42.801Z"
"naver-card-10413-tier-1-1000000-main-cap","naver-card-10413","main_monthly_cap","naver-card-10413-tier-1-1000000","48000","naver-card-10413-shopping-0 | naver-card-10413-etc-1 | naver-card-10413-mart-2 | naver-card-10413-dining-3 | naver-card-10413-convenience-4","false","2026-06-11T11:14:42.801Z"
"naver-card-10490-tier-1-400000-main-cap","naver-card-10490","main_monthly_cap","naver-card-10490-tier-1-400000","20000","naver-card-10490-dining-0 | naver-card-10490-convenience-1 | naver-card-10490-shopping-2 | naver-card-10490-fuel-3 | naver-card-10490-transport-4","false","2026-06-11T11:14:42.801Z"
"naver-card-1573-tier-1-300000-main-cap","naver-card-1573","main_monthly_cap","naver-card-1573-tier-1-300000","10000","naver-card-1573-etc-0 | naver-card-1573-mart-1 | naver-card-1573-fuel-2 | naver-card-1573-dining-3 | naver-card-1573-coffee-4","false","2026-06-11T11:14:42.801Z"
"naver-card-10291-tier-1-400000-main-cap","naver-card-10291","main_monthly_cap","naver-card-10291-tier-1-400000","10000","naver-card-10291-shopping-0 | naver-card-10291-coffee-1 | naver-card-10291-mart-2 | naver-card-10291-convenience-3 | naver-card-10291-etc-4","false","2026-06-11T11:14:42.801Z"
"naver-card-10444-tier-1-400000-main-cap","naver-card-10444","main_monthly_cap","naver-card-10444-tier-1-400000","20000","naver-card-10444-shopping-0 | naver-card-10444-etc-1 | naver-card-10444-dining-2 | naver-card-10444-coffee-3 | naver-card-10444-convenience-4","false","2026-06-11T11:14:42.801Z"
"naver-card-1715-tier-1-500000-main-cap","naver-card-1715","main_monthly_cap","naver-card-1715-tier-1-500000","32000","naver-card-1715-shopping-0 | naver-card-1715-convenience-1 | naver-card-1715-mart-2 | naver-card-1715-transport-3 | naver-card-1715-fuel-4","false","2026-06-11T11:14:42.801Z"
"naver-card-1889-tier-1-300000-main-cap","naver-card-1889","main_monthly_cap","naver-card-1889-tier-1-300000","12000","naver-card-1889-shopping-0 | naver-card-1889-medical-1 | naver-card-1889-coffee-2 | naver-card-1889-etc-3 | naver-card-1889-mart-4","false","2026-06-11T11:14:42.801Z"
"naver-card-1340-tier-1-300000-main-cap","naver-card-1340","main_monthly_cap","naver-card-1340-tier-1-300000","40000","naver-card-1340-mart-0 | naver-card-1340-fuel-1 | naver-card-1340-etc-2 | naver-card-1340-dining-3 | naver-card-1340-shopping-4","false","2026-06-11T11:14:42.801Z"
"naver-card-10389-tier-1-500000-main-cap","naver-card-10389","main_monthly_cap","naver-card-10389-tier-1-500000","16000","naver-card-10389-fuel-0 | naver-card-10389-etc-1","false","2026-06-11T11:14:42.801Z"
"naver-card-10232-tier-1-0-main-cap","naver-card-10232","main_monthly_cap","naver-card-10232-tier-1-0","20000","naver-card-10232-shopping-0 | naver-card-10232-dining-1 | naver-card-10232-mart-2 | naver-card-10232-coffee-3 | naver-card-10232-convenience-4","false","2026-06-11T11:14:42.801Z"
"naver-card-10591-tier-1-0-main-cap","naver-card-10591","main_monthly_cap","naver-card-10591-tier-1-0","10000","naver-card-10591-shopping-0 | naver-card-10591-etc-1","false","2026-06-11T11:14:42.801Z"
"naver-card-2345-tier-1-300000-main-cap","naver-card-2345","main_monthly_cap","naver-card-2345-tier-1-300000","20000","naver-card-2345-etc-0 | naver-card-2345-medical-1 | naver-card-2345-shopping-2 | naver-card-2345-education-3 | naver-card-2345-transport-4","false","2026-06-11T11:14:42.801Z"
"naver-card-1337-tier-1-300000-main-cap","naver-card-1337","main_monthly_cap","naver-card-1337-tier-1-300000","10000","naver-card-1337-shopping-0","false","2026-06-11T11:14:42.801Z"
"naver-card-10194-tier-1-200000-main-cap","naver-card-10194","main_monthly_cap","naver-card-10194-tier-1-200000","15000","naver-card-10194-etc-0 | naver-card-10194-transport-1 | naver-card-10194-shopping-2","false","2026-06-11T11:14:42.801Z"
"naver-card-2348-tier-1-300000-main-cap","naver-card-2348","main_monthly_cap","naver-card-2348-tier-1-300000","20000","naver-card-2348-etc-0 | naver-card-2348-fuel-1 | naver-card-2348-convenience-2 | naver-card-2348-medical-3 | naver-card-2348-coffee-4","false","2026-06-11T11:14:42.801Z"
"naver-card-10265-tier-1-500000-main-cap","naver-card-10265","main_monthly_cap","naver-card-10265-tier-1-500000","32000","naver-card-10265-shopping-0 | naver-card-10265-etc-1 | naver-card-10265-coffee-2 | naver-card-10265-mart-3 | naver-card-10265-transport-4","false","2026-06-11T11:14:42.801Z"
"naver-card-10594-tier-1-500000-main-cap","naver-card-10594","main_monthly_cap","naver-card-10594-tier-1-500000","32000","naver-card-10594-shopping-0 | naver-card-10594-etc-1 | naver-card-10594-dining-2 | naver-card-10594-medical-3 | naver-card-10594-mart-4","false","2026-06-11T11:14:42.801Z"
"naver-card-10614-tier-1-300000-main-cap","naver-card-10614","main_monthly_cap","naver-card-10614-tier-1-300000","20000","naver-card-10614-shopping-0 | naver-card-10614-etc-1 | naver-card-10614-dining-2 | naver-card-10614-medical-3 | naver-card-10614-mart-4","false","2026-06-11T11:14:42.801Z"
"naver-card-10557-tier-1-400000-main-cap","naver-card-10557","main_monthly_cap","naver-card-10557-tier-1-400000","10000","naver-card-10557-shopping-0 | naver-card-10557-coffee-1","false","2026-06-11T11:14:42.801Z"
"naver-card-10524-tier-1-300000-main-cap","naver-card-10524","main_monthly_cap","naver-card-10524-tier-1-300000","10000","naver-card-10524-telecom-0","false","2026-06-11T11:14:42.801Z"
"naver-card-10316-tier-1-500000-main-cap","naver-card-10316","main_monthly_cap","naver-card-10316-tier-1-500000","16000","naver-card-10316-shopping-0 | naver-card-10316-etc-1","false","2026-06-11T11:14:42.801Z"
"naver-card-10639-tier-1-700000-main-cap","naver-card-10639","main_monthly_cap","naver-card-10639-tier-1-700000","42000","naver-card-10639-telecom-0","false","2026-06-11T11:14:42.801Z"
"naver-card-10501-tier-1-500000-main-cap","naver-card-10501","main_monthly_cap","naver-card-10501-tier-1-500000","32000","naver-card-10501-dining-0 | naver-card-10501-mart-1 | naver-card-10501-coffee-2 | naver-card-10501-convenience-3 | naver-card-10501-transport-4","false","2026-06-11T11:14:42.801Z"
"naver-card-10613-tier-1-300000-main-cap","naver-card-10613","main_monthly_cap","naver-card-10613-tier-1-300000","20000","naver-card-10613-shopping-0 | naver-card-10613-etc-1 | naver-card-10613-dining-2 | naver-card-10613-convenience-3 | naver-card-10613-transport-4","false","2026-06-11T11:14:42.801Z"
"naver-card-10299-tier-1-300000-main-cap","naver-card-10299","main_monthly_cap","naver-card-10299-tier-1-300000","20000","naver-card-10299-shopping-0 | naver-card-10299-etc-1 | naver-card-10299-coffee-2 | naver-card-10299-transport-3","false","2026-06-11T11:14:42.801Z"
"naver-card-10597-tier-1-0-main-cap","naver-card-10597","main_monthly_cap","naver-card-10597-tier-1-0","50000","naver-card-10597-shopping-0 | naver-card-10597-travel-1","false","2026-06-11T11:14:42.801Z"
"naver-card-10486-tier-1-0-main-cap","naver-card-10486","main_monthly_cap","naver-card-10486-tier-1-0","10000","naver-card-10486-etc-0","false","2026-06-11T11:14:42.801Z"
"naver-card-1312-tier-1-0-main-cap","naver-card-1312","main_monthly_cap","naver-card-1312-tier-1-0","10000","naver-card-1312-travel-0 | naver-card-1312-shopping-1","false","2026-06-11T11:14:42.801Z"
"naver-card-10610-tier-1-300000-main-cap","naver-card-10610","main_monthly_cap","naver-card-10610-tier-1-300000","20000","naver-card-10610-shopping-0 | naver-card-10610-etc-1 | naver-card-10610-dining-2 | naver-card-10610-convenience-3 | naver-card-10610-transport-4","false","2026-06-11T11:14:42.801Z"
"naver-card-10516-tier-1-300000-main-cap","naver-card-10516","main_monthly_cap","naver-card-10516-tier-1-300000","10000","naver-card-10516-ott-0","false","2026-06-11T11:14:42.801Z"
"naver-card-10035-tier-1-300000-main-cap","naver-card-10035","main_monthly_cap","naver-card-10035-tier-1-300000","20000","naver-card-10035-etc-0 | naver-card-10035-medical-1 | naver-card-10035-shopping-2 | naver-card-10035-education-3 | naver-card-10035-dining-4","false","2026-06-11T11:14:42.801Z"
"naver-card-10320-tier-1-500000-main-cap","naver-card-10320","main_monthly_cap","naver-card-10320-tier-1-500000","16000","naver-card-10320-shopping-0 | naver-card-10320-etc-1","false","2026-06-11T11:14:42.801Z"
"naver-card-10558-tier-1-400000-main-cap","naver-card-10558","main_monthly_cap","naver-card-10558-tier-1-400000","20000","naver-card-10558-fuel-0 | naver-card-10558-dining-1 | naver-card-10558-telecom-2 | naver-card-10558-etc-3 | naver-card-10558-shopping-4","false","2026-06-11T11:14:42.801Z"
"naver-card-10530-tier-1-400000-main-cap","naver-card-10530","main_monthly_cap","naver-card-10530-tier-1-400000","20000","naver-card-10530-education-0 | naver-card-10530-medical-1 | naver-card-10530-telecom-2 | naver-card-10530-etc-3 | naver-card-10530-shopping-4","false","2026-06-11T11:14:42.801Z"
"naver-card-10359-tier-1-1000000-main-cap","naver-card-10359","main_monthly_cap","naver-card-10359-tier-1-1000000","48000","naver-card-10359-shopping-0 | naver-card-10359-etc-1 | naver-card-10359-coffee-2 | naver-card-10359-convenience-3 | naver-card-10359-fuel-4","false","2026-06-11T11:14:42.801Z"
"naver-card-10395-tier-1-0-main-cap","naver-card-10395","main_monthly_cap","naver-card-10395-tier-1-0","10000","naver-card-10395-travel-0 | naver-card-10395-etc-1","false","2026-06-11T11:14:42.801Z"
"naver-card-710-tier-1-200000-main-cap","naver-card-710","main_monthly_cap","naver-card-710-tier-1-200000","20000","naver-card-710-shopping-0 | naver-card-710-etc-1 | naver-card-710-transport-2 | naver-card-710-mart-3","false","2026-06-11T11:14:42.801Z"
"naver-card-10414-tier-1-500000-main-cap","naver-card-10414","main_monthly_cap","naver-card-10414-tier-1-500000","32000","naver-card-10414-shopping-0 | naver-card-10414-travel-1 | naver-card-10414-etc-2 | naver-card-10414-mart-3 | naver-card-10414-medical-4","false","2026-06-11T11:14:42.801Z"
"naver-card-2332-tier-1-400000-main-cap","naver-card-2332","main_monthly_cap","naver-card-2332-tier-1-400000","20000","naver-card-2332-shopping-0 | naver-card-2332-transport-1 | naver-card-2332-convenience-2 | naver-card-2332-coffee-3 | naver-card-2332-dining-4","false","2026-06-11T11:14:42.801Z"
"naver-card-10642-tier-1-300000-main-cap","naver-card-10642","main_monthly_cap","naver-card-10642-tier-1-300000","20000","naver-card-10642-ott-0 | naver-card-10642-shopping-1","false","2026-06-11T11:14:42.801Z"
"naver-card-10515-tier-1-0-main-cap","naver-card-10515","main_monthly_cap","naver-card-10515-tier-1-0","10000","naver-card-10515-shopping-0 | naver-card-10515-etc-1","false","2026-06-11T11:14:42.801Z"
"naver-card-10544-tier-1-500000-main-cap","naver-card-10544","main_monthly_cap","naver-card-10544-tier-1-500000","16000","naver-card-10544-shopping-0 | naver-card-10544-etc-1","false","2026-06-11T11:14:42.801Z"
"naver-card-10585-tier-1-360000-main-cap","naver-card-10585","main_monthly_cap","naver-card-10585-tier-1-360000","15000","naver-card-10585-shopping-0 | naver-card-10585-dining-1 | naver-card-10585-etc-2","false","2026-06-11T11:14:42.801Z"
"naver-card-10566-tier-1-400000-main-cap","naver-card-10566","main_monthly_cap","naver-card-10566-tier-1-400000","15000","naver-card-10566-education-0 | naver-card-10566-medical-1 | naver-card-10566-coffee-2","false","2026-06-11T11:14:42.801Z"
"naver-card-10411-tier-1-1000000-main-cap","naver-card-10411","main_monthly_cap","naver-card-10411-tier-1-1000000","48000","naver-card-10411-shopping-0 | naver-card-10411-etc-1 | naver-card-10411-mart-2 | naver-card-10411-coffee-3 | naver-card-10411-dining-4","false","2026-06-11T11:14:42.801Z"
"naver-card-2612-tier-1-240000-main-cap","naver-card-2612","main_monthly_cap","naver-card-2612-tier-1-240000","20000","naver-card-2612-shopping-0 | naver-card-2612-mart-1 | naver-card-2612-convenience-2 | naver-card-2612-coffee-3 | naver-card-2612-fuel-4","false","2026-06-11T11:14:42.801Z"
"naver-card-99-tier-1-300000-main-cap","naver-card-99","main_monthly_cap","naver-card-99-tier-1-300000","20000","naver-card-99-shopping-0 | naver-card-99-education-1 | naver-card-99-fuel-2 | naver-card-99-transport-3 | naver-card-99-dining-4","false","2026-06-11T11:14:42.801Z"
"naver-card-10412-tier-1-500000-main-cap","naver-card-10412","main_monthly_cap","naver-card-10412-tier-1-500000","32000","naver-card-10412-shopping-0 | naver-card-10412-travel-1 | naver-card-10412-etc-2 | naver-card-10412-mart-3 | naver-card-10412-medical-4","false","2026-06-11T11:14:42.801Z"
"naver-card-10529-tier-1-400000-main-cap","naver-card-10529","main_monthly_cap","naver-card-10529-tier-1-400000","20000","naver-card-10529-dining-0 | naver-card-10529-coffee-1 | naver-card-10529-convenience-2 | naver-card-10529-transport-3 | naver-card-10529-shopping-4","false","2026-06-11T11:14:42.801Z"
"naver-card-10339-tier-1-500000-main-cap","naver-card-10339","main_monthly_cap","naver-card-10339-tier-1-500000","24000","naver-card-10339-shopping-0 | naver-card-10339-dining-1 | naver-card-10339-etc-2","false","2026-06-11T11:14:42.801Z"
"naver-card-10478-tier-1-400000-main-cap","naver-card-10478","main_monthly_cap","naver-card-10478-tier-1-400000","20000","naver-card-10478-shopping-0 | naver-card-10478-fuel-1 | naver-card-10478-mart-2 | naver-card-10478-convenience-3 | naver-card-10478-coffee-4","false","2026-06-11T11:14:42.801Z"
"naver-card-10302-tier-1-300000-main-cap","naver-card-10302","main_monthly_cap","naver-card-10302-tier-1-300000","20000","naver-card-10302-shopping-0 | naver-card-10302-fuel-1 | naver-card-10302-convenience-2 | naver-card-10302-telecom-3 | naver-card-10302-etc-4","false","2026-06-11T11:14:42.801Z"
"naver-card-3717-tier-1-500000-main-cap","naver-card-3717","main_monthly_cap","naver-card-3717-tier-1-500000","32000","naver-card-3717-etc-0 | naver-card-3717-coffee-1 | naver-card-3717-transport-2 | naver-card-3717-dining-3 | naver-card-3717-medical-4","false","2026-06-11T11:14:42.801Z"
"naver-card-1692-tier-1-300000-main-cap","naver-card-1692","main_monthly_cap","naver-card-1692-tier-1-300000","20000","naver-card-1692-coffee-0 | naver-card-1692-dining-1 | naver-card-1692-shopping-2 | naver-card-1692-transport-3 | naver-card-1692-telecom-4","false","2026-06-11T11:14:42.801Z"
"naver-card-3638-tier-1-300000-main-cap","naver-card-3638","main_monthly_cap","naver-card-3638-tier-1-300000","20000","naver-card-3638-dining-0 | naver-card-3638-coffee-1 | naver-card-3638-convenience-2 | naver-card-3638-medical-3 | naver-card-3638-mart-4","false","2026-06-11T11:14:42.801Z"
"naver-card-10499-tier-1-500000-main-cap","naver-card-10499","main_monthly_cap","naver-card-10499-tier-1-500000","32000","naver-card-10499-shopping-0 | naver-card-10499-etc-1 | naver-card-10499-education-2 | naver-card-10499-medical-3 | naver-card-10499-transport-4","false","2026-06-11T11:14:42.801Z"
"naver-card-2856-tier-1-500000-main-cap","naver-card-2856","main_monthly_cap","naver-card-2856-tier-1-500000","32000","naver-card-2856-etc-0 | naver-card-2856-dining-1 | naver-card-2856-shopping-2 | naver-card-2856-coffee-3 | naver-card-2856-convenience-4","false","2026-06-11T11:14:42.801Z"
"naver-card-2857-tier-1-500000-main-cap","naver-card-2857","main_monthly_cap","naver-card-2857-tier-1-500000","32000","naver-card-2857-mart-0 | naver-card-2857-fuel-1 | naver-card-2857-shopping-2 | naver-card-2857-dining-3 | naver-card-2857-etc-4","false","2026-06-11T11:14:42.801Z"
"naver-card-1451-tier-1-300000-main-cap","naver-card-1451","main_monthly_cap","naver-card-1451-tier-1-300000","20000","naver-card-1451-transport-0 | naver-card-1451-fuel-1 | naver-card-1451-shopping-2 | naver-card-1451-telecom-3 | naver-card-1451-etc-4","false","2026-06-11T11:14:42.801Z"
"naver-card-10336-tier-1-500000-main-cap","naver-card-10336","main_monthly_cap","naver-card-10336-tier-1-500000","32000","naver-card-10336-shopping-0 | naver-card-10336-etc-1 | naver-card-10336-dining-2 | naver-card-10336-transport-3 | naver-card-10336-telecom-4","false","2026-06-11T11:14:42.801Z"
"naver-card-10498-tier-1-500000-main-cap","naver-card-10498","main_monthly_cap","naver-card-10498-tier-1-500000","32000","naver-card-10498-shopping-0 | naver-card-10498-etc-1 | naver-card-10498-convenience-2 | naver-card-10498-dining-3 | naver-card-10498-medical-4","false","2026-06-11T11:14:42.801Z"
"naver-card-10058-tier-1-0-main-cap","naver-card-10058","main_monthly_cap","naver-card-10058-tier-1-0","54000","naver-card-10058-shopping-0","false","2026-06-11T11:14:42.801Z"
"naver-card-10453-tier-1-500000-main-cap","naver-card-10453","main_monthly_cap","naver-card-10453-tier-1-500000","32000","naver-card-10453-shopping-0 | naver-card-10453-coffee-1 | naver-card-10453-mart-2 | naver-card-10453-convenience-3 | naver-card-10453-fuel-4","false","2026-06-11T11:14:42.801Z"
"naver-card-10448-tier-1-500000-main-cap","naver-card-10448","main_monthly_cap","naver-card-10448-tier-1-500000","32000","naver-card-10448-shopping-0 | naver-card-10448-etc-1 | naver-card-10448-mart-2 | naver-card-10448-coffee-3 | naver-card-10448-dining-4","false","2026-06-11T11:14:42.801Z"
"naver-card-10301-tier-1-300000-main-cap","naver-card-10301","main_monthly_cap","naver-card-10301-tier-1-300000","20000","naver-card-10301-shopping-0 | naver-card-10301-mart-1 | naver-card-10301-coffee-2 | naver-card-10301-convenience-3 | naver-card-10301-etc-4","false","2026-06-11T11:14:42.801Z"
"naver-card-3076-tier-1-200000-main-cap","naver-card-3076","main_monthly_cap","naver-card-3076-tier-1-200000","20000","naver-card-3076-shopping-0 | naver-card-3076-etc-1 | naver-card-3076-transport-2 | naver-card-3076-mart-3","false","2026-06-11T11:14:42.801Z"
"naver-card-10475-tier-1-400000-main-cap","naver-card-10475","main_monthly_cap","naver-card-10475-tier-1-400000","15000","naver-card-10475-etc-0 | naver-card-10475-shopping-1 | naver-card-10475-telecom-2","false","2026-06-11T11:14:42.801Z"
"naver-card-10620-tier-1-0-main-cap","naver-card-10620","main_monthly_cap","naver-card-10620-tier-1-0","10000","naver-card-10620-etc-0","false","2026-06-11T11:14:42.801Z"
"naver-card-10422-tier-1-110000-main-cap","naver-card-10422","main_monthly_cap","naver-card-10422-tier-1-110000","20000","naver-card-10422-travel-0 | naver-card-10422-shopping-1 | naver-card-10422-etc-2 | naver-card-10422-fuel-3","false","2026-06-11T11:14:42.801Z"
"naver-card-10459-tier-1-500000-main-cap","naver-card-10459","main_monthly_cap","naver-card-10459-tier-1-500000","32000","naver-card-10459-shopping-0 | naver-card-10459-etc-1 | naver-card-10459-dining-2 | naver-card-10459-convenience-3 | naver-card-10459-transport-4","false","2026-06-11T11:14:42.801Z"
"naver-card-10460-tier-1-500000-main-cap","naver-card-10460","main_monthly_cap","naver-card-10460-tier-1-500000","32000","naver-card-10460-shopping-0 | naver-card-10460-etc-1 | naver-card-10460-medical-2 | naver-card-10460-coffee-3 | naver-card-10460-transport-4","false","2026-06-11T11:14:42.801Z"
"naver-card-10466-tier-1-500000-main-cap","naver-card-10466","main_monthly_cap","naver-card-10466-tier-1-500000","32000","naver-card-10466-shopping-0 | naver-card-10466-etc-1 | naver-card-10466-education-2 | naver-card-10466-medical-3 | naver-card-10466-transport-4","false","2026-06-11T11:14:42.801Z"
"naver-card-10481-tier-1-400000-main-cap","naver-card-10481","main_monthly_cap","naver-card-10481-tier-1-400000","20000","naver-card-10481-shopping-0 | naver-card-10481-dining-1 | naver-card-10481-convenience-2 | naver-card-10481-telecom-3 | naver-card-10481-etc-4","false","2026-06-11T11:14:42.801Z"
"naver-card-10449-tier-1-500000-main-cap","naver-card-10449","main_monthly_cap","naver-card-10449-tier-1-500000","32000","naver-card-10449-shopping-0 | naver-card-10449-etc-1 | naver-card-10449-mart-2 | naver-card-10449-medical-3 | naver-card-10449-coffee-4","false","2026-06-11T11:14:42.801Z"
"naver-card-10461-tier-1-500000-main-cap","naver-card-10461","main_monthly_cap","naver-card-10461-tier-1-500000","32000","naver-card-10461-shopping-0 | naver-card-10461-etc-1 | naver-card-10461-mart-2 | naver-card-10461-education-3 | naver-card-10461-transport-4","false","2026-06-11T11:14:42.801Z"
"naver-card-10510-tier-1-400000-main-cap","naver-card-10510","main_monthly_cap","naver-card-10510-tier-1-400000","10000","naver-card-10510-etc-0 | naver-card-10510-shopping-1","false","2026-06-11T11:14:42.801Z"
"naver-card-835-tier-1-300000-main-cap","naver-card-835","main_monthly_cap","naver-card-835-tier-1-300000","15000","naver-card-835-shopping-0 | naver-card-835-etc-1 | naver-card-835-fuel-2","false","2026-06-11T11:14:42.801Z"
"naver-card-1470-tier-1-200000-main-cap","naver-card-1470","main_monthly_cap","naver-card-1470-tier-1-200000","15000","naver-card-1470-shopping-0 | naver-card-1470-coffee-1 | naver-card-1470-etc-2","false","2026-06-11T11:14:42.801Z"
"naver-card-10386-tier-1-0-main-cap","naver-card-10386","main_monthly_cap","naver-card-10386-tier-1-0","20000","naver-card-10386-etc-0 | naver-card-10386-shopping-1 | naver-card-10386-convenience-2 | naver-card-10386-coffee-3 | naver-card-10386-dining-4","false","2026-06-11T11:14:42.801Z"
"naver-card-10489-tier-1-300000-main-cap","naver-card-10489","main_monthly_cap","naver-card-10489-tier-1-300000","15000","naver-card-10489-etc-0 | naver-card-10489-fuel-1 | naver-card-10489-shopping-2","false","2026-06-11T11:14:42.801Z"
"naver-card-10574-tier-1-400000-main-cap","naver-card-10574","main_monthly_cap","naver-card-10574-tier-1-400000","15000","naver-card-10574-etc-0 | naver-card-10574-shopping-1 | naver-card-10574-telecom-2","false","2026-06-11T11:14:42.801Z"
"naver-card-10423-tier-1-500000-main-cap","naver-card-10423","main_monthly_cap","naver-card-10423-tier-1-500000","32000","naver-card-10423-etc-0 | naver-card-10423-shopping-1 | naver-card-10423-fuel-2 | naver-card-10423-travel-3","false","2026-06-11T11:14:42.801Z"
"naver-card-10627-tier-1-0-main-cap","naver-card-10627","main_monthly_cap","naver-card-10627-tier-1-0","10000","naver-card-10627-etc-0","false","2026-06-11T11:14:42.801Z"
"naver-card-10570-tier-1-500000-main-cap","naver-card-10570","main_monthly_cap","naver-card-10570-tier-1-500000","32000","naver-card-10570-etc-0 | naver-card-10570-coffee-1 | naver-card-10570-convenience-2 | naver-card-10570-medical-3 | naver-card-10570-dining-4","false","2026-06-11T11:14:42.801Z"
"naver-card-10569-tier-1-0-main-cap","naver-card-10569","main_monthly_cap","naver-card-10569-tier-1-0","10000","naver-card-10569-coffee-0 | naver-card-10569-convenience-1 | naver-card-10569-mart-2 | naver-card-10569-shopping-3 | naver-card-10569-medical-4","false","2026-06-11T11:14:42.801Z"
"naver-card-10059-tier-1-400000-main-cap","naver-card-10059","main_monthly_cap","naver-card-10059-tier-1-400000","20000","naver-card-10059-shopping-0 | naver-card-10059-fuel-1 | naver-card-10059-transport-2 | naver-card-10059-etc-3","false","2026-06-11T11:14:42.801Z"
"naver-card-10619-tier-1-400000-main-cap","naver-card-10619","main_monthly_cap","naver-card-10619-tier-1-400000","20000","naver-card-10619-shopping-0 | naver-card-10619-dining-1 | naver-card-10619-convenience-2 | naver-card-10619-telecom-3 | naver-card-10619-etc-4","false","2026-06-11T11:14:42.801Z"
"naver-card-10371-tier-1-200000-main-cap","naver-card-10371","main_monthly_cap","naver-card-10371-tier-1-200000","10000","naver-card-10371-shopping-0 | naver-card-10371-etc-1","false","2026-06-11T11:14:42.801Z"
"naver-card-10628-tier-1-0-main-cap","naver-card-10628","main_monthly_cap","naver-card-10628-tier-1-0","10000","naver-card-10628-etc-0","false","2026-06-11T11:14:42.801Z"
"naver-card-2533-tier-1-300000-main-cap","naver-card-2533","main_monthly_cap","naver-card-2533-tier-1-300000","20000","naver-card-2533-shopping-0 | naver-card-2533-convenience-1 | naver-card-2533-coffee-2 | naver-card-2533-etc-3","false","2026-06-11T11:14:42.801Z"
"naver-card-10053-tier-1-300000-main-cap","naver-card-10053","main_monthly_cap","naver-card-10053-tier-1-300000","10000","naver-card-10053-shopping-0 | naver-card-10053-etc-1","false","2026-06-11T11:14:42.801Z"
"naver-card-1591-tier-1-500000-main-cap","naver-card-1591","main_monthly_cap","naver-card-1591-tier-1-500000","32000","naver-card-1591-shopping-0 | naver-card-1591-mart-1 | naver-card-1591-coffee-2 | naver-card-1591-etc-3 | naver-card-1591-fuel-4","false","2026-06-11T11:14:42.801Z"
"naver-card-10609-tier-1-400000-main-cap","naver-card-10609","main_monthly_cap","naver-card-10609-tier-1-400000","20000","naver-card-10609-mart-0 | naver-card-10609-coffee-1 | naver-card-10609-convenience-2 | naver-card-10609-telecom-3 | naver-card-10609-shopping-4","false","2026-06-11T11:14:42.801Z"
"naver-card-10469-tier-1-500000-main-cap","naver-card-10469","main_monthly_cap","naver-card-10469-tier-1-500000","16000","naver-card-10469-shopping-0 | naver-card-10469-etc-1","false","2026-06-11T11:14:42.801Z"
"naver-card-10416-tier-1-300000-main-cap","naver-card-10416","main_monthly_cap","naver-card-10416-tier-1-300000","20000","naver-card-10416-shopping-0 | naver-card-10416-telecom-1 | naver-card-10416-coffee-2 | naver-card-10416-dining-3 | naver-card-10416-convenience-4","false","2026-06-11T11:14:42.801Z"
"naver-card-1570-tier-1-300000-main-cap","naver-card-1570","main_monthly_cap","naver-card-1570-tier-1-300000","20000","naver-card-1570-etc-0 | naver-card-1570-coffee-1 | naver-card-1570-convenience-2 | naver-card-1570-shopping-3 | naver-card-1570-transport-4","false","2026-06-11T11:14:42.801Z"
"naver-card-3756-tier-1-400000-main-cap","naver-card-3756","main_monthly_cap","naver-card-3756-tier-1-400000","2000","naver-card-3756-fuel-0 | naver-card-3756-etc-1 | naver-card-3756-coffee-2","false","2026-06-11T11:14:42.801Z"
"naver-card-10467-tier-1-500000-main-cap","naver-card-10467","main_monthly_cap","naver-card-10467-tier-1-500000","16000","naver-card-10467-shopping-0 | naver-card-10467-etc-1","false","2026-06-11T11:14:42.801Z"
"naver-card-10402-tier-1-400000-main-cap","naver-card-10402","main_monthly_cap","naver-card-10402-tier-1-400000","20000","naver-card-10402-shopping-0 | naver-card-10402-dining-1 | naver-card-10402-etc-2 | naver-card-10402-telecom-3","false","2026-06-11T11:14:42.801Z"
"naver-card-10080-tier-1-300000-main-cap","naver-card-10080","main_monthly_cap","naver-card-10080-tier-1-300000","20000","naver-card-10080-shopping-0","false","2026-06-11T11:14:42.801Z"
"naver-card-10493-tier-1-400000-main-cap","naver-card-10493","main_monthly_cap","naver-card-10493-tier-1-400000","20000","naver-card-10493-telecom-0 | naver-card-10493-fuel-1 | naver-card-10493-dining-2 | naver-card-10493-coffee-3 | naver-card-10493-etc-4","false","2026-06-11T11:14:42.801Z"
"naver-card-10151-tier-1-400000-main-cap","naver-card-10151","main_monthly_cap","naver-card-10151-tier-1-400000","6000","naver-card-10151-etc-0 | naver-card-10151-shopping-1","false","2026-06-11T11:14:42.801Z"
"naver-card-10207-tier-1-400000-main-cap","naver-card-10207","main_monthly_cap","naver-card-10207-tier-1-400000","15000","naver-card-10207-telecom-0","false","2026-06-11T11:14:42.801Z"
"naver-card-10313-tier-1-500000-main-cap","naver-card-10313","main_monthly_cap","naver-card-10313-tier-1-500000","32000","naver-card-10313-fuel-0 | naver-card-10313-etc-1 | naver-card-10313-education-2 | naver-card-10313-telecom-3 | naver-card-10313-shopping-4","false","2026-06-11T11:14:42.801Z"
"naver-card-10327-tier-1-400000-main-cap","naver-card-10327","main_monthly_cap","naver-card-10327-tier-1-400000","10000","naver-card-10327-shopping-0","false","2026-06-11T11:14:42.801Z"
"naver-card-10260-tier-1-300000-main-cap","naver-card-10260","main_monthly_cap","naver-card-10260-tier-1-300000","10000","naver-card-10260-etc-0 | naver-card-10260-shopping-1","false","2026-06-11T11:14:42.801Z"
"naver-card-10187-tier-1-0-main-cap","naver-card-10187","main_monthly_cap","naver-card-10187-tier-1-0","10000","naver-card-10187-etc-0 | naver-card-10187-shopping-1","false","2026-06-11T11:14:42.801Z"
"naver-card-10584-tier-1-400000-main-cap","naver-card-10584","main_monthly_cap","naver-card-10584-tier-1-400000","20000","naver-card-10584-shopping-0 | naver-card-10584-transport-1 | naver-card-10584-fuel-2 | naver-card-10584-coffee-3 | naver-card-10584-medical-4","false","2026-06-11T11:14:42.801Z"
"naver-card-10409-tier-1-500000-main-cap","naver-card-10409","main_monthly_cap","naver-card-10409-tier-1-500000","32000","naver-card-10409-education-0 | naver-card-10409-mart-1 | naver-card-10409-medical-2 | naver-card-10409-etc-3 | naver-card-10409-telecom-4","false","2026-06-11T11:14:42.801Z"
"naver-card-1292-tier-1-300000-main-cap","naver-card-1292","main_monthly_cap","naver-card-1292-tier-1-300000","20000","naver-card-1292-transport-0 | naver-card-1292-convenience-1 | naver-card-1292-coffee-2 | naver-card-1292-shopping-3 | naver-card-1292-etc-4","false","2026-06-11T11:14:42.801Z"
"naver-card-10201-tier-1-300000-main-cap","naver-card-10201","main_monthly_cap","naver-card-10201-tier-1-300000","20000","naver-card-10201-transport-0 | naver-card-10201-shopping-1 | naver-card-10201-convenience-2 | naver-card-10201-telecom-3 | naver-card-10201-coffee-4","false","2026-06-11T11:14:42.801Z"
"naver-card-10617-tier-1-0-main-cap","naver-card-10617","main_monthly_cap","naver-card-10617-tier-1-0","10000","naver-card-10617-etc-0","false","2026-06-11T11:14:42.801Z"
"naver-card-10410-tier-1-400000-main-cap","naver-card-10410","main_monthly_cap","naver-card-10410-tier-1-400000","10000","naver-card-10410-etc-0 | naver-card-10410-shopping-1","false","2026-06-11T11:14:42.801Z"
"naver-card-10396-tier-1-500000-main-cap","naver-card-10396","main_monthly_cap","naver-card-10396-tier-1-500000","16000","naver-card-10396-shopping-0 | naver-card-10396-travel-1","false","2026-06-11T11:14:42.801Z"
"naver-card-10506-tier-1-300000-main-cap","naver-card-10506","main_monthly_cap","naver-card-10506-tier-1-300000","20000","naver-card-10506-telecom-0","false","2026-06-11T11:14:42.801Z"
"naver-card-10535-tier-1-500000-main-cap","naver-card-10535","main_monthly_cap","naver-card-10535-tier-1-500000","30000","naver-card-10535-ott-0","false","2026-06-11T11:14:42.801Z"
"naver-card-10346-tier-1-0-main-cap","naver-card-10346","main_monthly_cap","naver-card-10346-tier-1-0","10000","naver-card-10346-shopping-0","false","2026-06-11T11:14:42.801Z"
"naver-card-10378-tier-1-500000-main-cap","naver-card-10378","main_monthly_cap","naver-card-10378-tier-1-500000","16000","naver-card-10378-ott-0 | naver-card-10378-shopping-1","false","2026-06-11T11:14:42.801Z"
"naver-card-10128-tier-1-300000-main-cap","naver-card-10128","main_monthly_cap","naver-card-10128-tier-1-300000","20000","naver-card-10128-etc-0 | naver-card-10128-shopping-1 | naver-card-10128-transport-2 | naver-card-10128-coffee-3 | naver-card-10128-convenience-4","false","2026-06-11T11:14:42.801Z"
"naver-card-10491-tier-1-0-main-cap","naver-card-10491","main_monthly_cap","naver-card-10491-tier-1-0","10000","naver-card-10491-etc-0 | naver-card-10491-shopping-1","false","2026-06-11T11:14:42.801Z"
"naver-card-10385-tier-1-500000-main-cap","naver-card-10385","main_monthly_cap","naver-card-10385-tier-1-500000","16000","naver-card-10385-telecom-0 | naver-card-10385-shopping-1","false","2026-06-11T11:14:42.801Z"
"naver-card-10479-tier-1-400000-main-cap","naver-card-10479","main_monthly_cap","naver-card-10479-tier-1-400000","15000","naver-card-10479-shopping-0 | naver-card-10479-dining-1 | naver-card-10479-etc-2","false","2026-06-11T11:14:42.801Z"
"naver-card-10314-tier-1-500000-main-cap","naver-card-10314","main_monthly_cap","naver-card-10314-tier-1-500000","30000","naver-card-10314-shopping-0 | naver-card-10314-etc-1","false","2026-06-11T11:14:42.801Z"
"naver-card-1400-tier-1-300000-main-cap","naver-card-1400","main_monthly_cap","naver-card-1400-tier-1-300000","20000","naver-card-1400-etc-0 | naver-card-1400-medical-1 | naver-card-1400-shopping-2 | naver-card-1400-coffee-3 | naver-card-1400-dining-4","false","2026-06-11T11:14:42.801Z"
"naver-card-10465-tier-1-500000-main-cap","naver-card-10465","main_monthly_cap","naver-card-10465-tier-1-500000","32000","naver-card-10465-shopping-0 | naver-card-10465-mart-1 | naver-card-10465-coffee-2 | naver-card-10465-telecom-3","false","2026-06-11T11:14:42.801Z"
"naver-card-10373-tier-1-500000-main-cap","naver-card-10373","main_monthly_cap","naver-card-10373-tier-1-500000","24000","naver-card-10373-shopping-0 | naver-card-10373-etc-1 | naver-card-10373-fuel-2","false","2026-06-11T11:14:42.801Z"
"naver-card-10219-tier-1-0-main-cap","naver-card-10219","main_monthly_cap","naver-card-10219-tier-1-0","10000","naver-card-10219-shopping-0 | naver-card-10219-etc-1","false","2026-06-11T11:14:42.801Z"
"naver-card-10076-tier-1-500000-main-cap","naver-card-10076","main_monthly_cap","naver-card-10076-tier-1-500000","16000","naver-card-10076-travel-0 | naver-card-10076-etc-1","false","2026-06-11T11:14:42.801Z"
"naver-card-10507-tier-1-300000-main-cap","naver-card-10507","main_monthly_cap","naver-card-10507-tier-1-300000","10000","naver-card-10507-telecom-0","false","2026-06-11T11:14:42.801Z"
"naver-card-10455-tier-1-0-main-cap","naver-card-10455","main_monthly_cap","naver-card-10455-tier-1-0","10000","naver-card-10455-shopping-0","false","2026-06-11T11:14:42.801Z"
"naver-card-10622-tier-1-500000-main-cap","naver-card-10622","main_monthly_cap","naver-card-10622-tier-1-500000","24000","naver-card-10622-travel-0 | naver-card-10622-shopping-1 | naver-card-10622-etc-2","false","2026-06-11T11:14:42.801Z"
"naver-card-10394-tier-1-500000-main-cap","naver-card-10394","main_monthly_cap","naver-card-10394-tier-1-500000","24000","naver-card-10394-travel-0 | naver-card-10394-etc-1 | naver-card-10394-shopping-2","false","2026-06-11T11:14:42.801Z"
"naver-card-10500-tier-1-300000-main-cap","naver-card-10500","main_monthly_cap","naver-card-10500-tier-1-300000","10000","naver-card-10500-telecom-0","false","2026-06-11T11:14:42.801Z"
"naver-card-1614-tier-1-300000-main-cap","naver-card-1614","main_monthly_cap","naver-card-1614-tier-1-300000","20000","naver-card-1614-shopping-0 | naver-card-1614-fuel-1 | naver-card-1614-telecom-2 | naver-card-1614-mart-3 | naver-card-1614-medical-4","false","2026-06-11T11:14:42.801Z"
"naver-card-10400-tier-1-500000-main-cap","naver-card-10400","main_monthly_cap","naver-card-10400-tier-1-500000","24000","naver-card-10400-travel-0 | naver-card-10400-etc-1 | naver-card-10400-shopping-2","false","2026-06-11T11:14:42.801Z"
"naver-card-10573-tier-1-400000-main-cap","naver-card-10573","main_monthly_cap","naver-card-10573-tier-1-400000","10000","naver-card-10573-fuel-0","false","2026-06-11T11:14:42.801Z"
"naver-card-10441-tier-1-200000-main-cap","naver-card-10441","main_monthly_cap","naver-card-10441-tier-1-200000","17000","naver-card-10441-ott-0","false","2026-06-11T11:14:42.801Z"
"naver-card-10350-tier-1-400000-main-cap","naver-card-10350","main_monthly_cap","naver-card-10350-tier-1-400000","20000","naver-card-10350-transport-0 | naver-card-10350-etc-1 | naver-card-10350-shopping-2 | naver-card-10350-telecom-3 | naver-card-10350-dining-4","false","2026-06-11T11:14:42.801Z"
"naver-card-10528-tier-1-100000-main-cap","naver-card-10528","main_monthly_cap","naver-card-10528-tier-1-100000","20000","naver-card-10528-convenience-0 | naver-card-10528-coffee-1 | naver-card-10528-medical-2 | naver-card-10528-shopping-3 | naver-card-10528-transport-4","false","2026-06-11T11:14:42.801Z"
"naver-card-10401-tier-1-500000-main-cap","naver-card-10401","main_monthly_cap","naver-card-10401-tier-1-500000","24000","naver-card-10401-travel-0 | naver-card-10401-etc-1 | naver-card-10401-shopping-2","false","2026-06-11T11:14:42.801Z"
"naver-card-2487-tier-1-100000-main-cap","naver-card-2487","main_monthly_cap","naver-card-2487-tier-1-100000","20000","naver-card-2487-ott-0 | naver-card-2487-shopping-1 | naver-card-2487-etc-2","false","2026-06-11T11:14:42.801Z"
"naver-card-10562-tier-1-300000-main-cap","naver-card-10562","main_monthly_cap","naver-card-10562-tier-1-300000","20000","naver-card-10562-shopping-0 | naver-card-10562-travel-1 | naver-card-10562-fuel-2 | naver-card-10562-etc-3 | naver-card-10562-coffee-4","false","2026-06-11T11:14:42.801Z"
"naver-card-10189-tier-1-500000-main-cap","naver-card-10189","main_monthly_cap","naver-card-10189-tier-1-500000","16000","naver-card-10189-travel-0 | naver-card-10189-etc-1","false","2026-06-11T11:14:42.801Z"
"naver-card-10399-tier-1-500000-main-cap","naver-card-10399","main_monthly_cap","naver-card-10399-tier-1-500000","24000","naver-card-10399-travel-0 | naver-card-10399-etc-1 | naver-card-10399-shopping-2","false","2026-06-11T11:14:42.801Z"
"naver-card-10420-tier-1-400000-main-cap","naver-card-10420","main_monthly_cap","naver-card-10420-tier-1-400000","15000","naver-card-10420-fuel-0 | naver-card-10420-etc-1 | naver-card-10420-shopping-2","false","2026-06-11T11:14:42.801Z"
"naver-card-10565-tier-1-0-main-cap","naver-card-10565","main_monthly_cap","naver-card-10565-tier-1-0","10000","naver-card-10565-etc-0","false","2026-06-11T11:14:42.801Z"
"naver-card-10362-tier-1-250000-main-cap","naver-card-10362","main_monthly_cap","naver-card-10362-tier-1-250000","20000","naver-card-10362-shopping-0 | naver-card-10362-etc-1 | naver-card-10362-dining-2 | naver-card-10362-transport-3","false","2026-06-11T11:14:42.801Z"
"naver-card-10608-tier-1-300000-main-cap","naver-card-10608","main_monthly_cap","naver-card-10608-tier-1-300000","10000","naver-card-10608-shopping-0","false","2026-06-11T11:14:42.801Z"
"naver-card-1243-tier-1-400000-main-cap","naver-card-1243","main_monthly_cap","naver-card-1243-tier-1-400000","14000","naver-card-1243-shopping-0 | naver-card-1243-etc-1","false","2026-06-11T11:14:42.801Z"
"naver-card-10384-tier-1-500000-main-cap","naver-card-10384","main_monthly_cap","naver-card-10384-tier-1-500000","16000","naver-card-10384-telecom-0 | naver-card-10384-shopping-1","false","2026-06-11T11:14:42.801Z"
"naver-card-10581-tier-1-0-main-cap","naver-card-10581","main_monthly_cap","naver-card-10581-tier-1-0","10000","naver-card-10581-etc-0","false","2026-06-11T11:14:42.801Z"
"naver-card-2418-tier-1-500000-main-cap","naver-card-2418","main_monthly_cap","naver-card-2418-tier-1-500000","32000","naver-card-2418-travel-0 | naver-card-2418-shopping-1 | naver-card-2418-mart-2 | naver-card-2418-fuel-3 | naver-card-2418-coffee-4","false","2026-06-11T11:14:42.801Z"
"naver-card-10518-tier-1-300000-main-cap","naver-card-10518","main_monthly_cap","naver-card-10518-tier-1-300000","10000","naver-card-10518-etc-0 | naver-card-10518-shopping-1","false","2026-06-11T11:14:42.801Z"
"naver-card-10225-tier-1-400000-main-cap","naver-card-10225","main_monthly_cap","naver-card-10225-tier-1-400000","20000","naver-card-10225-etc-0 | naver-card-10225-medical-1 | naver-card-10225-fuel-2 | naver-card-10225-coffee-3 | naver-card-10225-transport-4","false","2026-06-11T11:14:42.801Z"
"naver-card-10618-tier-1-300000-main-cap","naver-card-10618","main_monthly_cap","naver-card-10618-tier-1-300000","10000","naver-card-10618-shopping-0 | naver-card-10618-etc-1","false","2026-06-11T11:14:42.801Z"
"naver-card-10186-tier-1-400000-main-cap","naver-card-10186","main_monthly_cap","naver-card-10186-tier-1-400000","7000","naver-card-10186-shopping-0 | naver-card-10186-etc-1 | naver-card-10186-coffee-2","false","2026-06-11T11:14:42.801Z"
"naver-card-10297-tier-1-300000-main-cap","naver-card-10297","main_monthly_cap","naver-card-10297-tier-1-300000","5000","naver-card-10297-etc-0 | naver-card-10297-fuel-1 | naver-card-10297-transport-2 | naver-card-10297-coffee-3 | naver-card-10297-shopping-4","false","2026-06-11T11:14:42.801Z"
"naver-card-10262-tier-1-300000-main-cap","naver-card-10262","main_monthly_cap","naver-card-10262-tier-1-300000","10000","naver-card-10262-ott-0 | naver-card-10262-etc-1","false","2026-06-11T11:14:42.801Z"
"naver-card-2349-tier-1-500000-main-cap","naver-card-2349","main_monthly_cap","naver-card-2349-tier-1-500000","1000","naver-card-2349-travel-0 | naver-card-2349-coffee-1 | naver-card-2349-etc-2","false","2026-06-11T11:14:42.801Z"
"naver-card-10223-tier-1-400000-main-cap","naver-card-10223","main_monthly_cap","naver-card-10223-tier-1-400000","20000","naver-card-10223-transport-0 | naver-card-10223-convenience-1 | naver-card-10223-etc-2 | naver-card-10223-shopping-3","false","2026-06-11T11:14:42.801Z"
"naver-card-652-tier-1-0-main-cap","naver-card-652","main_monthly_cap","naver-card-652-tier-1-0","20000","naver-card-652-travel-0 | naver-card-652-etc-1 | naver-card-652-shopping-2 | naver-card-652-coffee-3 | naver-card-652-education-4","false","2026-06-11T11:14:42.801Z"
"naver-card-10160-tier-1-400000-main-cap","naver-card-10160","main_monthly_cap","naver-card-10160-tier-1-400000","20000","naver-card-10160-mart-0 | naver-card-10160-shopping-1 | naver-card-10160-medical-2 | naver-card-10160-transport-3 | naver-card-10160-etc-4","false","2026-06-11T11:14:42.801Z"
"naver-card-3996-tier-1-300000-main-cap","naver-card-3996","main_monthly_cap","naver-card-3996-tier-1-300000","20000","naver-card-3996-coffee-0 | naver-card-3996-etc-1 | naver-card-3996-dining-2 | naver-card-3996-shopping-3 | naver-card-3996-transport-4","false","2026-06-11T11:14:42.801Z"
"naver-card-10436-tier-1-1000000-main-cap","naver-card-10436","main_monthly_cap","naver-card-10436-tier-1-1000000","12000","naver-card-10436-shopping-0","false","2026-06-11T11:14:42.801Z"
"naver-card-10625-tier-1-500000-main-cap","naver-card-10625","main_monthly_cap","naver-card-10625-tier-1-500000","20000","naver-card-10625-telecom-0","false","2026-06-11T11:14:42.801Z"
"naver-card-10361-tier-1-500000-main-cap","naver-card-10361","main_monthly_cap","naver-card-10361-tier-1-500000","32000","naver-card-10361-shopping-0 | naver-card-10361-etc-1 | naver-card-10361-dining-2 | naver-card-10361-transport-3","false","2026-06-11T11:14:42.801Z"
"naver-card-10607-tier-1-300000-main-cap","naver-card-10607","main_monthly_cap","naver-card-10607-tier-1-300000","15000","naver-card-10607-telecom-0 | naver-card-10607-etc-1","false","2026-06-11T11:14:42.801Z"
"naver-card-10525-tier-1-500000-main-cap","naver-card-10525","main_monthly_cap","naver-card-10525-tier-1-500000","32000","naver-card-10525-etc-0 | naver-card-10525-shopping-1 | naver-card-10525-fuel-2 | naver-card-10525-mart-3","false","2026-06-11T11:14:42.801Z"
"naver-card-10488-tier-1-400000-main-cap","naver-card-10488","main_monthly_cap","naver-card-10488-tier-1-400000","10000","naver-card-10488-shopping-0 | naver-card-10488-dining-1 | naver-card-10488-etc-2","false","2026-06-11T11:14:42.801Z"
"naver-card-10636-tier-1-300000-main-cap","naver-card-10636","main_monthly_cap","naver-card-10636-tier-1-300000","20000","naver-card-10636-telecom-0 | naver-card-10636-fuel-1 | naver-card-10636-etc-2 | naver-card-10636-medical-3","false","2026-06-11T11:14:42.801Z"
"naver-card-10637-tier-1-500000-main-cap","naver-card-10637","main_monthly_cap","naver-card-10637-tier-1-500000","16000","naver-card-10637-telecom-0 | naver-card-10637-shopping-1","false","2026-06-11T11:14:42.801Z"
"naver-card-10638-tier-1-400000-main-cap","naver-card-10638","main_monthly_cap","naver-card-10638-tier-1-400000","10000","naver-card-10638-telecom-0","false","2026-06-11T11:14:42.801Z"
"naver-card-10640-tier-1-300000-main-cap","naver-card-10640","main_monthly_cap","naver-card-10640-tier-1-300000","10000","naver-card-10640-shopping-0 | naver-card-10640-etc-1","false","2026-06-11T11:14:42.801Z"
"naver-card-3777-tier-1-400000-main-cap","naver-card-3777","main_monthly_cap","naver-card-3777-tier-1-400000","23000","naver-card-3777-shopping-0 | naver-card-3777-telecom-1 | naver-card-3777-transport-2 | naver-card-3777-coffee-3 | naver-card-3777-dining-4","false","2026-06-11T11:14:42.801Z"
"naver-card-3776-tier-1-400000-main-cap","naver-card-3776","main_monthly_cap","naver-card-3776-tier-1-400000","12000","naver-card-3776-shopping-0 | naver-card-3776-telecom-1 | naver-card-3776-transport-2 | naver-card-3776-coffee-3 | naver-card-3776-dining-4","false","2026-06-11T11:14:42.801Z"
"naver-card-10383-tier-1-500000-main-cap","naver-card-10383","main_monthly_cap","naver-card-10383-tier-1-500000","16000","naver-card-10383-telecom-0 | naver-card-10383-shopping-1","false","2026-06-11T11:14:42.801Z"
"naver-card-10289-tier-1-200000-main-cap","naver-card-10289","main_monthly_cap","naver-card-10289-tier-1-200000","10000","naver-card-10289-convenience-0","false","2026-06-11T11:14:42.801Z"
"naver-card-10442-tier-1-300000-main-cap","naver-card-10442","main_monthly_cap","naver-card-10442-tier-1-300000","20000","naver-card-10442-transport-0 | naver-card-10442-shopping-1 | naver-card-10442-etc-2 | naver-card-10442-dining-3 | naver-card-10442-telecom-4","false","2026-06-11T11:14:42.801Z"
"naver-card-3055-tier-1-0-main-cap","naver-card-3055","main_monthly_cap","naver-card-3055-tier-1-0","10000","naver-card-3055-shopping-0 | naver-card-3055-etc-1","false","2026-06-11T11:14:42.801Z"
"naver-card-10363-tier-1-120000-main-cap","naver-card-10363","main_monthly_cap","naver-card-10363-tier-1-120000","20000","naver-card-10363-shopping-0 | naver-card-10363-etc-1 | naver-card-10363-dining-2 | naver-card-10363-transport-3","false","2026-06-11T11:14:42.801Z"
"naver-card-3257-tier-1-400000-main-cap","naver-card-3257","main_monthly_cap","naver-card-3257-tier-1-400000","10000","naver-card-3257-ott-0 | naver-card-3257-etc-1","false","2026-06-11T11:14:42.801Z"
"naver-card-2206-tier-1-300000-main-cap","naver-card-2206","main_monthly_cap","naver-card-2206-tier-1-300000","10000","naver-card-2206-shopping-0 | naver-card-2206-coffee-1 | naver-card-2206-transport-2 | naver-card-2206-telecom-3 | naver-card-2206-dining-4","false","2026-06-11T11:14:42.801Z"
"naver-card-2206-tier-2-500000-main-cap","naver-card-2206","main_monthly_cap","naver-card-2206-tier-2-500000","15000","naver-card-2206-shopping-0 | naver-card-2206-coffee-1 | naver-card-2206-transport-2 | naver-card-2206-telecom-3 | naver-card-2206-dining-4","false","2026-06-11T11:14:42.801Z"
"naver-card-2206-tier-3-700000-main-cap","naver-card-2206","main_monthly_cap","naver-card-2206-tier-3-700000","25000","naver-card-2206-shopping-0 | naver-card-2206-coffee-1 | naver-card-2206-transport-2 | naver-card-2206-telecom-3 | naver-card-2206-dining-4","false","2026-06-11T11:14:42.801Z"
"naver-card-2206-tier-4-1200000-main-cap","naver-card-2206","main_monthly_cap","naver-card-2206-tier-4-1200000","40000","naver-card-2206-shopping-0 | naver-card-2206-coffee-1 | naver-card-2206-transport-2 | naver-card-2206-telecom-3 | naver-card-2206-dining-4","false","2026-06-11T11:14:42.801Z"
"naver-card-10464-tier-1-500000-main-cap","naver-card-10464","main_monthly_cap","naver-card-10464-tier-1-500000","32000","naver-card-10464-shopping-0 | naver-card-10464-travel-1 | naver-card-10464-coffee-2 | naver-card-10464-transport-3 | naver-card-10464-etc-4","false","2026-06-11T11:14:42.801Z"
"naver-card-10456-tier-1-400000-main-cap","naver-card-10456","main_monthly_cap","naver-card-10456-tier-1-400000","10000","naver-card-10456-shopping-0 | naver-card-10456-etc-1","false","2026-06-11T11:14:42.801Z"
"naver-card-10388-tier-1-500000-main-cap","naver-card-10388","main_monthly_cap","naver-card-10388-tier-1-500000","10000","naver-card-10388-etc-0","false","2026-06-11T11:14:42.801Z"
"naver-card-10564-tier-1-0-main-cap","naver-card-10564","main_monthly_cap","naver-card-10564-tier-1-0","10000","naver-card-10564-etc-0","false","2026-06-11T11:14:42.801Z"
"naver-card-10308-tier-1-400000-main-cap","naver-card-10308","main_monthly_cap","naver-card-10308-tier-1-400000","20000","naver-card-10308-etc-0 | naver-card-10308-education-1 | naver-card-10308-telecom-2 | naver-card-10308-ott-3","false","2026-06-11T11:14:42.801Z"
"naver-card-10421-tier-1-500000-main-cap","naver-card-10421","main_monthly_cap","naver-card-10421-tier-1-500000","32000","naver-card-10421-mart-0 | naver-card-10421-coffee-1 | naver-card-10421-education-2 | naver-card-10421-medical-3 | naver-card-10421-dining-4","false","2026-06-11T11:14:42.801Z"
"naver-card-10226-tier-1-400000-main-cap","naver-card-10226","main_monthly_cap","naver-card-10226-tier-1-400000","20000","naver-card-10226-telecom-0 | naver-card-10226-fuel-1 | naver-card-10226-shopping-2 | naver-card-10226-mart-3 | naver-card-10226-transport-4","false","2026-06-11T11:14:42.801Z"
"naver-card-10429-tier-1-300000-main-cap","naver-card-10429","main_monthly_cap","naver-card-10429-tier-1-300000","20000","naver-card-10429-shopping-0 | naver-card-10429-travel-1 | naver-card-10429-etc-2 | naver-card-10429-coffee-3 | naver-card-10429-fuel-4","false","2026-06-11T11:14:42.801Z"
"naver-card-10582-tier-1-0-main-cap","naver-card-10582","main_monthly_cap","naver-card-10582-tier-1-0","10000","naver-card-10582-etc-0","false","2026-06-11T11:14:42.801Z"
"naver-card-10517-tier-1-300000-main-cap","naver-card-10517","main_monthly_cap","naver-card-10517-tier-1-300000","10000","naver-card-10517-shopping-0 | naver-card-10517-etc-1","false","2026-06-11T11:14:42.801Z"
"naver-card-10390-tier-1-500000-main-cap","naver-card-10390","main_monthly_cap","naver-card-10390-tier-1-500000","10000","naver-card-10390-etc-0","false","2026-06-11T11:14:42.801Z"
"naver-card-10372-tier-1-500000-main-cap","naver-card-10372","main_monthly_cap","naver-card-10372-tier-1-500000","24000","naver-card-10372-shopping-0 | naver-card-10372-etc-1 | naver-card-10372-fuel-2","false","2026-06-11T11:14:42.801Z"
"naver-card-10264-tier-1-300000-main-cap","naver-card-10264","main_monthly_cap","naver-card-10264-tier-1-300000","10000","naver-card-10264-shopping-0 | naver-card-10264-etc-1 | naver-card-10264-telecom-2 | naver-card-10264-transport-3 | naver-card-10264-coffee-4","false","2026-06-11T11:14:42.801Z"
"naver-card-10621-tier-1-500000-main-cap","naver-card-10621","main_monthly_cap","naver-card-10621-tier-1-500000","16000","naver-card-10621-shopping-0 | naver-card-10621-etc-1","false","2026-06-11T11:14:42.801Z"
"naver-card-10624-tier-1-400000-main-cap","naver-card-10624","main_monthly_cap","naver-card-10624-tier-1-400000","13000","naver-card-10624-telecom-0","false","2026-06-11T11:14:42.801Z"
"naver-card-10496-tier-1-1000000-main-cap","naver-card-10496","main_monthly_cap","naver-card-10496-tier-1-1000000","36000","naver-card-10496-shopping-0 | naver-card-10496-fuel-1 | naver-card-10496-etc-2","false","2026-06-11T11:14:42.801Z"
"naver-card-2886-tier-1-400000-main-cap","naver-card-2886","main_monthly_cap","naver-card-2886-tier-1-400000","20000","naver-card-2886-shopping-0 | naver-card-2886-mart-1 | naver-card-2886-coffee-2 | naver-card-2886-convenience-3 | naver-card-2886-dining-4","false","2026-06-11T11:14:42.801Z"
"naver-card-10287-tier-1-0-main-cap","naver-card-10287","main_monthly_cap","naver-card-10287-tier-1-0","10000","naver-card-10287-etc-0 | naver-card-10287-shopping-1","false","2026-06-11T11:14:42.801Z"
"naver-card-10033-tier-1-0-main-cap","naver-card-10033","main_monthly_cap","naver-card-10033-tier-1-0","10000","naver-card-10033-shopping-0","false","2026-06-11T11:14:42.801Z"
"naver-card-10556-tier-1-200000-main-cap","naver-card-10556","main_monthly_cap","naver-card-10556-tier-1-200000","17000","naver-card-10556-etc-0","false","2026-06-11T11:14:42.801Z"
"naver-card-10405-tier-1-500000-main-cap","naver-card-10405","main_monthly_cap","naver-card-10405-tier-1-500000","16000","naver-card-10405-shopping-0 | naver-card-10405-etc-1","false","2026-06-11T11:14:42.801Z"
"naver-card-2757-tier-1-200000-main-cap","naver-card-2757","main_monthly_cap","naver-card-2757-tier-1-200000","17000","naver-card-2757-etc-0","false","2026-06-11T11:14:42.801Z"
"naver-card-3958-tier-1-400000-main-cap","naver-card-3958","main_monthly_cap","naver-card-3958-tier-1-400000","20000","naver-card-3958-etc-0 | naver-card-3958-shopping-1 | naver-card-3958-fuel-2 | naver-card-3958-mart-3 | naver-card-3958-medical-4","false","2026-06-11T11:14:42.801Z"
"naver-card-10369-tier-1-0-main-cap","naver-card-10369","main_monthly_cap","naver-card-10369-tier-1-0","20000","naver-card-10369-shopping-0 | naver-card-10369-etc-1 | naver-card-10369-dining-2 | naver-card-10369-coffee-3","false","2026-06-11T11:14:42.801Z"
"naver-card-10325-tier-1-500000-main-cap","naver-card-10325","main_monthly_cap","naver-card-10325-tier-1-500000","32000","naver-card-10325-shopping-0 | naver-card-10325-convenience-1 | naver-card-10325-etc-2 | naver-card-10325-transport-3 | naver-card-10325-coffee-4","false","2026-06-11T11:14:42.801Z"
"naver-card-10545-tier-1-500000-main-cap","naver-card-10545","main_monthly_cap","naver-card-10545-tier-1-500000","16000","naver-card-10545-shopping-0 | naver-card-10545-etc-1","false","2026-06-11T11:14:42.801Z"
"naver-card-1597-tier-1-300000-main-cap","naver-card-1597","main_monthly_cap","naver-card-1597-tier-1-300000","10000","naver-card-1597-dining-0 | naver-card-1597-convenience-1 | naver-card-1597-transport-2","false","2026-06-11T11:14:42.801Z"
"naver-card-10563-tier-1-1000000-main-cap","naver-card-10563","main_monthly_cap","naver-card-10563-tier-1-1000000","48000","naver-card-10563-etc-0 | naver-card-10563-fuel-1 | naver-card-10563-mart-2 | naver-card-10563-telecom-3 | naver-card-10563-shopping-4","false","2026-06-11T11:14:42.801Z"
"naver-card-10634-tier-1-300000-main-cap","naver-card-10634","main_monthly_cap","naver-card-10634-tier-1-300000","20000","naver-card-10634-shopping-0 | naver-card-10634-fuel-1 | naver-card-10634-transport-2 | naver-card-10634-coffee-3 | naver-card-10634-dining-4","false","2026-06-11T11:14:42.801Z"
"naver-card-10576-tier-1-0-main-cap","naver-card-10576","main_monthly_cap","naver-card-10576-tier-1-0","10000","naver-card-10576-etc-0","false","2026-06-11T11:14:42.801Z"
"naver-card-10549-tier-1-500000-main-cap","naver-card-10549","main_monthly_cap","naver-card-10549-tier-1-500000","24000","naver-card-10549-fuel-0 | naver-card-10549-etc-1 | naver-card-10549-shopping-2","false","2026-06-11T11:14:42.801Z"
"naver-card-10306-tier-1-0-main-cap","naver-card-10306","main_monthly_cap","naver-card-10306-tier-1-0","20000","naver-card-10306-shopping-0 | naver-card-10306-etc-1 | naver-card-10306-ott-2 | naver-card-10306-medical-3 | naver-card-10306-convenience-4","false","2026-06-11T11:14:42.801Z"
"naver-card-10294-tier-1-500000-main-cap","naver-card-10294","main_monthly_cap","naver-card-10294-tier-1-500000","24000","naver-card-10294-shopping-0 | naver-card-10294-travel-1 | naver-card-10294-etc-2","false","2026-06-11T11:14:42.801Z"
"naver-card-10527-tier-1-400000-main-cap","naver-card-10527","main_monthly_cap","naver-card-10527-tier-1-400000","20000","naver-card-10527-shopping-0 | naver-card-10527-convenience-1 | naver-card-10527-mart-2 | naver-card-10527-etc-3 | naver-card-10527-coffee-4","false","2026-06-11T11:14:42.801Z"
"naver-card-10513-tier-1-400000-main-cap","naver-card-10513","main_monthly_cap","naver-card-10513-tier-1-400000","15000","naver-card-10513-telecom-0 | naver-card-10513-fuel-1 | naver-card-10513-etc-2","false","2026-06-11T11:14:42.801Z"
"naver-card-10578-tier-1-0-main-cap","naver-card-10578","main_monthly_cap","naver-card-10578-tier-1-0","10000","naver-card-10578-etc-0","false","2026-06-11T11:14:42.801Z"
"naver-card-1773-tier-1-500000-main-cap","naver-card-1773","main_monthly_cap","naver-card-1773-tier-1-500000","32000","naver-card-1773-shopping-0 | naver-card-1773-etc-1 | naver-card-1773-mart-2 | naver-card-1773-coffee-3 | naver-card-1773-fuel-4","false","2026-06-11T11:14:42.801Z"
"naver-card-10305-tier-1-0-main-cap","naver-card-10305","main_monthly_cap","naver-card-10305-tier-1-0","20000","naver-card-10305-etc-0 | naver-card-10305-shopping-1 | naver-card-10305-dining-2 | naver-card-10305-telecom-3 | naver-card-10305-ott-4","false","2026-06-11T11:14:42.801Z"
"naver-card-10567-tier-1-300000-main-cap","naver-card-10567","main_monthly_cap","naver-card-10567-tier-1-300000","20000","naver-card-10567-shopping-0 | naver-card-10567-etc-1 | naver-card-10567-coffee-2 | naver-card-10567-fuel-3","false","2026-06-11T11:14:42.801Z"
"naver-card-10555-tier-1-500000-main-cap","naver-card-10555","main_monthly_cap","naver-card-10555-tier-1-500000","32000","naver-card-10555-shopping-0 | naver-card-10555-coffee-1 | naver-card-10555-transport-2 | naver-card-10555-etc-3","false","2026-06-11T11:14:42.801Z"
"naver-card-10277-tier-1-0-main-cap","naver-card-10277","main_monthly_cap","naver-card-10277-tier-1-0","20000","naver-card-10277-etc-0 | naver-card-10277-shopping-1 | naver-card-10277-coffee-2 | naver-card-10277-medical-3 | naver-card-10277-mart-4","false","2026-06-11T11:14:42.801Z"
"naver-card-10505-tier-1-400000-main-cap","naver-card-10505","main_monthly_cap","naver-card-10505-tier-1-400000","19000","naver-card-10505-shopping-0","false","2026-06-11T11:14:42.801Z"
"naver-card-10577-tier-1-300000-main-cap","naver-card-10577","main_monthly_cap","naver-card-10577-tier-1-300000","20000","naver-card-10577-etc-0 | naver-card-10577-shopping-1 | naver-card-10577-coffee-2 | naver-card-10577-convenience-3 | naver-card-10577-mart-4","false","2026-06-11T11:14:42.801Z"
"naver-card-10241-tier-1-400000-main-cap","naver-card-10241","main_monthly_cap","naver-card-10241-tier-1-400000","2000","naver-card-10241-shopping-0","false","2026-06-11T11:14:42.801Z"
"naver-card-10438-tier-1-1000000-main-cap","naver-card-10438","main_monthly_cap","naver-card-10438-tier-1-1000000","12000","naver-card-10438-shopping-0","false","2026-06-11T11:14:42.801Z"
"naver-card-10029-tier-1-750000-main-cap","naver-card-10029","main_monthly_cap","naver-card-10029-tier-1-750000","32000","naver-card-10029-etc-0 | naver-card-10029-shopping-1 | naver-card-10029-coffee-2 | naver-card-10029-dining-3 | naver-card-10029-convenience-4","false","2026-06-11T11:14:42.801Z"
"naver-card-10477-tier-1-300000-main-cap","naver-card-10477","main_monthly_cap","naver-card-10477-tier-1-300000","20000","naver-card-10477-shopping-0 | naver-card-10477-etc-1 | naver-card-10477-coffee-2 | naver-card-10477-transport-3 | naver-card-10477-fuel-4","false","2026-06-11T11:14:42.801Z"
"naver-card-10211-tier-1-300000-main-cap","naver-card-10211","main_monthly_cap","naver-card-10211-tier-1-300000","30000","naver-card-10211-ott-0 | naver-card-10211-etc-1","false","2026-06-11T11:14:42.801Z"
"naver-card-10458-tier-1-500000-main-cap","naver-card-10458","main_monthly_cap","naver-card-10458-tier-1-500000","32000","naver-card-10458-shopping-0 | naver-card-10458-mart-1 | naver-card-10458-medical-2 | naver-card-10458-education-3 | naver-card-10458-coffee-4","false","2026-06-11T11:14:42.801Z"
"naver-card-3258-tier-1-400000-main-cap","naver-card-3258","main_monthly_cap","naver-card-3258-tier-1-400000","20000","naver-card-3258-ott-0 | naver-card-3258-etc-1 | naver-card-3258-coffee-2 | naver-card-3258-convenience-3 | naver-card-3258-shopping-4","false","2026-06-11T11:14:42.801Z"
"naver-card-10404-tier-1-500000-main-cap","naver-card-10404","main_monthly_cap","naver-card-10404-tier-1-500000","16000","naver-card-10404-shopping-0 | naver-card-10404-etc-1","false","2026-06-11T11:14:42.801Z"
"naver-card-4096-tier-1-500000-main-cap","naver-card-4096","main_monthly_cap","naver-card-4096-tier-1-500000","32000","naver-card-4096-shopping-0 | naver-card-4096-etc-1 | naver-card-4096-coffee-2 | naver-card-4096-mart-3 | naver-card-4096-telecom-4","false","2026-06-11T11:14:42.801Z"
"naver-card-10559-tier-1-400000-main-cap","naver-card-10559","main_monthly_cap","naver-card-10559-tier-1-400000","20000","naver-card-10559-shopping-0 | naver-card-10559-dining-1 | naver-card-10559-coffee-2 | naver-card-10559-etc-3","false","2026-06-11T11:14:42.801Z"
"naver-card-10546-tier-1-500000-main-cap","naver-card-10546","main_monthly_cap","naver-card-10546-tier-1-500000","24000","naver-card-10546-fuel-0 | naver-card-10546-etc-1 | naver-card-10546-shopping-2","false","2026-06-11T11:14:42.801Z"
"naver-card-10445-tier-1-500000-main-cap","naver-card-10445","main_monthly_cap","naver-card-10445-tier-1-500000","10000","naver-card-10445-shopping-0","false","2026-06-11T11:14:42.801Z"
"naver-card-10630-tier-1-0-main-cap","naver-card-10630","main_monthly_cap","naver-card-10630-tier-1-0","10000","naver-card-10630-etc-0","false","2026-06-11T11:14:42.801Z"
"naver-card-10419-tier-1-400000-main-cap","naver-card-10419","main_monthly_cap","naver-card-10419-tier-1-400000","15000","naver-card-10419-convenience-0 | naver-card-10419-etc-1 | naver-card-10419-telecom-2","false","2026-06-11T11:14:42.801Z"
"naver-card-10583-tier-1-400000-main-cap","naver-card-10583","main_monthly_cap","naver-card-10583-tier-1-400000","10000","naver-card-10583-shopping-0","false","2026-06-11T11:14:42.801Z"
"naver-card-10571-tier-1-1000000-main-cap","naver-card-10571","main_monthly_cap","naver-card-10571-tier-1-1000000","48000","naver-card-10571-etc-0 | naver-card-10571-coffee-1 | naver-card-10571-convenience-2 | naver-card-10571-medical-3 | naver-card-10571-dining-4","false","2026-06-11T11:14:42.801Z"
"naver-card-10543-tier-1-0-main-cap","naver-card-10543","main_monthly_cap","naver-card-10543-tier-1-0","15000","naver-card-10543-fuel-0 | naver-card-10543-etc-1 | naver-card-10543-shopping-2","false","2026-06-11T11:14:42.801Z"
"naver-card-10632-tier-1-0-main-cap","naver-card-10632","main_monthly_cap","naver-card-10632-tier-1-0","10000","naver-card-10632-etc-0","false","2026-06-11T11:14:42.801Z"
"naver-card-10495-tier-1-0-main-cap","naver-card-10495","main_monthly_cap","naver-card-10495-tier-1-0","10000","naver-card-10495-shopping-0 | naver-card-10495-fuel-1","false","2026-06-11T11:14:42.801Z"
"naver-card-10629-tier-1-0-main-cap","naver-card-10629","main_monthly_cap","naver-card-10629-tier-1-0","10000","naver-card-10629-etc-0","false","2026-06-11T11:14:42.801Z"
"naver-card-2414-tier-1-300000-main-cap","naver-card-2414","main_monthly_cap","naver-card-2414-tier-1-300000","15000","naver-card-2414-ott-0 | naver-card-2414-etc-1 | naver-card-2414-coffee-2","false","2026-06-11T11:14:42.801Z"
"naver-card-10437-tier-1-1000000-main-cap","naver-card-10437","main_monthly_cap","naver-card-10437-tier-1-1000000","12000","naver-card-10437-shopping-0","false","2026-06-11T11:14:42.801Z"
"naver-card-10539-tier-1-200000-main-cap","naver-card-10539","main_monthly_cap","naver-card-10539-tier-1-200000","17000","naver-card-10539-etc-0","false","2026-06-11T11:14:42.801Z"
"naver-card-10631-tier-1-0-main-cap","naver-card-10631","main_monthly_cap","naver-card-10631-tier-1-0","10000","naver-card-10631-etc-0","false","2026-06-11T11:14:42.801Z"
"naver-card-10541-tier-1-0-main-cap","naver-card-10541","main_monthly_cap","naver-card-10541-tier-1-0","10000","naver-card-10541-fuel-0 | naver-card-10541-etc-1","false","2026-06-11T11:14:42.801Z"
"naver-card-10542-tier-1-0-main-cap","naver-card-10542","main_monthly_cap","naver-card-10542-tier-1-0","10000","naver-card-10542-fuel-0 | naver-card-10542-etc-1","false","2026-06-11T11:14:42.801Z"
"naver-card-10322-tier-1-0-main-cap","naver-card-10322","main_monthly_cap","naver-card-10322-tier-1-0","10000","naver-card-10322-transport-0","false","2026-06-11T11:14:42.801Z"
"naver-card-10345-tier-1-300000-main-cap","naver-card-10345","main_monthly_cap","naver-card-10345-tier-1-300000","10000","naver-card-10345-fuel-0","false","2026-06-11T11:14:42.801Z"
"naver-card-10387-tier-1-500000-main-cap","naver-card-10387","main_monthly_cap","naver-card-10387-tier-1-500000","10000","naver-card-10387-education-0","false","2026-06-11T11:14:42.801Z"
