"tier_id","card_id","min_spend","max_spend","total_monthly_cap","tier_label","channel_caps","cap_period","exported_at"
"naver-card-10304-tier-1-0","naver-card-10304","0","","20000","실적 조건 없음","","month","2026-06-11T11:14:42.801Z"
"naver-card-10623-tier-1-0","naver-card-10623","0","","10000","실적 조건 없음","","month","2026-06-11T11:14:42.801Z"
"naver-card-1530-tier-1-300000","naver-card-1530","300000","","20000","30만원 이상","","month","2026-06-11T11:14:42.801Z"
"naver-card-10333-tier-1-300000","naver-card-10333","300000","","20000","30만원 이상","","month","2026-06-11T11:14:42.801Z"
"naver-card-10105-tier-1-0","naver-card-10105","0","","20000","실적 조건 없음","","month","2026-06-11T11:14:42.801Z"
"naver-card-10615-tier-1-0","naver-card-10615","0","","20000","실적 조건 없음","","month","2026-06-11T11:14:42.801Z"
"naver-card-10375-tier-1-0","naver-card-10375","0","","20000","실적 조건 없음","","month","2026-06-11T11:14:42.801Z"
"naver-card-10176-tier-1-0","naver-card-10176","0","","10000","실적 조건 없음","","month","2026-06-11T11:14:42.801Z"
"naver-card-10141-tier-1-500000","naver-card-10141","500000","","32000","50만원 이상","","month","2026-06-11T11:14:42.801Z"
"naver-card-10157-tier-1-0","naver-card-10157","0","","20000","실적 조건 없음","","month","2026-06-11T11:14:42.801Z"
"naver-card-10307-tier-1-400000","naver-card-10307","400000","","10000","40만원 이상","","month","2026-06-11T11:14:42.801Z"
"naver-card-1531-tier-1-0","naver-card-1531","0","","20000","실적 조건 없음","","month","2026-06-11T11:14:42.801Z"
"naver-card-10309-tier-1-300000","naver-card-10309","300000","","10000","30만원 이상","","month","2026-06-11T11:14:42.801Z"
"naver-card-10452-tier-1-200000","naver-card-10452","200000","","20000","20만원 이상","","month","2026-06-11T11:14:42.801Z"
"naver-card-10522-tier-1-400000","naver-card-10522","400000","","20000","40만원 이상","","month","2026-06-11T11:14:42.801Z"
"naver-card-10332-tier-1-300000","naver-card-10332","300000","","20000","30만원 이상","","month","2026-06-11T11:14:42.801Z"
"naver-card-10102-tier-1-300000","naver-card-10102","300000","","20000","30만원 이상","","month","2026-06-11T11:14:42.801Z"
"naver-card-1294-tier-1-300000","naver-card-1294","300000","","20000","30만원 이상","","month","2026-06-11T11:14:42.801Z"
"naver-card-10343-tier-1-500000","naver-card-10343","500000","","32000","50만원 이상","","month","2026-06-11T11:14:42.801Z"
"naver-card-1684-tier-1-300000","naver-card-1684","300000","","10000","30만원 이상","","month","2026-06-11T11:14:42.801Z"
"naver-card-10310-tier-1-400000","naver-card-10310","400000","","10000","40만원 이상","","month","2026-06-11T11:14:42.801Z"
"naver-card-10216-tier-1-400000","naver-card-10216","400000","","20000","40만원 이상","","month","2026-06-11T11:14:42.801Z"
"naver-card-115-tier-1-300000","naver-card-115","300000","","20000","30만원 이상","","month","2026-06-11T11:14:42.801Z"
"naver-card-1408-tier-1-300000","naver-card-1408","300000","","20000","30만원 이상","","month","2026-06-11T11:14:42.801Z"
"naver-card-10611-tier-1-300000","naver-card-10611","300000","","20000","30만원 이상","","month","2026-06-11T11:14:42.801Z"
"naver-card-10612-tier-1-500000","naver-card-10612","500000","","28000","50만원 이상","","month","2026-06-11T11:14:42.801Z"
"naver-card-10358-tier-1-400000","naver-card-10358","400000","","20000","40만원 이상","","month","2026-06-11T11:14:42.801Z"
"naver-card-2337-tier-1-300000","naver-card-2337","300000","","20000","30만원 이상","","month","2026-06-11T11:14:42.801Z"
"naver-card-10286-tier-1-500000","naver-card-10286","500000","","16000","50만원 이상","","month","2026-06-11T11:14:42.801Z"
"naver-card-10616-tier-1-0","naver-card-10616","0","","20000","실적 조건 없음","","month","2026-06-11T11:14:42.801Z"
"naver-card-10303-tier-1-0","naver-card-10303","0","","20000","실적 조건 없음","","month","2026-06-11T11:14:42.801Z"
"naver-card-1322-tier-1-300000","naver-card-1322","300000","","20000","30만원 이상","","month","2026-06-11T11:14:42.801Z"
"naver-card-10218-tier-1-400000","naver-card-10218","400000","","20000","40만원 이상","","month","2026-06-11T11:14:42.801Z"
"naver-card-10045-tier-1-300000","naver-card-10045","300000","","20000","30만원 이상","","month","2026-06-11T11:14:42.801Z"
"naver-card-10108-tier-1-400000","naver-card-10108","400000","","15000","40만원 이상","","month","2026-06-11T11:14:42.801Z"
"naver-card-277-tier-1-300000","naver-card-277","300000","","20000","30만원 이상","","month","2026-06-11T11:14:42.801Z"
"naver-card-1571-tier-1-500000","naver-card-1571","500000","","32000","50만원 이상","","month","2026-06-11T11:14:42.801Z"
"naver-card-2776-tier-1-300000","naver-card-2776","300000","","20000","30만원 이상","","month","2026-06-11T11:14:42.801Z"
"naver-card-10126-tier-1-500000","naver-card-10126","500000","","32000","50만원 이상","","month","2026-06-11T11:14:42.801Z"
"naver-card-10238-tier-1-300000","naver-card-10238","300000","","20000","30만원 이상","","month","2026-06-11T11:14:42.801Z"
"naver-card-2676-tier-1-400000","naver-card-2676","400000","","20000","40만원 이상","","month","2026-06-11T11:14:42.801Z"
"naver-card-1465-tier-1-0","naver-card-1465","0","","20000","실적 조건 없음","","month","2026-06-11T11:14:42.801Z"
"naver-card-10103-tier-1-400000","naver-card-10103","400000","","20000","40만원 이상","","month","2026-06-11T11:14:42.801Z"
"naver-card-3881-tier-1-300000","naver-card-3881","300000","","20000","30만원 이상","","month","2026-06-11T11:14:42.801Z"
"naver-card-10328-tier-1-400000","naver-card-10328","400000","","15000","40만원 이상","","month","2026-06-11T11:14:42.801Z"
"naver-card-10406-tier-1-500000","naver-card-10406","500000","","32000","50만원 이상","","month","2026-06-11T11:14:42.801Z"
"naver-card-10355-tier-1-300000","naver-card-10355","300000","","20000","30만원 이상","","month","2026-06-11T11:14:42.801Z"
"naver-card-10256-tier-1-500000","naver-card-10256","500000","","32000","50만원 이상","","month","2026-06-11T11:14:42.801Z"
"naver-card-10589-tier-1-0","naver-card-10589","0","","10000","실적 조건 없음","","month","2026-06-11T11:14:42.801Z"
"naver-card-10451-tier-1-500000","naver-card-10451","500000","","10000","50만원 이상","","month","2026-06-11T11:14:42.801Z"
"naver-card-10268-tier-1-300000","naver-card-10268","300000","","20000","30만원 이상","","month","2026-06-11T11:14:42.801Z"
"naver-card-10463-tier-1-400000","naver-card-10463","400000","","20000","40만원 이상","","month","2026-06-11T11:14:42.801Z"
"naver-card-10236-tier-1-500000","naver-card-10236","500000","","24000","50만원 이상","","month","2026-06-11T11:14:42.801Z"
"naver-card-10592-tier-1-400000","naver-card-10592","400000","","20000","40만원 이상","","month","2026-06-11T11:14:42.801Z"
"naver-card-3896-tier-1-300000","naver-card-3896","300000","","15000","30만원 이상","","month","2026-06-11T11:14:42.801Z"
"naver-card-10049-tier-1-1000000","naver-card-10049","1000000","","48000","100만원 이상","","month","2026-06-11T11:14:42.801Z"
"naver-card-10590-tier-1-0","naver-card-10590","0","","10000","실적 조건 없음","","month","2026-06-11T11:14:42.801Z"
"naver-card-10450-tier-1-500000","naver-card-10450","500000","","10000","50만원 이상","","month","2026-06-11T11:14:42.801Z"
"naver-card-10235-tier-1-500000","naver-card-10235","500000","","16000","50만원 이상","","month","2026-06-11T11:14:42.801Z"
"naver-card-10568-tier-1-500000","naver-card-10568","500000","","32000","50만원 이상","","month","2026-06-11T11:14:42.801Z"
"naver-card-10579-tier-1-300000","naver-card-10579","300000","","10000","30만원 이상","","month","2026-06-11T11:14:42.801Z"
"naver-card-10184-tier-1-400000","naver-card-10184","400000","","20000","40만원 이상","","month","2026-06-11T11:14:42.801Z"
"naver-card-3878-tier-1-500000","naver-card-3878","500000","","32000","50만원 이상","","month","2026-06-11T11:14:42.801Z"
"naver-card-10349-tier-1-400000","naver-card-10349","400000","","20000","40만원 이상","","month","2026-06-11T11:14:42.801Z"
"naver-card-10311-tier-1-300000","naver-card-10311","300000","","20000","30만원 이상","","month","2026-06-11T11:14:42.801Z"
"naver-card-3857-tier-1-240000","naver-card-3857","240000","","20000","24만원 이상","","month","2026-06-11T11:14:42.801Z"
"naver-card-10550-tier-1-150000","naver-card-10550","150000","","20000","15만원 이상","","month","2026-06-11T11:14:42.801Z"
"naver-card-10315-tier-1-500000","naver-card-10315","500000","","16000","50만원 이상","","month","2026-06-11T11:14:42.801Z"
"naver-card-10480-tier-1-300000","naver-card-10480","300000","","20000","30만원 이상","","month","2026-06-11T11:14:42.801Z"
"naver-card-10237-tier-1-500000","naver-card-10237","500000","","24000","50만원 이상","","month","2026-06-11T11:14:42.801Z"
"naver-card-10523-tier-1-300000","naver-card-10523","300000","","20000","30만원 이상","","month","2026-06-11T11:14:42.801Z"
"naver-card-10462-tier-1-400000","naver-card-10462","400000","","20000","40만원 이상","","month","2026-06-11T11:14:42.801Z"
"naver-card-247-tier-1-0","naver-card-247","0","","20000","실적 조건 없음","","month","2026-06-11T11:14:42.801Z"
"naver-card-4047-tier-1-300000","naver-card-4047","300000","","20000","30만원 이상","","month","2026-06-11T11:14:42.801Z"
"naver-card-10596-tier-1-400000","naver-card-10596","400000","","20000","40만원 이상","","month","2026-06-11T11:14:42.801Z"
"naver-card-1695-tier-1-300000","naver-card-1695","300000","","20000","30만원 이상","","month","2026-06-11T11:14:42.801Z"
"naver-card-10284-tier-1-300000","naver-card-10284","300000","","30000","30만원 이상","","month","2026-06-11T11:14:42.801Z"
"naver-card-10552-tier-1-500000","naver-card-10552","500000","","10000","50만원 이상","","month","2026-06-11T11:14:42.801Z"
"naver-card-10071-tier-1-400000","naver-card-10071","400000","","20000","40만원 이상","","month","2026-06-11T11:14:42.801Z"
"naver-card-3959-tier-1-300000","naver-card-3959","300000","","100000","30만원 이상","","month","2026-06-11T11:14:42.801Z"
"naver-card-10593-tier-1-0","naver-card-10593","0","","15000","실적 조건 없음","","month","2026-06-11T11:14:42.801Z"
"naver-card-10512-tier-1-500000","naver-card-10512","500000","","32000","50만원 이상","","month","2026-06-11T11:14:42.801Z"
"naver-card-10511-tier-1-400000","naver-card-10511","400000","","20000","40만원 이상","","month","2026-06-11T11:14:42.801Z"
"naver-card-10554-tier-1-0","naver-card-10554","0","","20000","실적 조건 없음","","month","2026-06-11T11:14:42.801Z"
"naver-card-10454-tier-1-400000","naver-card-10454","400000","","20000","40만원 이상","","month","2026-06-11T11:14:42.801Z"
"naver-card-3856-tier-1-500000","naver-card-3856","500000","","32000","50만원 이상","","month","2026-06-11T11:14:42.801Z"
"naver-card-10536-tier-1-500000","naver-card-10536","500000","","24000","50만원 이상","","month","2026-06-11T11:14:42.801Z"
"naver-card-10106-tier-1-400000","naver-card-10106","400000","","15000","40만원 이상","","month","2026-06-11T11:14:42.801Z"
"naver-card-10391-tier-1-500000","naver-card-10391","500000","","16000","50만원 이상","","month","2026-06-11T11:14:42.801Z"
"naver-card-10600-tier-1-500000","naver-card-10600","500000","","16000","50만원 이상","","month","2026-06-11T11:14:42.801Z"
"naver-card-10267-tier-1-300000","naver-card-10267","300000","","20000","30만원 이상","","month","2026-06-11T11:14:42.801Z"
"naver-card-10376-tier-1-400000","naver-card-10376","400000","","20000","40만원 이상","","month","2026-06-11T11:14:42.801Z"
"naver-card-10344-tier-1-300000","naver-card-10344","300000","","20000","30만원 이상","","month","2026-06-11T11:14:42.801Z"
"naver-card-10553-tier-1-500000","naver-card-10553","500000","","16000","50만원 이상","","month","2026-06-11T11:14:42.801Z"
"naver-card-10492-tier-1-500000","naver-card-10492","500000","","32000","50만원 이상","","month","2026-06-11T11:14:42.801Z"
"naver-card-2226-tier-1-300000","naver-card-2226","300000","","20000","30만원 이상","","month","2026-06-11T11:14:42.801Z"
"naver-card-10107-tier-1-400000","naver-card-10107","400000","","15000","40만원 이상","","month","2026-06-11T11:14:42.801Z"
"naver-card-10348-tier-1-300000","naver-card-10348","300000","","20000","30만원 이상","","month","2026-06-11T11:14:42.801Z"
"naver-card-10504-tier-1-300000","naver-card-10504","300000","","10000","30만원 이상","","month","2026-06-11T11:14:42.801Z"
"naver-card-10039-tier-1-400000","naver-card-10039","400000","","20000","40만원 이상","","month","2026-06-11T11:14:42.801Z"
"naver-card-10338-tier-1-500000","naver-card-10338","500000","","32000","50만원 이상","","month","2026-06-11T11:14:42.801Z"
"naver-card-10403-tier-1-0","naver-card-10403","0","","20000","실적 조건 없음","","month","2026-06-11T11:14:42.801Z"
"naver-card-10514-tier-1-0","naver-card-10514","0","","10000","실적 조건 없음","","month","2026-06-11T11:14:42.801Z"
"naver-card-10509-tier-1-300000","naver-card-10509","300000","","20000","30만원 이상","","month","2026-06-11T11:14:42.801Z"
"naver-card-10130-tier-1-500000","naver-card-10130","500000","","32000","50만원 이상","","month","2026-06-11T11:14:42.801Z"
"naver-card-10323-tier-1-0","naver-card-10323","0","","20000","실적 조건 없음","","month","2026-06-11T11:14:42.801Z"
"naver-card-10347-tier-1-0","naver-card-10347","0","","20000","실적 조건 없음","","month","2026-06-11T11:14:42.801Z"
"naver-card-10601-tier-1-500000","naver-card-10601","500000","","24000","50만원 이상","","month","2026-06-11T11:14:42.801Z"
"naver-card-10134-tier-1-500000","naver-card-10134","500000","","32000","50만원 이상","","month","2026-06-11T11:14:42.801Z"
"naver-card-10357-tier-1-300000","naver-card-10357","300000","","10000","30만원 이상","","month","2026-06-11T11:14:42.801Z"
"naver-card-10317-tier-1-300000","naver-card-10317","300000","","40000","30만원 이상","","month","2026-06-11T11:14:42.801Z"
"naver-card-10354-tier-1-200000","naver-card-10354","200000","","20000","20만원 이상","","month","2026-06-11T11:14:42.801Z"
"naver-card-10337-tier-1-500000","naver-card-10337","500000","","32000","50만원 이상","","month","2026-06-11T11:14:42.801Z"
"naver-card-10169-tier-1-150000","naver-card-10169","150000","","20000","15만원 이상","","month","2026-06-11T11:14:42.801Z"
"naver-card-10340-tier-1-500000","naver-card-10340","500000","","24000","50만원 이상","","month","2026-06-11T11:14:42.801Z"
"naver-card-10485-tier-1-400000","naver-card-10485","400000","","20000","40만원 이상","","month","2026-06-11T11:14:42.801Z"
"naver-card-10334-tier-1-500000","naver-card-10334","500000","","32000","50만원 이상","","month","2026-06-11T11:14:42.801Z"
"naver-card-10502-tier-1-300000","naver-card-10502","300000","","10000","30만원 이상","","month","2026-06-11T11:14:42.801Z"
"naver-card-10534-tier-1-0","naver-card-10534","0","","20000","실적 조건 없음","","month","2026-06-11T11:14:42.801Z"
"naver-card-10497-tier-1-0","naver-card-10497","0","","20000","실적 조건 없음","","month","2026-06-11T11:14:42.801Z"
"naver-card-10580-tier-1-500000","naver-card-10580","500000","","16000","50만원 이상","","month","2026-06-11T11:14:42.801Z"
"naver-card-10398-tier-1-0","naver-card-10398","0","","20000","실적 조건 없음","","month","2026-06-11T11:14:42.801Z"
"naver-card-10428-tier-1-300000","naver-card-10428","300000","","20000","30만원 이상","","month","2026-06-11T11:14:42.801Z"
"naver-card-10447-tier-1-400000","naver-card-10447","400000","","20000","40만원 이상","","month","2026-06-11T11:14:42.801Z"
"naver-card-10540-tier-1-300000","naver-card-10540","300000","","2000","30만원 이상","","month","2026-06-11T11:14:42.801Z"
"naver-card-10321-tier-1-300000","naver-card-10321","300000","","10000","30만원 이상","","month","2026-06-11T11:14:42.801Z"
"naver-card-10538-tier-1-130000","naver-card-10538","130000","","20000","13만원 이상","","month","2026-06-11T11:14:42.801Z"
"naver-card-1360-tier-1-200000","naver-card-1360","200000","","20000","20만원 이상","","month","2026-06-11T11:14:42.801Z"
"naver-card-10424-tier-1-0","naver-card-10424","0","","10000","실적 조건 없음","","month","2026-06-11T11:14:42.801Z"
"naver-card-10353-tier-1-150000","naver-card-10353","150000","","20000","15만원 이상","","month","2026-06-11T11:14:42.801Z"
"naver-card-10335-tier-1-500000","naver-card-10335","500000","","32000","50만원 이상","","month","2026-06-11T11:14:42.801Z"
"naver-card-10531-tier-1-400000","naver-card-10531","400000","","20000","40만원 이상","","month","2026-06-11T11:14:42.801Z"
"naver-card-10533-tier-1-500000","naver-card-10533","500000","","32000","50만원 이상","","month","2026-06-11T11:14:42.801Z"
"naver-card-10503-tier-1-300000","naver-card-10503","300000","","10000","30만원 이상","","month","2026-06-11T11:14:42.801Z"
"naver-card-10532-tier-1-400000","naver-card-10532","400000","","20000","40만원 이상","","month","2026-06-11T11:14:42.801Z"
"naver-card-10440-tier-1-300000","naver-card-10440","300000","","20000","30만원 이상","","month","2026-06-11T11:14:42.801Z"
"naver-card-10266-tier-1-500000","naver-card-10266","500000","","32000","50만원 이상","","month","2026-06-11T11:14:42.801Z"
"naver-card-10413-tier-1-1000000","naver-card-10413","1000000","","48000","100만원 이상","","month","2026-06-11T11:14:42.801Z"
"naver-card-10490-tier-1-400000","naver-card-10490","400000","","20000","40만원 이상","","month","2026-06-11T11:14:42.801Z"
"naver-card-1573-tier-1-300000","naver-card-1573","300000","","10000","30만원 이상","","month","2026-06-11T11:14:42.801Z"
"naver-card-10291-tier-1-400000","naver-card-10291","400000","","10000","40만원 이상","","month","2026-06-11T11:14:42.801Z"
"naver-card-10444-tier-1-400000","naver-card-10444","400000","","20000","40만원 이상","","month","2026-06-11T11:14:42.801Z"
"naver-card-1715-tier-1-500000","naver-card-1715","500000","","32000","50만원 이상","","month","2026-06-11T11:14:42.801Z"
"naver-card-1889-tier-1-300000","naver-card-1889","300000","","12000","30만원 이상","","month","2026-06-11T11:14:42.801Z"
"naver-card-1340-tier-1-300000","naver-card-1340","300000","","40000","30만원 이상","","month","2026-06-11T11:14:42.801Z"
"naver-card-10389-tier-1-500000","naver-card-10389","500000","","16000","50만원 이상","","month","2026-06-11T11:14:42.801Z"
"naver-card-10232-tier-1-0","naver-card-10232","0","","20000","실적 조건 없음","","month","2026-06-11T11:14:42.801Z"
"naver-card-10591-tier-1-0","naver-card-10591","0","","10000","실적 조건 없음","","month","2026-06-11T11:14:42.801Z"
"naver-card-2345-tier-1-300000","naver-card-2345","300000","","20000","30만원 이상","","month","2026-06-11T11:14:42.801Z"
"naver-card-1337-tier-1-300000","naver-card-1337","300000","","10000","30만원 이상","","month","2026-06-11T11:14:42.801Z"
"naver-card-10194-tier-1-200000","naver-card-10194","200000","","15000","20만원 이상","","month","2026-06-11T11:14:42.801Z"
"naver-card-2348-tier-1-300000","naver-card-2348","300000","","20000","30만원 이상","","month","2026-06-11T11:14:42.801Z"
"naver-card-10265-tier-1-500000","naver-card-10265","500000","","32000","50만원 이상","","month","2026-06-11T11:14:42.801Z"
"naver-card-10594-tier-1-500000","naver-card-10594","500000","","32000","50만원 이상","","month","2026-06-11T11:14:42.801Z"
"naver-card-10614-tier-1-300000","naver-card-10614","300000","","20000","30만원 이상","","month","2026-06-11T11:14:42.801Z"
"naver-card-10557-tier-1-400000","naver-card-10557","400000","","10000","40만원 이상","","month","2026-06-11T11:14:42.801Z"
"naver-card-10524-tier-1-300000","naver-card-10524","300000","","10000","30만원 이상","","month","2026-06-11T11:14:42.801Z"
"naver-card-10316-tier-1-500000","naver-card-10316","500000","","16000","50만원 이상","","month","2026-06-11T11:14:42.801Z"
"naver-card-10639-tier-1-700000","naver-card-10639","700000","","42000","70만원 이상","","month","2026-06-11T11:14:42.801Z"
"naver-card-10501-tier-1-500000","naver-card-10501","500000","","32000","50만원 이상","","month","2026-06-11T11:14:42.801Z"
"naver-card-10613-tier-1-300000","naver-card-10613","300000","","20000","30만원 이상","","month","2026-06-11T11:14:42.801Z"
"naver-card-10299-tier-1-300000","naver-card-10299","300000","","20000","30만원 이상","","month","2026-06-11T11:14:42.801Z"
"naver-card-10597-tier-1-0","naver-card-10597","0","","50000","실적 조건 없음","","month","2026-06-11T11:14:42.801Z"
"naver-card-10486-tier-1-0","naver-card-10486","0","","10000","실적 조건 없음","","month","2026-06-11T11:14:42.801Z"
"naver-card-1312-tier-1-0","naver-card-1312","0","","10000","실적 조건 없음","","month","2026-06-11T11:14:42.801Z"
"naver-card-10610-tier-1-300000","naver-card-10610","300000","","20000","30만원 이상","","month","2026-06-11T11:14:42.801Z"
"naver-card-10516-tier-1-300000","naver-card-10516","300000","","10000","30만원 이상","","month","2026-06-11T11:14:42.801Z"
"naver-card-10035-tier-1-300000","naver-card-10035","300000","","20000","30만원 이상","","month","2026-06-11T11:14:42.801Z"
"naver-card-10320-tier-1-500000","naver-card-10320","500000","","16000","50만원 이상","","month","2026-06-11T11:14:42.801Z"
"naver-card-10558-tier-1-400000","naver-card-10558","400000","","20000","40만원 이상","","month","2026-06-11T11:14:42.801Z"
"naver-card-10530-tier-1-400000","naver-card-10530","400000","","20000","40만원 이상","","month","2026-06-11T11:14:42.801Z"
"naver-card-10359-tier-1-1000000","naver-card-10359","1000000","","48000","100만원 이상","","month","2026-06-11T11:14:42.801Z"
"naver-card-10395-tier-1-0","naver-card-10395","0","","10000","실적 조건 없음","","month","2026-06-11T11:14:42.801Z"
"naver-card-710-tier-1-200000","naver-card-710","200000","","20000","20만원 이상","","month","2026-06-11T11:14:42.801Z"
"naver-card-10414-tier-1-500000","naver-card-10414","500000","","32000","50만원 이상","","month","2026-06-11T11:14:42.801Z"
"naver-card-2332-tier-1-400000","naver-card-2332","400000","","20000","40만원 이상","","month","2026-06-11T11:14:42.801Z"
"naver-card-10642-tier-1-300000","naver-card-10642","300000","","20000","30만원 이상","","month","2026-06-11T11:14:42.801Z"
"naver-card-10515-tier-1-0","naver-card-10515","0","","10000","실적 조건 없음","","month","2026-06-11T11:14:42.801Z"
"naver-card-10544-tier-1-500000","naver-card-10544","500000","","16000","50만원 이상","","month","2026-06-11T11:14:42.801Z"
"naver-card-10585-tier-1-360000","naver-card-10585","360000","","15000","36만원 이상","","month","2026-06-11T11:14:42.801Z"
"naver-card-10566-tier-1-400000","naver-card-10566","400000","","15000","40만원 이상","","month","2026-06-11T11:14:42.801Z"
"naver-card-10411-tier-1-1000000","naver-card-10411","1000000","","48000","100만원 이상","","month","2026-06-11T11:14:42.801Z"
"naver-card-2612-tier-1-240000","naver-card-2612","240000","","20000","24만원 이상","","month","2026-06-11T11:14:42.801Z"
"naver-card-99-tier-1-300000","naver-card-99","300000","","20000","30만원 이상","","month","2026-06-11T11:14:42.801Z"
"naver-card-10412-tier-1-500000","naver-card-10412","500000","","32000","50만원 이상","","month","2026-06-11T11:14:42.801Z"
"naver-card-10529-tier-1-400000","naver-card-10529","400000","","20000","40만원 이상","","month","2026-06-11T11:14:42.801Z"
"naver-card-10339-tier-1-500000","naver-card-10339","500000","","24000","50만원 이상","","month","2026-06-11T11:14:42.801Z"
"naver-card-10478-tier-1-400000","naver-card-10478","400000","","20000","40만원 이상","","month","2026-06-11T11:14:42.801Z"
"naver-card-10302-tier-1-300000","naver-card-10302","300000","","20000","30만원 이상","","month","2026-06-11T11:14:42.801Z"
"naver-card-3717-tier-1-500000","naver-card-3717","500000","","32000","50만원 이상","","month","2026-06-11T11:14:42.801Z"
"naver-card-1692-tier-1-300000","naver-card-1692","300000","","20000","30만원 이상","","month","2026-06-11T11:14:42.801Z"
"naver-card-3638-tier-1-300000","naver-card-3638","300000","","20000","30만원 이상","","month","2026-06-11T11:14:42.801Z"
"naver-card-10499-tier-1-500000","naver-card-10499","500000","","32000","50만원 이상","","month","2026-06-11T11:14:42.801Z"
"naver-card-2856-tier-1-500000","naver-card-2856","500000","","32000","50만원 이상","","month","2026-06-11T11:14:42.801Z"
"naver-card-2857-tier-1-500000","naver-card-2857","500000","","32000","50만원 이상","","month","2026-06-11T11:14:42.801Z"
"naver-card-1451-tier-1-300000","naver-card-1451","300000","","20000","30만원 이상","","month","2026-06-11T11:14:42.801Z"
"naver-card-10336-tier-1-500000","naver-card-10336","500000","","32000","50만원 이상","","month","2026-06-11T11:14:42.801Z"
"naver-card-10498-tier-1-500000","naver-card-10498","500000","","32000","50만원 이상","","month","2026-06-11T11:14:42.801Z"
"naver-card-10058-tier-1-0","naver-card-10058","0","","54000","실적 조건 없음","","month","2026-06-11T11:14:42.801Z"
"naver-card-10453-tier-1-500000","naver-card-10453","500000","","32000","50만원 이상","","month","2026-06-11T11:14:42.801Z"
"naver-card-10448-tier-1-500000","naver-card-10448","500000","","32000","50만원 이상","","month","2026-06-11T11:14:42.801Z"
"naver-card-10301-tier-1-300000","naver-card-10301","300000","","20000","30만원 이상","","month","2026-06-11T11:14:42.801Z"
"naver-card-3076-tier-1-200000","naver-card-3076","200000","","20000","20만원 이상","","month","2026-06-11T11:14:42.801Z"
"naver-card-10475-tier-1-400000","naver-card-10475","400000","","15000","40만원 이상","","month","2026-06-11T11:14:42.801Z"
"naver-card-10620-tier-1-0","naver-card-10620","0","","10000","실적 조건 없음","","month","2026-06-11T11:14:42.801Z"
"naver-card-10422-tier-1-110000","naver-card-10422","110000","","20000","11만원 이상","","month","2026-06-11T11:14:42.801Z"
"naver-card-10459-tier-1-500000","naver-card-10459","500000","","32000","50만원 이상","","month","2026-06-11T11:14:42.801Z"
"naver-card-10460-tier-1-500000","naver-card-10460","500000","","32000","50만원 이상","","month","2026-06-11T11:14:42.801Z"
"naver-card-10466-tier-1-500000","naver-card-10466","500000","","32000","50만원 이상","","month","2026-06-11T11:14:42.801Z"
"naver-card-10481-tier-1-400000","naver-card-10481","400000","","20000","40만원 이상","","month","2026-06-11T11:14:42.801Z"
"naver-card-10449-tier-1-500000","naver-card-10449","500000","","32000","50만원 이상","","month","2026-06-11T11:14:42.801Z"
"naver-card-10461-tier-1-500000","naver-card-10461","500000","","32000","50만원 이상","","month","2026-06-11T11:14:42.801Z"
"naver-card-10510-tier-1-400000","naver-card-10510","400000","","10000","40만원 이상","","month","2026-06-11T11:14:42.801Z"
"naver-card-835-tier-1-300000","naver-card-835","300000","","15000","30만원 이상","","month","2026-06-11T11:14:42.801Z"
"naver-card-1470-tier-1-200000","naver-card-1470","200000","","15000","20만원 이상","","month","2026-06-11T11:14:42.801Z"
"naver-card-10386-tier-1-0","naver-card-10386","0","","20000","실적 조건 없음","","month","2026-06-11T11:14:42.801Z"
"naver-card-10489-tier-1-300000","naver-card-10489","300000","","15000","30만원 이상","","month","2026-06-11T11:14:42.801Z"
"naver-card-10574-tier-1-400000","naver-card-10574","400000","","15000","40만원 이상","","month","2026-06-11T11:14:42.801Z"
"naver-card-10423-tier-1-500000","naver-card-10423","500000","","32000","50만원 이상","","month","2026-06-11T11:14:42.801Z"
"naver-card-10627-tier-1-0","naver-card-10627","0","","10000","실적 조건 없음","","month","2026-06-11T11:14:42.801Z"
"naver-card-10570-tier-1-500000","naver-card-10570","500000","","32000","50만원 이상","","month","2026-06-11T11:14:42.801Z"
"naver-card-10569-tier-1-0","naver-card-10569","0","","10000","실적 조건 없음","","month","2026-06-11T11:14:42.801Z"
"naver-card-10059-tier-1-400000","naver-card-10059","400000","","20000","40만원 이상","","month","2026-06-11T11:14:42.801Z"
"naver-card-10619-tier-1-400000","naver-card-10619","400000","","20000","40만원 이상","","month","2026-06-11T11:14:42.801Z"
"naver-card-10371-tier-1-200000","naver-card-10371","200000","","10000","20만원 이상","","month","2026-06-11T11:14:42.801Z"
"naver-card-10628-tier-1-0","naver-card-10628","0","","10000","실적 조건 없음","","month","2026-06-11T11:14:42.801Z"
"naver-card-2533-tier-1-300000","naver-card-2533","300000","","20000","30만원 이상","","month","2026-06-11T11:14:42.801Z"
"naver-card-10053-tier-1-300000","naver-card-10053","300000","","10000","30만원 이상","","month","2026-06-11T11:14:42.801Z"
"naver-card-1591-tier-1-500000","naver-card-1591","500000","","32000","50만원 이상","","month","2026-06-11T11:14:42.801Z"
"naver-card-10609-tier-1-400000","naver-card-10609","400000","","20000","40만원 이상","","month","2026-06-11T11:14:42.801Z"
"naver-card-10469-tier-1-500000","naver-card-10469","500000","","16000","50만원 이상","","month","2026-06-11T11:14:42.801Z"
"naver-card-10416-tier-1-300000","naver-card-10416","300000","","20000","30만원 이상","","month","2026-06-11T11:14:42.801Z"
"naver-card-1570-tier-1-300000","naver-card-1570","300000","","20000","30만원 이상","","month","2026-06-11T11:14:42.801Z"
"naver-card-3756-tier-1-400000","naver-card-3756","400000","","2000","40만원 이상","","month","2026-06-11T11:14:42.801Z"
"naver-card-10467-tier-1-500000","naver-card-10467","500000","","16000","50만원 이상","","month","2026-06-11T11:14:42.801Z"
"naver-card-10402-tier-1-400000","naver-card-10402","400000","","20000","40만원 이상","","month","2026-06-11T11:14:42.801Z"
"naver-card-10080-tier-1-300000","naver-card-10080","300000","","20000","30만원 이상","","month","2026-06-11T11:14:42.801Z"
"naver-card-10493-tier-1-400000","naver-card-10493","400000","","20000","40만원 이상","","month","2026-06-11T11:14:42.801Z"
"naver-card-10151-tier-1-400000","naver-card-10151","400000","","6000","40만원 이상","","month","2026-06-11T11:14:42.801Z"
"naver-card-10207-tier-1-400000","naver-card-10207","400000","","15000","40만원 이상","","month","2026-06-11T11:14:42.801Z"
"naver-card-10313-tier-1-500000","naver-card-10313","500000","","32000","50만원 이상","","month","2026-06-11T11:14:42.801Z"
"naver-card-10327-tier-1-400000","naver-card-10327","400000","","10000","40만원 이상","","month","2026-06-11T11:14:42.801Z"
"naver-card-10260-tier-1-300000","naver-card-10260","300000","","10000","30만원 이상","","month","2026-06-11T11:14:42.801Z"
"naver-card-10187-tier-1-0","naver-card-10187","0","","10000","실적 조건 없음","","month","2026-06-11T11:14:42.801Z"
"naver-card-10584-tier-1-400000","naver-card-10584","400000","","20000","40만원 이상","","month","2026-06-11T11:14:42.801Z"
"naver-card-10409-tier-1-500000","naver-card-10409","500000","","32000","50만원 이상","","month","2026-06-11T11:14:42.801Z"
"naver-card-1292-tier-1-300000","naver-card-1292","300000","","20000","30만원 이상","","month","2026-06-11T11:14:42.801Z"
"naver-card-10201-tier-1-300000","naver-card-10201","300000","","20000","30만원 이상","","month","2026-06-11T11:14:42.801Z"
"naver-card-10617-tier-1-0","naver-card-10617","0","","10000","실적 조건 없음","","month","2026-06-11T11:14:42.801Z"
"naver-card-10410-tier-1-400000","naver-card-10410","400000","","10000","40만원 이상","","month","2026-06-11T11:14:42.801Z"
"naver-card-10396-tier-1-500000","naver-card-10396","500000","","16000","50만원 이상","","month","2026-06-11T11:14:42.801Z"
"naver-card-10506-tier-1-300000","naver-card-10506","300000","","20000","30만원 이상","","month","2026-06-11T11:14:42.801Z"
"naver-card-10535-tier-1-500000","naver-card-10535","500000","","30000","50만원 이상","","month","2026-06-11T11:14:42.801Z"
"naver-card-10346-tier-1-0","naver-card-10346","0","","10000","실적 조건 없음","","month","2026-06-11T11:14:42.801Z"
"naver-card-10378-tier-1-500000","naver-card-10378","500000","","16000","50만원 이상","","month","2026-06-11T11:14:42.801Z"
"naver-card-10128-tier-1-300000","naver-card-10128","300000","","20000","30만원 이상","","month","2026-06-11T11:14:42.801Z"
"naver-card-10491-tier-1-0","naver-card-10491","0","","10000","실적 조건 없음","","month","2026-06-11T11:14:42.801Z"
"naver-card-10385-tier-1-500000","naver-card-10385","500000","","16000","50만원 이상","","month","2026-06-11T11:14:42.801Z"
"naver-card-10479-tier-1-400000","naver-card-10479","400000","","15000","40만원 이상","","month","2026-06-11T11:14:42.801Z"
"naver-card-10314-tier-1-500000","naver-card-10314","500000","","30000","50만원 이상","","month","2026-06-11T11:14:42.801Z"
"naver-card-1400-tier-1-300000","naver-card-1400","300000","","20000","30만원 이상","","month","2026-06-11T11:14:42.801Z"
"naver-card-10465-tier-1-500000","naver-card-10465","500000","","32000","50만원 이상","","month","2026-06-11T11:14:42.801Z"
"naver-card-10373-tier-1-500000","naver-card-10373","500000","","24000","50만원 이상","","month","2026-06-11T11:14:42.801Z"
"naver-card-10219-tier-1-0","naver-card-10219","0","","10000","실적 조건 없음","","month","2026-06-11T11:14:42.801Z"
"naver-card-10076-tier-1-500000","naver-card-10076","500000","","16000","50만원 이상","","month","2026-06-11T11:14:42.801Z"
"naver-card-10507-tier-1-300000","naver-card-10507","300000","","10000","30만원 이상","","month","2026-06-11T11:14:42.801Z"
"naver-card-10455-tier-1-0","naver-card-10455","0","","10000","실적 조건 없음","","month","2026-06-11T11:14:42.801Z"
"naver-card-10622-tier-1-500000","naver-card-10622","500000","","24000","50만원 이상","","month","2026-06-11T11:14:42.801Z"
"naver-card-10394-tier-1-500000","naver-card-10394","500000","","24000","50만원 이상","","month","2026-06-11T11:14:42.801Z"
"naver-card-10500-tier-1-300000","naver-card-10500","300000","","10000","30만원 이상","","month","2026-06-11T11:14:42.801Z"
"naver-card-1614-tier-1-300000","naver-card-1614","300000","","20000","30만원 이상","","month","2026-06-11T11:14:42.801Z"
"naver-card-10400-tier-1-500000","naver-card-10400","500000","","24000","50만원 이상","","month","2026-06-11T11:14:42.801Z"
"naver-card-10573-tier-1-400000","naver-card-10573","400000","","10000","40만원 이상","","month","2026-06-11T11:14:42.801Z"
"naver-card-10441-tier-1-200000","naver-card-10441","200000","","17000","20만원 이상","","month","2026-06-11T11:14:42.801Z"
"naver-card-10350-tier-1-400000","naver-card-10350","400000","","20000","40만원 이상","","month","2026-06-11T11:14:42.801Z"
"naver-card-10528-tier-1-100000","naver-card-10528","100000","","20000","10만원 이상","","month","2026-06-11T11:14:42.801Z"
"naver-card-10401-tier-1-500000","naver-card-10401","500000","","24000","50만원 이상","","month","2026-06-11T11:14:42.801Z"
"naver-card-2487-tier-1-100000","naver-card-2487","100000","","20000","10만원 이상","","month","2026-06-11T11:14:42.801Z"
"naver-card-10562-tier-1-300000","naver-card-10562","300000","","20000","30만원 이상","","month","2026-06-11T11:14:42.801Z"
"naver-card-10189-tier-1-500000","naver-card-10189","500000","","16000","50만원 이상","","month","2026-06-11T11:14:42.801Z"
"naver-card-10399-tier-1-500000","naver-card-10399","500000","","24000","50만원 이상","","month","2026-06-11T11:14:42.801Z"
"naver-card-10420-tier-1-400000","naver-card-10420","400000","","15000","40만원 이상","","month","2026-06-11T11:14:42.801Z"
"naver-card-10565-tier-1-0","naver-card-10565","0","","10000","실적 조건 없음","","month","2026-06-11T11:14:42.801Z"
"naver-card-10362-tier-1-250000","naver-card-10362","250000","","20000","25만원 이상","","month","2026-06-11T11:14:42.801Z"
"naver-card-10608-tier-1-300000","naver-card-10608","300000","","10000","30만원 이상","","month","2026-06-11T11:14:42.801Z"
"naver-card-1243-tier-1-400000","naver-card-1243","400000","","14000","40만원 이상","","month","2026-06-11T11:14:42.801Z"
"naver-card-10384-tier-1-500000","naver-card-10384","500000","","16000","50만원 이상","","month","2026-06-11T11:14:42.801Z"
"naver-card-10581-tier-1-0","naver-card-10581","0","","10000","실적 조건 없음","","month","2026-06-11T11:14:42.801Z"
"naver-card-2418-tier-1-500000","naver-card-2418","500000","","32000","50만원 이상","","month","2026-06-11T11:14:42.801Z"
"naver-card-10518-tier-1-300000","naver-card-10518","300000","","10000","30만원 이상","","month","2026-06-11T11:14:42.801Z"
"naver-card-10225-tier-1-400000","naver-card-10225","400000","","20000","40만원 이상","","month","2026-06-11T11:14:42.801Z"
"naver-card-10618-tier-1-300000","naver-card-10618","300000","","10000","30만원 이상","","month","2026-06-11T11:14:42.801Z"
"naver-card-10186-tier-1-400000","naver-card-10186","400000","","7000","40만원 이상","","month","2026-06-11T11:14:42.801Z"
"naver-card-10297-tier-1-300000","naver-card-10297","300000","","5000","30만원 이상","","month","2026-06-11T11:14:42.801Z"
"naver-card-10262-tier-1-300000","naver-card-10262","300000","","10000","30만원 이상","","month","2026-06-11T11:14:42.801Z"
"naver-card-2349-tier-1-500000","naver-card-2349","500000","","1000","50만원 이상","","month","2026-06-11T11:14:42.801Z"
"naver-card-10223-tier-1-400000","naver-card-10223","400000","","20000","40만원 이상","","month","2026-06-11T11:14:42.801Z"
"naver-card-652-tier-1-0","naver-card-652","0","","20000","실적 조건 없음","","month","2026-06-11T11:14:42.801Z"
"naver-card-10160-tier-1-400000","naver-card-10160","400000","","20000","40만원 이상","","month","2026-06-11T11:14:42.801Z"
"naver-card-3996-tier-1-300000","naver-card-3996","300000","","20000","30만원 이상","","month","2026-06-11T11:14:42.801Z"
"naver-card-10436-tier-1-1000000","naver-card-10436","1000000","","12000","100만원 이상","","month","2026-06-11T11:14:42.801Z"
"naver-card-10625-tier-1-500000","naver-card-10625","500000","","20000","50만원 이상","","month","2026-06-11T11:14:42.801Z"
"naver-card-10361-tier-1-500000","naver-card-10361","500000","","32000","50만원 이상","","month","2026-06-11T11:14:42.801Z"
"naver-card-10607-tier-1-300000","naver-card-10607","300000","","15000","30만원 이상","","month","2026-06-11T11:14:42.801Z"
"naver-card-10525-tier-1-500000","naver-card-10525","500000","","32000","50만원 이상","","month","2026-06-11T11:14:42.801Z"
"naver-card-10488-tier-1-400000","naver-card-10488","400000","","10000","40만원 이상","","month","2026-06-11T11:14:42.801Z"
"naver-card-10636-tier-1-300000","naver-card-10636","300000","","20000","30만원 이상","","month","2026-06-11T11:14:42.801Z"
"naver-card-10637-tier-1-500000","naver-card-10637","500000","","16000","50만원 이상","","month","2026-06-11T11:14:42.801Z"
"naver-card-10638-tier-1-400000","naver-card-10638","400000","","10000","40만원 이상","","month","2026-06-11T11:14:42.801Z"
"naver-card-10640-tier-1-300000","naver-card-10640","300000","","10000","30만원 이상","","month","2026-06-11T11:14:42.801Z"
"naver-card-3777-tier-1-400000","naver-card-3777","400000","","23000","40만원 이상","","month","2026-06-11T11:14:42.801Z"
"naver-card-3776-tier-1-400000","naver-card-3776","400000","","12000","40만원 이상","","month","2026-06-11T11:14:42.801Z"
"naver-card-10383-tier-1-500000","naver-card-10383","500000","","16000","50만원 이상","","month","2026-06-11T11:14:42.801Z"
"naver-card-10289-tier-1-200000","naver-card-10289","200000","","10000","20만원 이상","","month","2026-06-11T11:14:42.801Z"
"naver-card-10442-tier-1-300000","naver-card-10442","300000","","20000","30만원 이상","","month","2026-06-11T11:14:42.801Z"
"naver-card-3055-tier-1-0","naver-card-3055","0","","10000","실적 조건 없음","","month","2026-06-11T11:14:42.801Z"
"naver-card-10363-tier-1-120000","naver-card-10363","120000","","20000","12만원 이상","","month","2026-06-11T11:14:42.801Z"
"naver-card-3257-tier-1-400000","naver-card-3257","400000","","10000","40만원 이상","","month","2026-06-11T11:14:42.801Z"
"naver-card-2206-tier-1-300000","naver-card-2206","300000","500000","10000","30만원~50만원","[{""label"":""On-Line"",""cap"":6000},{""label"":""Off-Line"",""cap"":4000}]","month","2026-06-11T11:14:42.801Z"
"naver-card-2206-tier-2-500000","naver-card-2206","500000","700000","15000","50만원~70만원","[{""label"":""On-Line"",""cap"":9000},{""label"":""Off-Line"",""cap"":6000}]","month","2026-06-11T11:14:42.801Z"
"naver-card-2206-tier-3-700000","naver-card-2206","700000","1200000","25000","70만원~120만원","[{""label"":""On-Line"",""cap"":15000},{""label"":""Off-Line"",""cap"":10000}]","month","2026-06-11T11:14:42.801Z"
"naver-card-2206-tier-4-1200000","naver-card-2206","1200000","","40000","120만원 이상","[{""label"":""On-Line"",""cap"":25000},{""label"":""Off-Line"",""cap"":15000}]","month","2026-06-11T11:14:42.801Z"
"naver-card-10464-tier-1-500000","naver-card-10464","500000","","32000","50만원 이상","","month","2026-06-11T11:14:42.801Z"
"naver-card-10456-tier-1-400000","naver-card-10456","400000","","10000","40만원 이상","","month","2026-06-11T11:14:42.801Z"
"naver-card-10388-tier-1-500000","naver-card-10388","500000","","10000","50만원 이상","","month","2026-06-11T11:14:42.801Z"
"naver-card-10564-tier-1-0","naver-card-10564","0","","10000","실적 조건 없음","","month","2026-06-11T11:14:42.801Z"
"naver-card-10308-tier-1-400000","naver-card-10308","400000","","20000","40만원 이상","","month","2026-06-11T11:14:42.801Z"
"naver-card-10421-tier-1-500000","naver-card-10421","500000","","32000","50만원 이상","","month","2026-06-11T11:14:42.801Z"
"naver-card-10226-tier-1-400000","naver-card-10226","400000","","20000","40만원 이상","","month","2026-06-11T11:14:42.801Z"
"naver-card-10429-tier-1-300000","naver-card-10429","300000","","20000","30만원 이상","","month","2026-06-11T11:14:42.801Z"
"naver-card-10582-tier-1-0","naver-card-10582","0","","10000","실적 조건 없음","","month","2026-06-11T11:14:42.801Z"
"naver-card-10517-tier-1-300000","naver-card-10517","300000","","10000","30만원 이상","","month","2026-06-11T11:14:42.801Z"
"naver-card-10390-tier-1-500000","naver-card-10390","500000","","10000","50만원 이상","","month","2026-06-11T11:14:42.801Z"
"naver-card-10372-tier-1-500000","naver-card-10372","500000","","24000","50만원 이상","","month","2026-06-11T11:14:42.801Z"
"naver-card-10264-tier-1-300000","naver-card-10264","300000","","10000","30만원 이상","","month","2026-06-11T11:14:42.801Z"
"naver-card-10621-tier-1-500000","naver-card-10621","500000","","16000","50만원 이상","","month","2026-06-11T11:14:42.801Z"
"naver-card-10624-tier-1-400000","naver-card-10624","400000","","13000","40만원 이상","","month","2026-06-11T11:14:42.801Z"
"naver-card-10496-tier-1-1000000","naver-card-10496","1000000","","36000","100만원 이상","","month","2026-06-11T11:14:42.801Z"
"naver-card-2886-tier-1-400000","naver-card-2886","400000","","20000","40만원 이상","","month","2026-06-11T11:14:42.801Z"
"naver-card-10287-tier-1-0","naver-card-10287","0","","10000","실적 조건 없음","","month","2026-06-11T11:14:42.801Z"
"naver-card-10033-tier-1-0","naver-card-10033","0","","10000","실적 조건 없음","","month","2026-06-11T11:14:42.801Z"
"naver-card-10556-tier-1-200000","naver-card-10556","200000","","17000","20만원 이상","","month","2026-06-11T11:14:42.801Z"
"naver-card-10405-tier-1-500000","naver-card-10405","500000","","16000","50만원 이상","","month","2026-06-11T11:14:42.801Z"
"naver-card-2757-tier-1-200000","naver-card-2757","200000","","17000","20만원 이상","","month","2026-06-11T11:14:42.801Z"
"naver-card-3958-tier-1-400000","naver-card-3958","400000","","20000","40만원 이상","","month","2026-06-11T11:14:42.801Z"
"naver-card-10369-tier-1-0","naver-card-10369","0","","20000","실적 조건 없음","","month","2026-06-11T11:14:42.801Z"
"naver-card-10325-tier-1-500000","naver-card-10325","500000","","32000","50만원 이상","","month","2026-06-11T11:14:42.801Z"
"naver-card-10545-tier-1-500000","naver-card-10545","500000","","16000","50만원 이상","","month","2026-06-11T11:14:42.801Z"
"naver-card-1597-tier-1-300000","naver-card-1597","300000","","10000","30만원 이상","","month","2026-06-11T11:14:42.801Z"
"naver-card-10563-tier-1-1000000","naver-card-10563","1000000","","48000","100만원 이상","","month","2026-06-11T11:14:42.801Z"
"naver-card-10634-tier-1-300000","naver-card-10634","300000","","20000","30만원 이상","","month","2026-06-11T11:14:42.801Z"
"naver-card-10576-tier-1-0","naver-card-10576","0","","10000","실적 조건 없음","","month","2026-06-11T11:14:42.801Z"
"naver-card-10549-tier-1-500000","naver-card-10549","500000","","24000","50만원 이상","","month","2026-06-11T11:14:42.801Z"
"naver-card-10306-tier-1-0","naver-card-10306","0","","20000","실적 조건 없음","","month","2026-06-11T11:14:42.801Z"
"naver-card-10294-tier-1-500000","naver-card-10294","500000","","24000","50만원 이상","","month","2026-06-11T11:14:42.801Z"
"naver-card-10527-tier-1-400000","naver-card-10527","400000","","20000","40만원 이상","","month","2026-06-11T11:14:42.801Z"
"naver-card-10513-tier-1-400000","naver-card-10513","400000","","15000","40만원 이상","","month","2026-06-11T11:14:42.801Z"
"naver-card-10578-tier-1-0","naver-card-10578","0","","10000","실적 조건 없음","","month","2026-06-11T11:14:42.801Z"
"naver-card-1773-tier-1-500000","naver-card-1773","500000","","32000","50만원 이상","","month","2026-06-11T11:14:42.801Z"
"naver-card-10305-tier-1-0","naver-card-10305","0","","20000","실적 조건 없음","","month","2026-06-11T11:14:42.801Z"
"naver-card-10567-tier-1-300000","naver-card-10567","300000","","20000","30만원 이상","","month","2026-06-11T11:14:42.801Z"
"naver-card-10555-tier-1-500000","naver-card-10555","500000","","32000","50만원 이상","","month","2026-06-11T11:14:42.801Z"
"naver-card-10277-tier-1-0","naver-card-10277","0","","20000","실적 조건 없음","","month","2026-06-11T11:14:42.801Z"
"naver-card-10505-tier-1-400000","naver-card-10505","400000","","19000","40만원 이상","","month","2026-06-11T11:14:42.801Z"
"naver-card-10577-tier-1-300000","naver-card-10577","300000","","20000","30만원 이상","","month","2026-06-11T11:14:42.801Z"
"naver-card-10241-tier-1-400000","naver-card-10241","400000","","2000","40만원 이상","","month","2026-06-11T11:14:42.801Z"
"naver-card-10438-tier-1-1000000","naver-card-10438","1000000","","12000","100만원 이상","","month","2026-06-11T11:14:42.801Z"
"naver-card-10029-tier-1-750000","naver-card-10029","750000","","32000","75만원 이상","","month","2026-06-11T11:14:42.801Z"
"naver-card-10477-tier-1-300000","naver-card-10477","300000","","20000","30만원 이상","","month","2026-06-11T11:14:42.801Z"
"naver-card-10211-tier-1-300000","naver-card-10211","300000","","30000","30만원 이상","","month","2026-06-11T11:14:42.801Z"
"naver-card-10458-tier-1-500000","naver-card-10458","500000","","32000","50만원 이상","","month","2026-06-11T11:14:42.801Z"
"naver-card-3258-tier-1-400000","naver-card-3258","400000","","20000","40만원 이상","","month","2026-06-11T11:14:42.801Z"
"naver-card-10404-tier-1-500000","naver-card-10404","500000","","16000","50만원 이상","","month","2026-06-11T11:14:42.801Z"
"naver-card-4096-tier-1-500000","naver-card-4096","500000","","32000","50만원 이상","","month","2026-06-11T11:14:42.801Z"
"naver-card-10559-tier-1-400000","naver-card-10559","400000","","20000","40만원 이상","","month","2026-06-11T11:14:42.801Z"
"naver-card-10546-tier-1-500000","naver-card-10546","500000","","24000","50만원 이상","","month","2026-06-11T11:14:42.801Z"
"naver-card-10445-tier-1-500000","naver-card-10445","500000","","10000","50만원 이상","","month","2026-06-11T11:14:42.801Z"
"naver-card-10630-tier-1-0","naver-card-10630","0","","10000","실적 조건 없음","","month","2026-06-11T11:14:42.801Z"
"naver-card-10419-tier-1-400000","naver-card-10419","400000","","15000","40만원 이상","","month","2026-06-11T11:14:42.801Z"
"naver-card-10583-tier-1-400000","naver-card-10583","400000","","10000","40만원 이상","","month","2026-06-11T11:14:42.801Z"
"naver-card-10571-tier-1-1000000","naver-card-10571","1000000","","48000","100만원 이상","","month","2026-06-11T11:14:42.801Z"
"naver-card-10543-tier-1-0","naver-card-10543","0","","15000","실적 조건 없음","","month","2026-06-11T11:14:42.801Z"
"naver-card-10632-tier-1-0","naver-card-10632","0","","10000","실적 조건 없음","","month","2026-06-11T11:14:42.801Z"
"naver-card-10495-tier-1-0","naver-card-10495","0","","10000","실적 조건 없음","","month","2026-06-11T11:14:42.801Z"
"naver-card-10629-tier-1-0","naver-card-10629","0","","10000","실적 조건 없음","","month","2026-06-11T11:14:42.801Z"
"naver-card-2414-tier-1-300000","naver-card-2414","300000","","15000","30만원 이상","","month","2026-06-11T11:14:42.801Z"
"naver-card-10437-tier-1-1000000","naver-card-10437","1000000","","12000","100만원 이상","","month","2026-06-11T11:14:42.801Z"
"naver-card-10539-tier-1-200000","naver-card-10539","200000","","17000","20만원 이상","","month","2026-06-11T11:14:42.801Z"
"naver-card-10631-tier-1-0","naver-card-10631","0","","10000","실적 조건 없음","","month","2026-06-11T11:14:42.801Z"
"naver-card-10541-tier-1-0","naver-card-10541","0","","10000","실적 조건 없음","","month","2026-06-11T11:14:42.801Z"
"naver-card-10542-tier-1-0","naver-card-10542","0","","10000","실적 조건 없음","","month","2026-06-11T11:14:42.801Z"
"naver-card-10322-tier-1-0","naver-card-10322","0","","10000","실적 조건 없음","","month","2026-06-11T11:14:42.801Z"
"naver-card-10345-tier-1-300000","naver-card-10345","300000","","10000","30만원 이상","","month","2026-06-11T11:14:42.801Z"
"naver-card-10387-tier-1-500000","naver-card-10387","500000","","10000","50만원 이상","","month","2026-06-11T11:14:42.801Z"
