"performance_rule_id","card_id","base_spend_amount","base_spend_period","base_spend_method","discounted_spend_counts_for_performance","discounted_spend_count_ratio","base_spend_description","exported_at"
"naver-card-10304-performance-1","naver-card-10304","0","직전 1개월","합계","unknown","","네이버 카드 검색 원본을 기준으로 만든 임시 랭킹 데이터입니다. | 통합 할인한도, 실적 제외, 할인받은 매출의 실적 포함 여부는 공식 상품설명서로 추가 검증이 필요합니다.","2026-06-11T11:14:42.801Z"
"naver-card-10623-performance-1","naver-card-10623","0","직전 1개월","합계","unknown","","네이버 카드 검색 원본을 기준으로 만든 임시 랭킹 데이터입니다. | 통합 할인한도, 실적 제외, 할인받은 매출의 실적 포함 여부는 공식 상품설명서로 추가 검증이 필요합니다.","2026-06-11T11:14:42.801Z"
"naver-card-1530-performance-1","naver-card-1530","300000","직전 1개월","합계","unknown","","네이버 카드 검색 원본을 기준으로 만든 임시 랭킹 데이터입니다. | 통합 할인한도, 실적 제외, 할인받은 매출의 실적 포함 여부는 공식 상품설명서로 추가 검증이 필요합니다.","2026-06-11T11:14:42.801Z"
"naver-card-10333-performance-1","naver-card-10333","300000","직전 1개월","합계","unknown","","네이버 카드 검색 원본을 기준으로 만든 임시 랭킹 데이터입니다. | 통합 할인한도, 실적 제외, 할인받은 매출의 실적 포함 여부는 공식 상품설명서로 추가 검증이 필요합니다.","2026-06-11T11:14:42.801Z"
"naver-card-10105-performance-1","naver-card-10105","0","직전 1개월","합계","unknown","","네이버 카드 검색 원본을 기준으로 만든 임시 랭킹 데이터입니다. | 통합 할인한도, 실적 제외, 할인받은 매출의 실적 포함 여부는 공식 상품설명서로 추가 검증이 필요합니다.","2026-06-11T11:14:42.801Z"
"naver-card-10615-performance-1","naver-card-10615","0","직전 1개월","합계","unknown","","네이버 카드 검색 원본을 기준으로 만든 임시 랭킹 데이터입니다. | 통합 할인한도, 실적 제외, 할인받은 매출의 실적 포함 여부는 공식 상품설명서로 추가 검증이 필요합니다.","2026-06-11T11:14:42.801Z"
"naver-card-10375-performance-1","naver-card-10375","0","직전 1개월","합계","unknown","","네이버 카드 검색 원본을 기준으로 만든 임시 랭킹 데이터입니다. | 통합 할인한도, 실적 제외, 할인받은 매출의 실적 포함 여부는 공식 상품설명서로 추가 검증이 필요합니다.","2026-06-11T11:14:42.801Z"
"naver-card-10176-performance-1","naver-card-10176","0","직전 1개월","합계","unknown","","네이버 카드 검색 원본을 기준으로 만든 임시 랭킹 데이터입니다. | 통합 할인한도, 실적 제외, 할인받은 매출의 실적 포함 여부는 공식 상품설명서로 추가 검증이 필요합니다.","2026-06-11T11:14:42.801Z"
"naver-card-10141-performance-1","naver-card-10141","500000","직전 1개월","합계","unknown","","네이버 카드 검색 원본을 기준으로 만든 임시 랭킹 데이터입니다. | 통합 할인한도, 실적 제외, 할인받은 매출의 실적 포함 여부는 공식 상품설명서로 추가 검증이 필요합니다.","2026-06-11T11:14:42.801Z"
"naver-card-10157-performance-1","naver-card-10157","0","직전 1개월","합계","unknown","","네이버 카드 검색 원본을 기준으로 만든 임시 랭킹 데이터입니다. | 통합 할인한도, 실적 제외, 할인받은 매출의 실적 포함 여부는 공식 상품설명서로 추가 검증이 필요합니다.","2026-06-11T11:14:42.801Z"
"naver-card-10307-performance-1","naver-card-10307","400000","직전 1개월","합계","unknown","","네이버 카드 검색 원본을 기준으로 만든 임시 랭킹 데이터입니다. | 통합 할인한도, 실적 제외, 할인받은 매출의 실적 포함 여부는 공식 상품설명서로 추가 검증이 필요합니다.","2026-06-11T11:14:42.801Z"
"naver-card-1531-performance-1","naver-card-1531","0","직전 1개월","합계","unknown","","네이버 카드 검색 원본을 기준으로 만든 임시 랭킹 데이터입니다. | 통합 할인한도, 실적 제외, 할인받은 매출의 실적 포함 여부는 공식 상품설명서로 추가 검증이 필요합니다.","2026-06-11T11:14:42.801Z"
"naver-card-10309-performance-1","naver-card-10309","300000","직전 1개월","합계","unknown","","네이버 카드 검색 원본을 기준으로 만든 임시 랭킹 데이터입니다. | 통합 할인한도, 실적 제외, 할인받은 매출의 실적 포함 여부는 공식 상품설명서로 추가 검증이 필요합니다.","2026-06-11T11:14:42.801Z"
"naver-card-10452-performance-1","naver-card-10452","200000","직전 1개월","합계","unknown","","네이버 카드 검색 원본을 기준으로 만든 임시 랭킹 데이터입니다. | 통합 할인한도, 실적 제외, 할인받은 매출의 실적 포함 여부는 공식 상품설명서로 추가 검증이 필요합니다.","2026-06-11T11:14:42.801Z"
"naver-card-10522-performance-1","naver-card-10522","400000","직전 1개월","합계","unknown","","네이버 카드 검색 원본을 기준으로 만든 임시 랭킹 데이터입니다. | 통합 할인한도, 실적 제외, 할인받은 매출의 실적 포함 여부는 공식 상품설명서로 추가 검증이 필요합니다.","2026-06-11T11:14:42.801Z"
"naver-card-10332-performance-1","naver-card-10332","300000","직전 1개월","합계","unknown","","네이버 카드 검색 원본을 기준으로 만든 임시 랭킹 데이터입니다. | 통합 할인한도, 실적 제외, 할인받은 매출의 실적 포함 여부는 공식 상품설명서로 추가 검증이 필요합니다.","2026-06-11T11:14:42.801Z"
"naver-card-10102-performance-1","naver-card-10102","300000","직전 1개월","합계","unknown","","네이버 카드 검색 원본을 기준으로 만든 임시 랭킹 데이터입니다. | 통합 할인한도, 실적 제외, 할인받은 매출의 실적 포함 여부는 공식 상품설명서로 추가 검증이 필요합니다.","2026-06-11T11:14:42.801Z"
"naver-card-1294-performance-1","naver-card-1294","300000","직전 1개월","합계","unknown","","네이버 카드 검색 원본을 기준으로 만든 임시 랭킹 데이터입니다. | 통합 할인한도, 실적 제외, 할인받은 매출의 실적 포함 여부는 공식 상품설명서로 추가 검증이 필요합니다.","2026-06-11T11:14:42.801Z"
"naver-card-10343-performance-1","naver-card-10343","500000","직전 1개월","합계","unknown","","네이버 카드 검색 원본을 기준으로 만든 임시 랭킹 데이터입니다. | 통합 할인한도, 실적 제외, 할인받은 매출의 실적 포함 여부는 공식 상품설명서로 추가 검증이 필요합니다.","2026-06-11T11:14:42.801Z"
"naver-card-1684-performance-1","naver-card-1684","300000","직전 1개월","합계","unknown","","네이버 카드 검색 원본을 기준으로 만든 임시 랭킹 데이터입니다. | 통합 할인한도, 실적 제외, 할인받은 매출의 실적 포함 여부는 공식 상품설명서로 추가 검증이 필요합니다.","2026-06-11T11:14:42.801Z"
"naver-card-10310-performance-1","naver-card-10310","400000","직전 1개월","합계","unknown","","네이버 카드 검색 원본을 기준으로 만든 임시 랭킹 데이터입니다. | 통합 할인한도, 실적 제외, 할인받은 매출의 실적 포함 여부는 공식 상품설명서로 추가 검증이 필요합니다.","2026-06-11T11:14:42.801Z"
"naver-card-10216-performance-1","naver-card-10216","400000","직전 1개월","합계","unknown","","네이버 카드 검색 원본을 기준으로 만든 임시 랭킹 데이터입니다. | 통합 할인한도, 실적 제외, 할인받은 매출의 실적 포함 여부는 공식 상품설명서로 추가 검증이 필요합니다.","2026-06-11T11:14:42.801Z"
"naver-card-115-performance-1","naver-card-115","300000","직전 1개월","합계","unknown","","네이버 카드 검색 원본을 기준으로 만든 임시 랭킹 데이터입니다. | 통합 할인한도, 실적 제외, 할인받은 매출의 실적 포함 여부는 공식 상품설명서로 추가 검증이 필요합니다.","2026-06-11T11:14:42.801Z"
"naver-card-1408-performance-1","naver-card-1408","300000","직전 1개월","합계","unknown","","네이버 카드 검색 원본을 기준으로 만든 임시 랭킹 데이터입니다. | 통합 할인한도, 실적 제외, 할인받은 매출의 실적 포함 여부는 공식 상품설명서로 추가 검증이 필요합니다.","2026-06-11T11:14:42.801Z"
"naver-card-10611-performance-1","naver-card-10611","300000","직전 1개월","합계","unknown","","네이버 카드 검색 원본을 기준으로 만든 임시 랭킹 데이터입니다. | 통합 할인한도, 실적 제외, 할인받은 매출의 실적 포함 여부는 공식 상품설명서로 추가 검증이 필요합니다.","2026-06-11T11:14:42.801Z"
"naver-card-10612-performance-1","naver-card-10612","500000","직전 1개월","합계","unknown","","네이버 카드 검색 원본을 기준으로 만든 임시 랭킹 데이터입니다. | 통합 할인한도, 실적 제외, 할인받은 매출의 실적 포함 여부는 공식 상품설명서로 추가 검증이 필요합니다.","2026-06-11T11:14:42.801Z"
"naver-card-10358-performance-1","naver-card-10358","400000","직전 1개월","합계","unknown","","네이버 카드 검색 원본을 기준으로 만든 임시 랭킹 데이터입니다. | 통합 할인한도, 실적 제외, 할인받은 매출의 실적 포함 여부는 공식 상품설명서로 추가 검증이 필요합니다.","2026-06-11T11:14:42.801Z"
"naver-card-2337-performance-1","naver-card-2337","300000","직전 1개월","합계","unknown","","네이버 카드 검색 원본을 기준으로 만든 임시 랭킹 데이터입니다. | 통합 할인한도, 실적 제외, 할인받은 매출의 실적 포함 여부는 공식 상품설명서로 추가 검증이 필요합니다.","2026-06-11T11:14:42.801Z"
"naver-card-10286-performance-1","naver-card-10286","500000","직전 1개월","합계","unknown","","네이버 카드 검색 원본을 기준으로 만든 임시 랭킹 데이터입니다. | 통합 할인한도, 실적 제외, 할인받은 매출의 실적 포함 여부는 공식 상품설명서로 추가 검증이 필요합니다.","2026-06-11T11:14:42.801Z"
"naver-card-10616-performance-1","naver-card-10616","0","직전 1개월","합계","unknown","","네이버 카드 검색 원본을 기준으로 만든 임시 랭킹 데이터입니다. | 통합 할인한도, 실적 제외, 할인받은 매출의 실적 포함 여부는 공식 상품설명서로 추가 검증이 필요합니다.","2026-06-11T11:14:42.801Z"
"naver-card-10303-performance-1","naver-card-10303","0","직전 1개월","합계","unknown","","네이버 카드 검색 원본을 기준으로 만든 임시 랭킹 데이터입니다. | 통합 할인한도, 실적 제외, 할인받은 매출의 실적 포함 여부는 공식 상품설명서로 추가 검증이 필요합니다.","2026-06-11T11:14:42.801Z"
"naver-card-1322-performance-1","naver-card-1322","300000","직전 1개월","합계","unknown","","네이버 카드 검색 원본을 기준으로 만든 임시 랭킹 데이터입니다. | 통합 할인한도, 실적 제외, 할인받은 매출의 실적 포함 여부는 공식 상품설명서로 추가 검증이 필요합니다.","2026-06-11T11:14:42.801Z"
"naver-card-10218-performance-1","naver-card-10218","400000","직전 1개월","합계","unknown","","네이버 카드 검색 원본을 기준으로 만든 임시 랭킹 데이터입니다. | 통합 할인한도, 실적 제외, 할인받은 매출의 실적 포함 여부는 공식 상품설명서로 추가 검증이 필요합니다.","2026-06-11T11:14:42.801Z"
"naver-card-10045-performance-1","naver-card-10045","300000","직전 1개월","합계","unknown","","네이버 카드 검색 원본을 기준으로 만든 임시 랭킹 데이터입니다. | 통합 할인한도, 실적 제외, 할인받은 매출의 실적 포함 여부는 공식 상품설명서로 추가 검증이 필요합니다.","2026-06-11T11:14:42.801Z"
"naver-card-10108-performance-1","naver-card-10108","400000","직전 1개월","합계","unknown","","네이버 카드 검색 원본을 기준으로 만든 임시 랭킹 데이터입니다. | 통합 할인한도, 실적 제외, 할인받은 매출의 실적 포함 여부는 공식 상품설명서로 추가 검증이 필요합니다.","2026-06-11T11:14:42.801Z"
"naver-card-277-performance-1","naver-card-277","300000","직전 1개월","합계","unknown","","네이버 카드 검색 원본을 기준으로 만든 임시 랭킹 데이터입니다. | 통합 할인한도, 실적 제외, 할인받은 매출의 실적 포함 여부는 공식 상품설명서로 추가 검증이 필요합니다.","2026-06-11T11:14:42.801Z"
"naver-card-1571-performance-1","naver-card-1571","500000","직전 1개월","합계","unknown","","네이버 카드 검색 원본을 기준으로 만든 임시 랭킹 데이터입니다. | 통합 할인한도, 실적 제외, 할인받은 매출의 실적 포함 여부는 공식 상품설명서로 추가 검증이 필요합니다.","2026-06-11T11:14:42.801Z"
"naver-card-2776-performance-1","naver-card-2776","300000","직전 1개월","합계","unknown","","네이버 카드 검색 원본을 기준으로 만든 임시 랭킹 데이터입니다. | 통합 할인한도, 실적 제외, 할인받은 매출의 실적 포함 여부는 공식 상품설명서로 추가 검증이 필요합니다.","2026-06-11T11:14:42.801Z"
"naver-card-10126-performance-1","naver-card-10126","500000","직전 1개월","합계","unknown","","네이버 카드 검색 원본을 기준으로 만든 임시 랭킹 데이터입니다. | 통합 할인한도, 실적 제외, 할인받은 매출의 실적 포함 여부는 공식 상품설명서로 추가 검증이 필요합니다.","2026-06-11T11:14:42.801Z"
"naver-card-10238-performance-1","naver-card-10238","300000","직전 1개월","합계","unknown","","네이버 카드 검색 원본을 기준으로 만든 임시 랭킹 데이터입니다. | 통합 할인한도, 실적 제외, 할인받은 매출의 실적 포함 여부는 공식 상품설명서로 추가 검증이 필요합니다.","2026-06-11T11:14:42.801Z"
"naver-card-2676-performance-1","naver-card-2676","400000","직전 1개월","합계","unknown","","네이버 카드 검색 원본을 기준으로 만든 임시 랭킹 데이터입니다. | 통합 할인한도, 실적 제외, 할인받은 매출의 실적 포함 여부는 공식 상품설명서로 추가 검증이 필요합니다.","2026-06-11T11:14:42.801Z"
"naver-card-1465-performance-1","naver-card-1465","0","직전 1개월","합계","unknown","","네이버 카드 검색 원본을 기준으로 만든 임시 랭킹 데이터입니다. | 통합 할인한도, 실적 제외, 할인받은 매출의 실적 포함 여부는 공식 상품설명서로 추가 검증이 필요합니다.","2026-06-11T11:14:42.801Z"
"naver-card-10103-performance-1","naver-card-10103","400000","직전 1개월","합계","unknown","","네이버 카드 검색 원본을 기준으로 만든 임시 랭킹 데이터입니다. | 통합 할인한도, 실적 제외, 할인받은 매출의 실적 포함 여부는 공식 상품설명서로 추가 검증이 필요합니다.","2026-06-11T11:14:42.801Z"
"naver-card-3881-performance-1","naver-card-3881","300000","직전 1개월","합계","unknown","","네이버 카드 검색 원본을 기준으로 만든 임시 랭킹 데이터입니다. | 통합 할인한도, 실적 제외, 할인받은 매출의 실적 포함 여부는 공식 상품설명서로 추가 검증이 필요합니다.","2026-06-11T11:14:42.801Z"
"naver-card-10328-performance-1","naver-card-10328","400000","직전 1개월","합계","unknown","","네이버 카드 검색 원본을 기준으로 만든 임시 랭킹 데이터입니다. | 통합 할인한도, 실적 제외, 할인받은 매출의 실적 포함 여부는 공식 상품설명서로 추가 검증이 필요합니다.","2026-06-11T11:14:42.801Z"
"naver-card-10406-performance-1","naver-card-10406","500000","직전 1개월","합계","unknown","","네이버 카드 검색 원본을 기준으로 만든 임시 랭킹 데이터입니다. | 통합 할인한도, 실적 제외, 할인받은 매출의 실적 포함 여부는 공식 상품설명서로 추가 검증이 필요합니다.","2026-06-11T11:14:42.801Z"
"naver-card-10355-performance-1","naver-card-10355","300000","직전 1개월","합계","unknown","","네이버 카드 검색 원본을 기준으로 만든 임시 랭킹 데이터입니다. | 통합 할인한도, 실적 제외, 할인받은 매출의 실적 포함 여부는 공식 상품설명서로 추가 검증이 필요합니다.","2026-06-11T11:14:42.801Z"
"naver-card-10256-performance-1","naver-card-10256","500000","직전 1개월","합계","unknown","","네이버 카드 검색 원본을 기준으로 만든 임시 랭킹 데이터입니다. | 통합 할인한도, 실적 제외, 할인받은 매출의 실적 포함 여부는 공식 상품설명서로 추가 검증이 필요합니다.","2026-06-11T11:14:42.801Z"
"naver-card-10589-performance-1","naver-card-10589","0","직전 1개월","합계","unknown","","네이버 카드 검색 원본을 기준으로 만든 임시 랭킹 데이터입니다. | 통합 할인한도, 실적 제외, 할인받은 매출의 실적 포함 여부는 공식 상품설명서로 추가 검증이 필요합니다.","2026-06-11T11:14:42.801Z"
"naver-card-10451-performance-1","naver-card-10451","500000","직전 1개월","합계","unknown","","네이버 카드 검색 원본을 기준으로 만든 임시 랭킹 데이터입니다. | 통합 할인한도, 실적 제외, 할인받은 매출의 실적 포함 여부는 공식 상품설명서로 추가 검증이 필요합니다.","2026-06-11T11:14:42.801Z"
"naver-card-10268-performance-1","naver-card-10268","300000","직전 1개월","합계","unknown","","네이버 카드 검색 원본을 기준으로 만든 임시 랭킹 데이터입니다. | 통합 할인한도, 실적 제외, 할인받은 매출의 실적 포함 여부는 공식 상품설명서로 추가 검증이 필요합니다.","2026-06-11T11:14:42.801Z"
"naver-card-10463-performance-1","naver-card-10463","400000","직전 1개월","합계","unknown","","네이버 카드 검색 원본을 기준으로 만든 임시 랭킹 데이터입니다. | 통합 할인한도, 실적 제외, 할인받은 매출의 실적 포함 여부는 공식 상품설명서로 추가 검증이 필요합니다.","2026-06-11T11:14:42.801Z"
"naver-card-10236-performance-1","naver-card-10236","500000","직전 1개월","합계","unknown","","네이버 카드 검색 원본을 기준으로 만든 임시 랭킹 데이터입니다. | 통합 할인한도, 실적 제외, 할인받은 매출의 실적 포함 여부는 공식 상품설명서로 추가 검증이 필요합니다.","2026-06-11T11:14:42.801Z"
"naver-card-10592-performance-1","naver-card-10592","400000","직전 1개월","합계","unknown","","네이버 카드 검색 원본을 기준으로 만든 임시 랭킹 데이터입니다. | 통합 할인한도, 실적 제외, 할인받은 매출의 실적 포함 여부는 공식 상품설명서로 추가 검증이 필요합니다.","2026-06-11T11:14:42.801Z"
"naver-card-3896-performance-1","naver-card-3896","300000","직전 1개월","합계","unknown","","네이버 카드 검색 원본을 기준으로 만든 임시 랭킹 데이터입니다. | 통합 할인한도, 실적 제외, 할인받은 매출의 실적 포함 여부는 공식 상품설명서로 추가 검증이 필요합니다.","2026-06-11T11:14:42.801Z"
"naver-card-10049-performance-1","naver-card-10049","1000000","직전 1개월","합계","unknown","","네이버 카드 검색 원본을 기준으로 만든 임시 랭킹 데이터입니다. | 통합 할인한도, 실적 제외, 할인받은 매출의 실적 포함 여부는 공식 상품설명서로 추가 검증이 필요합니다.","2026-06-11T11:14:42.801Z"
"naver-card-10590-performance-1","naver-card-10590","0","직전 1개월","합계","unknown","","네이버 카드 검색 원본을 기준으로 만든 임시 랭킹 데이터입니다. | 통합 할인한도, 실적 제외, 할인받은 매출의 실적 포함 여부는 공식 상품설명서로 추가 검증이 필요합니다.","2026-06-11T11:14:42.801Z"
"naver-card-10450-performance-1","naver-card-10450","500000","직전 1개월","합계","unknown","","네이버 카드 검색 원본을 기준으로 만든 임시 랭킹 데이터입니다. | 통합 할인한도, 실적 제외, 할인받은 매출의 실적 포함 여부는 공식 상품설명서로 추가 검증이 필요합니다.","2026-06-11T11:14:42.801Z"
"naver-card-10235-performance-1","naver-card-10235","500000","직전 1개월","합계","unknown","","네이버 카드 검색 원본을 기준으로 만든 임시 랭킹 데이터입니다. | 통합 할인한도, 실적 제외, 할인받은 매출의 실적 포함 여부는 공식 상품설명서로 추가 검증이 필요합니다.","2026-06-11T11:14:42.801Z"
"naver-card-10568-performance-1","naver-card-10568","500000","직전 1개월","합계","unknown","","네이버 카드 검색 원본을 기준으로 만든 임시 랭킹 데이터입니다. | 통합 할인한도, 실적 제외, 할인받은 매출의 실적 포함 여부는 공식 상품설명서로 추가 검증이 필요합니다.","2026-06-11T11:14:42.801Z"
"naver-card-10579-performance-1","naver-card-10579","300000","직전 1개월","합계","unknown","","네이버 카드 검색 원본을 기준으로 만든 임시 랭킹 데이터입니다. | 통합 할인한도, 실적 제외, 할인받은 매출의 실적 포함 여부는 공식 상품설명서로 추가 검증이 필요합니다.","2026-06-11T11:14:42.801Z"
"naver-card-10184-performance-1","naver-card-10184","400000","직전 1개월","합계","unknown","","네이버 카드 검색 원본을 기준으로 만든 임시 랭킹 데이터입니다. | 통합 할인한도, 실적 제외, 할인받은 매출의 실적 포함 여부는 공식 상품설명서로 추가 검증이 필요합니다.","2026-06-11T11:14:42.801Z"
"naver-card-3878-performance-1","naver-card-3878","500000","직전 1개월","합계","unknown","","네이버 카드 검색 원본을 기준으로 만든 임시 랭킹 데이터입니다. | 통합 할인한도, 실적 제외, 할인받은 매출의 실적 포함 여부는 공식 상품설명서로 추가 검증이 필요합니다.","2026-06-11T11:14:42.801Z"
"naver-card-10349-performance-1","naver-card-10349","400000","직전 1개월","합계","unknown","","네이버 카드 검색 원본을 기준으로 만든 임시 랭킹 데이터입니다. | 통합 할인한도, 실적 제외, 할인받은 매출의 실적 포함 여부는 공식 상품설명서로 추가 검증이 필요합니다.","2026-06-11T11:14:42.801Z"
"naver-card-10311-performance-1","naver-card-10311","300000","직전 1개월","합계","unknown","","네이버 카드 검색 원본을 기준으로 만든 임시 랭킹 데이터입니다. | 통합 할인한도, 실적 제외, 할인받은 매출의 실적 포함 여부는 공식 상품설명서로 추가 검증이 필요합니다.","2026-06-11T11:14:42.801Z"
"naver-card-3857-performance-1","naver-card-3857","240000","직전 1개월","합계","unknown","","네이버 카드 검색 원본을 기준으로 만든 임시 랭킹 데이터입니다. | 통합 할인한도, 실적 제외, 할인받은 매출의 실적 포함 여부는 공식 상품설명서로 추가 검증이 필요합니다.","2026-06-11T11:14:42.801Z"
"naver-card-10550-performance-1","naver-card-10550","150000","직전 1개월","합계","unknown","","네이버 카드 검색 원본을 기준으로 만든 임시 랭킹 데이터입니다. | 통합 할인한도, 실적 제외, 할인받은 매출의 실적 포함 여부는 공식 상품설명서로 추가 검증이 필요합니다.","2026-06-11T11:14:42.801Z"
"naver-card-10315-performance-1","naver-card-10315","500000","직전 1개월","합계","unknown","","네이버 카드 검색 원본을 기준으로 만든 임시 랭킹 데이터입니다. | 통합 할인한도, 실적 제외, 할인받은 매출의 실적 포함 여부는 공식 상품설명서로 추가 검증이 필요합니다.","2026-06-11T11:14:42.801Z"
"naver-card-10480-performance-1","naver-card-10480","300000","직전 1개월","합계","unknown","","네이버 카드 검색 원본을 기준으로 만든 임시 랭킹 데이터입니다. | 통합 할인한도, 실적 제외, 할인받은 매출의 실적 포함 여부는 공식 상품설명서로 추가 검증이 필요합니다.","2026-06-11T11:14:42.801Z"
"naver-card-10237-performance-1","naver-card-10237","500000","직전 1개월","합계","unknown","","네이버 카드 검색 원본을 기준으로 만든 임시 랭킹 데이터입니다. | 통합 할인한도, 실적 제외, 할인받은 매출의 실적 포함 여부는 공식 상품설명서로 추가 검증이 필요합니다.","2026-06-11T11:14:42.801Z"
"naver-card-10523-performance-1","naver-card-10523","300000","직전 1개월","합계","unknown","","네이버 카드 검색 원본을 기준으로 만든 임시 랭킹 데이터입니다. | 통합 할인한도, 실적 제외, 할인받은 매출의 실적 포함 여부는 공식 상품설명서로 추가 검증이 필요합니다.","2026-06-11T11:14:42.801Z"
"naver-card-10462-performance-1","naver-card-10462","400000","직전 1개월","합계","unknown","","네이버 카드 검색 원본을 기준으로 만든 임시 랭킹 데이터입니다. | 통합 할인한도, 실적 제외, 할인받은 매출의 실적 포함 여부는 공식 상품설명서로 추가 검증이 필요합니다.","2026-06-11T11:14:42.801Z"
"naver-card-247-performance-1","naver-card-247","0","직전 1개월","합계","unknown","","네이버 카드 검색 원본을 기준으로 만든 임시 랭킹 데이터입니다. | 통합 할인한도, 실적 제외, 할인받은 매출의 실적 포함 여부는 공식 상품설명서로 추가 검증이 필요합니다.","2026-06-11T11:14:42.801Z"
"naver-card-4047-performance-1","naver-card-4047","300000","직전 1개월","합계","unknown","","네이버 카드 검색 원본을 기준으로 만든 임시 랭킹 데이터입니다. | 통합 할인한도, 실적 제외, 할인받은 매출의 실적 포함 여부는 공식 상품설명서로 추가 검증이 필요합니다.","2026-06-11T11:14:42.801Z"
"naver-card-10596-performance-1","naver-card-10596","400000","직전 1개월","합계","unknown","","네이버 카드 검색 원본을 기준으로 만든 임시 랭킹 데이터입니다. | 통합 할인한도, 실적 제외, 할인받은 매출의 실적 포함 여부는 공식 상품설명서로 추가 검증이 필요합니다.","2026-06-11T11:14:42.801Z"
"naver-card-1695-performance-1","naver-card-1695","300000","직전 1개월","합계","unknown","","네이버 카드 검색 원본을 기준으로 만든 임시 랭킹 데이터입니다. | 통합 할인한도, 실적 제외, 할인받은 매출의 실적 포함 여부는 공식 상품설명서로 추가 검증이 필요합니다.","2026-06-11T11:14:42.801Z"
"naver-card-10284-performance-1","naver-card-10284","300000","직전 1개월","합계","unknown","","네이버 카드 검색 원본을 기준으로 만든 임시 랭킹 데이터입니다. | 통합 할인한도, 실적 제외, 할인받은 매출의 실적 포함 여부는 공식 상품설명서로 추가 검증이 필요합니다.","2026-06-11T11:14:42.801Z"
"naver-card-10552-performance-1","naver-card-10552","500000","직전 1개월","합계","unknown","","네이버 카드 검색 원본을 기준으로 만든 임시 랭킹 데이터입니다. | 통합 할인한도, 실적 제외, 할인받은 매출의 실적 포함 여부는 공식 상품설명서로 추가 검증이 필요합니다.","2026-06-11T11:14:42.801Z"
"naver-card-10071-performance-1","naver-card-10071","400000","직전 1개월","합계","unknown","","네이버 카드 검색 원본을 기준으로 만든 임시 랭킹 데이터입니다. | 통합 할인한도, 실적 제외, 할인받은 매출의 실적 포함 여부는 공식 상품설명서로 추가 검증이 필요합니다.","2026-06-11T11:14:42.801Z"
"naver-card-3959-performance-1","naver-card-3959","300000","직전 1개월","합계","unknown","","네이버 카드 검색 원본을 기준으로 만든 임시 랭킹 데이터입니다. | 통합 할인한도, 실적 제외, 할인받은 매출의 실적 포함 여부는 공식 상품설명서로 추가 검증이 필요합니다.","2026-06-11T11:14:42.801Z"
"naver-card-10593-performance-1","naver-card-10593","0","직전 1개월","합계","unknown","","네이버 카드 검색 원본을 기준으로 만든 임시 랭킹 데이터입니다. | 통합 할인한도, 실적 제외, 할인받은 매출의 실적 포함 여부는 공식 상품설명서로 추가 검증이 필요합니다.","2026-06-11T11:14:42.801Z"
"naver-card-10512-performance-1","naver-card-10512","500000","직전 1개월","합계","unknown","","네이버 카드 검색 원본을 기준으로 만든 임시 랭킹 데이터입니다. | 통합 할인한도, 실적 제외, 할인받은 매출의 실적 포함 여부는 공식 상품설명서로 추가 검증이 필요합니다.","2026-06-11T11:14:42.801Z"
"naver-card-10511-performance-1","naver-card-10511","400000","직전 1개월","합계","unknown","","네이버 카드 검색 원본을 기준으로 만든 임시 랭킹 데이터입니다. | 통합 할인한도, 실적 제외, 할인받은 매출의 실적 포함 여부는 공식 상품설명서로 추가 검증이 필요합니다.","2026-06-11T11:14:42.801Z"
"naver-card-10554-performance-1","naver-card-10554","0","직전 1개월","합계","unknown","","네이버 카드 검색 원본을 기준으로 만든 임시 랭킹 데이터입니다. | 통합 할인한도, 실적 제외, 할인받은 매출의 실적 포함 여부는 공식 상품설명서로 추가 검증이 필요합니다.","2026-06-11T11:14:42.801Z"
"naver-card-10454-performance-1","naver-card-10454","400000","직전 1개월","합계","unknown","","네이버 카드 검색 원본을 기준으로 만든 임시 랭킹 데이터입니다. | 통합 할인한도, 실적 제외, 할인받은 매출의 실적 포함 여부는 공식 상품설명서로 추가 검증이 필요합니다.","2026-06-11T11:14:42.801Z"
"naver-card-3856-performance-1","naver-card-3856","500000","직전 1개월","합계","unknown","","네이버 카드 검색 원본을 기준으로 만든 임시 랭킹 데이터입니다. | 통합 할인한도, 실적 제외, 할인받은 매출의 실적 포함 여부는 공식 상품설명서로 추가 검증이 필요합니다.","2026-06-11T11:14:42.801Z"
"naver-card-10536-performance-1","naver-card-10536","500000","직전 1개월","합계","unknown","","네이버 카드 검색 원본을 기준으로 만든 임시 랭킹 데이터입니다. | 통합 할인한도, 실적 제외, 할인받은 매출의 실적 포함 여부는 공식 상품설명서로 추가 검증이 필요합니다.","2026-06-11T11:14:42.801Z"
"naver-card-10106-performance-1","naver-card-10106","400000","직전 1개월","합계","unknown","","네이버 카드 검색 원본을 기준으로 만든 임시 랭킹 데이터입니다. | 통합 할인한도, 실적 제외, 할인받은 매출의 실적 포함 여부는 공식 상품설명서로 추가 검증이 필요합니다.","2026-06-11T11:14:42.801Z"
"naver-card-10391-performance-1","naver-card-10391","500000","직전 1개월","합계","unknown","","네이버 카드 검색 원본을 기준으로 만든 임시 랭킹 데이터입니다. | 통합 할인한도, 실적 제외, 할인받은 매출의 실적 포함 여부는 공식 상품설명서로 추가 검증이 필요합니다.","2026-06-11T11:14:42.801Z"
"naver-card-10600-performance-1","naver-card-10600","500000","직전 1개월","합계","unknown","","네이버 카드 검색 원본을 기준으로 만든 임시 랭킹 데이터입니다. | 통합 할인한도, 실적 제외, 할인받은 매출의 실적 포함 여부는 공식 상품설명서로 추가 검증이 필요합니다.","2026-06-11T11:14:42.801Z"
"naver-card-10267-performance-1","naver-card-10267","300000","직전 1개월","합계","unknown","","네이버 카드 검색 원본을 기준으로 만든 임시 랭킹 데이터입니다. | 통합 할인한도, 실적 제외, 할인받은 매출의 실적 포함 여부는 공식 상품설명서로 추가 검증이 필요합니다.","2026-06-11T11:14:42.801Z"
"naver-card-10376-performance-1","naver-card-10376","400000","직전 1개월","합계","unknown","","네이버 카드 검색 원본을 기준으로 만든 임시 랭킹 데이터입니다. | 통합 할인한도, 실적 제외, 할인받은 매출의 실적 포함 여부는 공식 상품설명서로 추가 검증이 필요합니다.","2026-06-11T11:14:42.801Z"
"naver-card-10344-performance-1","naver-card-10344","300000","직전 1개월","합계","unknown","","네이버 카드 검색 원본을 기준으로 만든 임시 랭킹 데이터입니다. | 통합 할인한도, 실적 제외, 할인받은 매출의 실적 포함 여부는 공식 상품설명서로 추가 검증이 필요합니다.","2026-06-11T11:14:42.801Z"
"naver-card-10553-performance-1","naver-card-10553","500000","직전 1개월","합계","unknown","","네이버 카드 검색 원본을 기준으로 만든 임시 랭킹 데이터입니다. | 통합 할인한도, 실적 제외, 할인받은 매출의 실적 포함 여부는 공식 상품설명서로 추가 검증이 필요합니다.","2026-06-11T11:14:42.801Z"
"naver-card-10492-performance-1","naver-card-10492","500000","직전 1개월","합계","unknown","","네이버 카드 검색 원본을 기준으로 만든 임시 랭킹 데이터입니다. | 통합 할인한도, 실적 제외, 할인받은 매출의 실적 포함 여부는 공식 상품설명서로 추가 검증이 필요합니다.","2026-06-11T11:14:42.801Z"
"naver-card-2226-performance-1","naver-card-2226","300000","직전 1개월","합계","unknown","","네이버 카드 검색 원본을 기준으로 만든 임시 랭킹 데이터입니다. | 통합 할인한도, 실적 제외, 할인받은 매출의 실적 포함 여부는 공식 상품설명서로 추가 검증이 필요합니다.","2026-06-11T11:14:42.801Z"
"naver-card-10107-performance-1","naver-card-10107","400000","직전 1개월","합계","unknown","","네이버 카드 검색 원본을 기준으로 만든 임시 랭킹 데이터입니다. | 통합 할인한도, 실적 제외, 할인받은 매출의 실적 포함 여부는 공식 상품설명서로 추가 검증이 필요합니다.","2026-06-11T11:14:42.801Z"
"naver-card-10348-performance-1","naver-card-10348","300000","직전 1개월","합계","unknown","","네이버 카드 검색 원본을 기준으로 만든 임시 랭킹 데이터입니다. | 통합 할인한도, 실적 제외, 할인받은 매출의 실적 포함 여부는 공식 상품설명서로 추가 검증이 필요합니다.","2026-06-11T11:14:42.801Z"
"naver-card-10504-performance-1","naver-card-10504","300000","직전 1개월","합계","unknown","","네이버 카드 검색 원본을 기준으로 만든 임시 랭킹 데이터입니다. | 통합 할인한도, 실적 제외, 할인받은 매출의 실적 포함 여부는 공식 상품설명서로 추가 검증이 필요합니다.","2026-06-11T11:14:42.801Z"
"naver-card-10039-performance-1","naver-card-10039","400000","직전 1개월","합계","unknown","","네이버 카드 검색 원본을 기준으로 만든 임시 랭킹 데이터입니다. | 통합 할인한도, 실적 제외, 할인받은 매출의 실적 포함 여부는 공식 상품설명서로 추가 검증이 필요합니다.","2026-06-11T11:14:42.801Z"
"naver-card-10338-performance-1","naver-card-10338","500000","직전 1개월","합계","unknown","","네이버 카드 검색 원본을 기준으로 만든 임시 랭킹 데이터입니다. | 통합 할인한도, 실적 제외, 할인받은 매출의 실적 포함 여부는 공식 상품설명서로 추가 검증이 필요합니다.","2026-06-11T11:14:42.801Z"
"naver-card-10403-performance-1","naver-card-10403","0","직전 1개월","합계","unknown","","네이버 카드 검색 원본을 기준으로 만든 임시 랭킹 데이터입니다. | 통합 할인한도, 실적 제외, 할인받은 매출의 실적 포함 여부는 공식 상품설명서로 추가 검증이 필요합니다.","2026-06-11T11:14:42.801Z"
"naver-card-10514-performance-1","naver-card-10514","0","직전 1개월","합계","unknown","","네이버 카드 검색 원본을 기준으로 만든 임시 랭킹 데이터입니다. | 통합 할인한도, 실적 제외, 할인받은 매출의 실적 포함 여부는 공식 상품설명서로 추가 검증이 필요합니다.","2026-06-11T11:14:42.801Z"
"naver-card-10509-performance-1","naver-card-10509","300000","직전 1개월","합계","unknown","","네이버 카드 검색 원본을 기준으로 만든 임시 랭킹 데이터입니다. | 통합 할인한도, 실적 제외, 할인받은 매출의 실적 포함 여부는 공식 상품설명서로 추가 검증이 필요합니다.","2026-06-11T11:14:42.801Z"
"naver-card-10130-performance-1","naver-card-10130","500000","직전 1개월","합계","unknown","","네이버 카드 검색 원본을 기준으로 만든 임시 랭킹 데이터입니다. | 통합 할인한도, 실적 제외, 할인받은 매출의 실적 포함 여부는 공식 상품설명서로 추가 검증이 필요합니다.","2026-06-11T11:14:42.801Z"
"naver-card-10323-performance-1","naver-card-10323","0","직전 1개월","합계","unknown","","네이버 카드 검색 원본을 기준으로 만든 임시 랭킹 데이터입니다. | 통합 할인한도, 실적 제외, 할인받은 매출의 실적 포함 여부는 공식 상품설명서로 추가 검증이 필요합니다.","2026-06-11T11:14:42.801Z"
"naver-card-10347-performance-1","naver-card-10347","0","직전 1개월","합계","unknown","","네이버 카드 검색 원본을 기준으로 만든 임시 랭킹 데이터입니다. | 통합 할인한도, 실적 제외, 할인받은 매출의 실적 포함 여부는 공식 상품설명서로 추가 검증이 필요합니다.","2026-06-11T11:14:42.801Z"
"naver-card-10601-performance-1","naver-card-10601","500000","직전 1개월","합계","unknown","","네이버 카드 검색 원본을 기준으로 만든 임시 랭킹 데이터입니다. | 통합 할인한도, 실적 제외, 할인받은 매출의 실적 포함 여부는 공식 상품설명서로 추가 검증이 필요합니다.","2026-06-11T11:14:42.801Z"
"naver-card-10134-performance-1","naver-card-10134","500000","직전 1개월","합계","unknown","","네이버 카드 검색 원본을 기준으로 만든 임시 랭킹 데이터입니다. | 통합 할인한도, 실적 제외, 할인받은 매출의 실적 포함 여부는 공식 상품설명서로 추가 검증이 필요합니다.","2026-06-11T11:14:42.801Z"
"naver-card-10357-performance-1","naver-card-10357","300000","직전 1개월","합계","unknown","","네이버 카드 검색 원본을 기준으로 만든 임시 랭킹 데이터입니다. | 통합 할인한도, 실적 제외, 할인받은 매출의 실적 포함 여부는 공식 상품설명서로 추가 검증이 필요합니다.","2026-06-11T11:14:42.801Z"
"naver-card-10317-performance-1","naver-card-10317","300000","직전 1개월","합계","unknown","","네이버 카드 검색 원본을 기준으로 만든 임시 랭킹 데이터입니다. | 통합 할인한도, 실적 제외, 할인받은 매출의 실적 포함 여부는 공식 상품설명서로 추가 검증이 필요합니다.","2026-06-11T11:14:42.801Z"
"naver-card-10354-performance-1","naver-card-10354","200000","직전 1개월","합계","unknown","","네이버 카드 검색 원본을 기준으로 만든 임시 랭킹 데이터입니다. | 통합 할인한도, 실적 제외, 할인받은 매출의 실적 포함 여부는 공식 상품설명서로 추가 검증이 필요합니다.","2026-06-11T11:14:42.801Z"
"naver-card-10337-performance-1","naver-card-10337","500000","직전 1개월","합계","unknown","","네이버 카드 검색 원본을 기준으로 만든 임시 랭킹 데이터입니다. | 통합 할인한도, 실적 제외, 할인받은 매출의 실적 포함 여부는 공식 상품설명서로 추가 검증이 필요합니다.","2026-06-11T11:14:42.801Z"
"naver-card-10169-performance-1","naver-card-10169","150000","직전 1개월","합계","unknown","","네이버 카드 검색 원본을 기준으로 만든 임시 랭킹 데이터입니다. | 통합 할인한도, 실적 제외, 할인받은 매출의 실적 포함 여부는 공식 상품설명서로 추가 검증이 필요합니다.","2026-06-11T11:14:42.801Z"
"naver-card-10340-performance-1","naver-card-10340","500000","직전 1개월","합계","unknown","","네이버 카드 검색 원본을 기준으로 만든 임시 랭킹 데이터입니다. | 통합 할인한도, 실적 제외, 할인받은 매출의 실적 포함 여부는 공식 상품설명서로 추가 검증이 필요합니다.","2026-06-11T11:14:42.801Z"
"naver-card-10485-performance-1","naver-card-10485","400000","직전 1개월","합계","unknown","","네이버 카드 검색 원본을 기준으로 만든 임시 랭킹 데이터입니다. | 통합 할인한도, 실적 제외, 할인받은 매출의 실적 포함 여부는 공식 상품설명서로 추가 검증이 필요합니다.","2026-06-11T11:14:42.801Z"
"naver-card-10334-performance-1","naver-card-10334","500000","직전 1개월","합계","unknown","","네이버 카드 검색 원본을 기준으로 만든 임시 랭킹 데이터입니다. | 통합 할인한도, 실적 제외, 할인받은 매출의 실적 포함 여부는 공식 상품설명서로 추가 검증이 필요합니다.","2026-06-11T11:14:42.801Z"
"naver-card-10502-performance-1","naver-card-10502","300000","직전 1개월","합계","unknown","","네이버 카드 검색 원본을 기준으로 만든 임시 랭킹 데이터입니다. | 통합 할인한도, 실적 제외, 할인받은 매출의 실적 포함 여부는 공식 상품설명서로 추가 검증이 필요합니다.","2026-06-11T11:14:42.801Z"
"naver-card-10534-performance-1","naver-card-10534","0","직전 1개월","합계","unknown","","네이버 카드 검색 원본을 기준으로 만든 임시 랭킹 데이터입니다. | 통합 할인한도, 실적 제외, 할인받은 매출의 실적 포함 여부는 공식 상품설명서로 추가 검증이 필요합니다.","2026-06-11T11:14:42.801Z"
"naver-card-10497-performance-1","naver-card-10497","0","직전 1개월","합계","unknown","","네이버 카드 검색 원본을 기준으로 만든 임시 랭킹 데이터입니다. | 통합 할인한도, 실적 제외, 할인받은 매출의 실적 포함 여부는 공식 상품설명서로 추가 검증이 필요합니다.","2026-06-11T11:14:42.801Z"
"naver-card-10580-performance-1","naver-card-10580","500000","직전 1개월","합계","unknown","","네이버 카드 검색 원본을 기준으로 만든 임시 랭킹 데이터입니다. | 통합 할인한도, 실적 제외, 할인받은 매출의 실적 포함 여부는 공식 상품설명서로 추가 검증이 필요합니다.","2026-06-11T11:14:42.801Z"
"naver-card-10398-performance-1","naver-card-10398","0","직전 1개월","합계","unknown","","네이버 카드 검색 원본을 기준으로 만든 임시 랭킹 데이터입니다. | 통합 할인한도, 실적 제외, 할인받은 매출의 실적 포함 여부는 공식 상품설명서로 추가 검증이 필요합니다.","2026-06-11T11:14:42.801Z"
"naver-card-10428-performance-1","naver-card-10428","300000","직전 1개월","합계","unknown","","네이버 카드 검색 원본을 기준으로 만든 임시 랭킹 데이터입니다. | 통합 할인한도, 실적 제외, 할인받은 매출의 실적 포함 여부는 공식 상품설명서로 추가 검증이 필요합니다.","2026-06-11T11:14:42.801Z"
"naver-card-10447-performance-1","naver-card-10447","400000","직전 1개월","합계","unknown","","네이버 카드 검색 원본을 기준으로 만든 임시 랭킹 데이터입니다. | 통합 할인한도, 실적 제외, 할인받은 매출의 실적 포함 여부는 공식 상품설명서로 추가 검증이 필요합니다.","2026-06-11T11:14:42.801Z"
"naver-card-10540-performance-1","naver-card-10540","300000","직전 1개월","합계","unknown","","네이버 카드 검색 원본을 기준으로 만든 임시 랭킹 데이터입니다. | 통합 할인한도, 실적 제외, 할인받은 매출의 실적 포함 여부는 공식 상품설명서로 추가 검증이 필요합니다.","2026-06-11T11:14:42.801Z"
"naver-card-10321-performance-1","naver-card-10321","300000","직전 1개월","합계","unknown","","네이버 카드 검색 원본을 기준으로 만든 임시 랭킹 데이터입니다. | 통합 할인한도, 실적 제외, 할인받은 매출의 실적 포함 여부는 공식 상품설명서로 추가 검증이 필요합니다.","2026-06-11T11:14:42.801Z"
"naver-card-10538-performance-1","naver-card-10538","130000","직전 1개월","합계","unknown","","네이버 카드 검색 원본을 기준으로 만든 임시 랭킹 데이터입니다. | 통합 할인한도, 실적 제외, 할인받은 매출의 실적 포함 여부는 공식 상품설명서로 추가 검증이 필요합니다.","2026-06-11T11:14:42.801Z"
"naver-card-1360-performance-1","naver-card-1360","200000","직전 1개월","합계","unknown","","네이버 카드 검색 원본을 기준으로 만든 임시 랭킹 데이터입니다. | 통합 할인한도, 실적 제외, 할인받은 매출의 실적 포함 여부는 공식 상품설명서로 추가 검증이 필요합니다.","2026-06-11T11:14:42.801Z"
"naver-card-10424-performance-1","naver-card-10424","0","직전 1개월","합계","unknown","","네이버 카드 검색 원본을 기준으로 만든 임시 랭킹 데이터입니다. | 통합 할인한도, 실적 제외, 할인받은 매출의 실적 포함 여부는 공식 상품설명서로 추가 검증이 필요합니다.","2026-06-11T11:14:42.801Z"
"naver-card-10353-performance-1","naver-card-10353","150000","직전 1개월","합계","unknown","","네이버 카드 검색 원본을 기준으로 만든 임시 랭킹 데이터입니다. | 통합 할인한도, 실적 제외, 할인받은 매출의 실적 포함 여부는 공식 상품설명서로 추가 검증이 필요합니다.","2026-06-11T11:14:42.801Z"
"naver-card-10335-performance-1","naver-card-10335","500000","직전 1개월","합계","unknown","","네이버 카드 검색 원본을 기준으로 만든 임시 랭킹 데이터입니다. | 통합 할인한도, 실적 제외, 할인받은 매출의 실적 포함 여부는 공식 상품설명서로 추가 검증이 필요합니다.","2026-06-11T11:14:42.801Z"
"naver-card-10531-performance-1","naver-card-10531","400000","직전 1개월","합계","unknown","","네이버 카드 검색 원본을 기준으로 만든 임시 랭킹 데이터입니다. | 통합 할인한도, 실적 제외, 할인받은 매출의 실적 포함 여부는 공식 상품설명서로 추가 검증이 필요합니다.","2026-06-11T11:14:42.801Z"
"naver-card-10533-performance-1","naver-card-10533","500000","직전 1개월","합계","unknown","","네이버 카드 검색 원본을 기준으로 만든 임시 랭킹 데이터입니다. | 통합 할인한도, 실적 제외, 할인받은 매출의 실적 포함 여부는 공식 상품설명서로 추가 검증이 필요합니다.","2026-06-11T11:14:42.801Z"
"naver-card-10503-performance-1","naver-card-10503","300000","직전 1개월","합계","unknown","","네이버 카드 검색 원본을 기준으로 만든 임시 랭킹 데이터입니다. | 통합 할인한도, 실적 제외, 할인받은 매출의 실적 포함 여부는 공식 상품설명서로 추가 검증이 필요합니다.","2026-06-11T11:14:42.801Z"
"naver-card-10532-performance-1","naver-card-10532","400000","직전 1개월","합계","unknown","","네이버 카드 검색 원본을 기준으로 만든 임시 랭킹 데이터입니다. | 통합 할인한도, 실적 제외, 할인받은 매출의 실적 포함 여부는 공식 상품설명서로 추가 검증이 필요합니다.","2026-06-11T11:14:42.801Z"
"naver-card-10440-performance-1","naver-card-10440","300000","직전 1개월","합계","unknown","","네이버 카드 검색 원본을 기준으로 만든 임시 랭킹 데이터입니다. | 통합 할인한도, 실적 제외, 할인받은 매출의 실적 포함 여부는 공식 상품설명서로 추가 검증이 필요합니다.","2026-06-11T11:14:42.801Z"
"naver-card-10266-performance-1","naver-card-10266","500000","직전 1개월","합계","unknown","","네이버 카드 검색 원본을 기준으로 만든 임시 랭킹 데이터입니다. | 통합 할인한도, 실적 제외, 할인받은 매출의 실적 포함 여부는 공식 상품설명서로 추가 검증이 필요합니다.","2026-06-11T11:14:42.801Z"
"naver-card-10413-performance-1","naver-card-10413","1000000","직전 1개월","합계","unknown","","네이버 카드 검색 원본을 기준으로 만든 임시 랭킹 데이터입니다. | 통합 할인한도, 실적 제외, 할인받은 매출의 실적 포함 여부는 공식 상품설명서로 추가 검증이 필요합니다.","2026-06-11T11:14:42.801Z"
"naver-card-10490-performance-1","naver-card-10490","400000","직전 1개월","합계","unknown","","네이버 카드 검색 원본을 기준으로 만든 임시 랭킹 데이터입니다. | 통합 할인한도, 실적 제외, 할인받은 매출의 실적 포함 여부는 공식 상품설명서로 추가 검증이 필요합니다.","2026-06-11T11:14:42.801Z"
"naver-card-1573-performance-1","naver-card-1573","300000","직전 1개월","합계","unknown","","네이버 카드 검색 원본을 기준으로 만든 임시 랭킹 데이터입니다. | 통합 할인한도, 실적 제외, 할인받은 매출의 실적 포함 여부는 공식 상품설명서로 추가 검증이 필요합니다.","2026-06-11T11:14:42.801Z"
"naver-card-10291-performance-1","naver-card-10291","400000","직전 1개월","합계","unknown","","네이버 카드 검색 원본을 기준으로 만든 임시 랭킹 데이터입니다. | 통합 할인한도, 실적 제외, 할인받은 매출의 실적 포함 여부는 공식 상품설명서로 추가 검증이 필요합니다.","2026-06-11T11:14:42.801Z"
"naver-card-10444-performance-1","naver-card-10444","400000","직전 1개월","합계","unknown","","네이버 카드 검색 원본을 기준으로 만든 임시 랭킹 데이터입니다. | 통합 할인한도, 실적 제외, 할인받은 매출의 실적 포함 여부는 공식 상품설명서로 추가 검증이 필요합니다.","2026-06-11T11:14:42.801Z"
"naver-card-1715-performance-1","naver-card-1715","500000","직전 1개월","합계","unknown","","네이버 카드 검색 원본을 기준으로 만든 임시 랭킹 데이터입니다. | 통합 할인한도, 실적 제외, 할인받은 매출의 실적 포함 여부는 공식 상품설명서로 추가 검증이 필요합니다.","2026-06-11T11:14:42.801Z"
"naver-card-1889-performance-1","naver-card-1889","300000","직전 1개월","합계","unknown","","네이버 카드 검색 원본을 기준으로 만든 임시 랭킹 데이터입니다. | 통합 할인한도, 실적 제외, 할인받은 매출의 실적 포함 여부는 공식 상품설명서로 추가 검증이 필요합니다.","2026-06-11T11:14:42.801Z"
"naver-card-1340-performance-1","naver-card-1340","300000","직전 1개월","합계","unknown","","네이버 카드 검색 원본을 기준으로 만든 임시 랭킹 데이터입니다. | 통합 할인한도, 실적 제외, 할인받은 매출의 실적 포함 여부는 공식 상품설명서로 추가 검증이 필요합니다.","2026-06-11T11:14:42.801Z"
"naver-card-10389-performance-1","naver-card-10389","500000","직전 1개월","합계","unknown","","네이버 카드 검색 원본을 기준으로 만든 임시 랭킹 데이터입니다. | 통합 할인한도, 실적 제외, 할인받은 매출의 실적 포함 여부는 공식 상품설명서로 추가 검증이 필요합니다.","2026-06-11T11:14:42.801Z"
"naver-card-10232-performance-1","naver-card-10232","0","직전 1개월","합계","unknown","","네이버 카드 검색 원본을 기준으로 만든 임시 랭킹 데이터입니다. | 통합 할인한도, 실적 제외, 할인받은 매출의 실적 포함 여부는 공식 상품설명서로 추가 검증이 필요합니다.","2026-06-11T11:14:42.801Z"
"naver-card-10591-performance-1","naver-card-10591","0","직전 1개월","합계","unknown","","네이버 카드 검색 원본을 기준으로 만든 임시 랭킹 데이터입니다. | 통합 할인한도, 실적 제외, 할인받은 매출의 실적 포함 여부는 공식 상품설명서로 추가 검증이 필요합니다.","2026-06-11T11:14:42.801Z"
"naver-card-2345-performance-1","naver-card-2345","300000","직전 1개월","합계","unknown","","네이버 카드 검색 원본을 기준으로 만든 임시 랭킹 데이터입니다. | 통합 할인한도, 실적 제외, 할인받은 매출의 실적 포함 여부는 공식 상품설명서로 추가 검증이 필요합니다.","2026-06-11T11:14:42.801Z"
"naver-card-1337-performance-1","naver-card-1337","300000","직전 1개월","합계","unknown","","네이버 카드 검색 원본을 기준으로 만든 임시 랭킹 데이터입니다. | 통합 할인한도, 실적 제외, 할인받은 매출의 실적 포함 여부는 공식 상품설명서로 추가 검증이 필요합니다.","2026-06-11T11:14:42.801Z"
"naver-card-10194-performance-1","naver-card-10194","200000","직전 1개월","합계","unknown","","네이버 카드 검색 원본을 기준으로 만든 임시 랭킹 데이터입니다. | 통합 할인한도, 실적 제외, 할인받은 매출의 실적 포함 여부는 공식 상품설명서로 추가 검증이 필요합니다.","2026-06-11T11:14:42.801Z"
"naver-card-2348-performance-1","naver-card-2348","300000","직전 1개월","합계","unknown","","네이버 카드 검색 원본을 기준으로 만든 임시 랭킹 데이터입니다. | 통합 할인한도, 실적 제외, 할인받은 매출의 실적 포함 여부는 공식 상품설명서로 추가 검증이 필요합니다.","2026-06-11T11:14:42.801Z"
"naver-card-10265-performance-1","naver-card-10265","500000","직전 1개월","합계","unknown","","네이버 카드 검색 원본을 기준으로 만든 임시 랭킹 데이터입니다. | 통합 할인한도, 실적 제외, 할인받은 매출의 실적 포함 여부는 공식 상품설명서로 추가 검증이 필요합니다.","2026-06-11T11:14:42.801Z"
"naver-card-10594-performance-1","naver-card-10594","500000","직전 1개월","합계","unknown","","네이버 카드 검색 원본을 기준으로 만든 임시 랭킹 데이터입니다. | 통합 할인한도, 실적 제외, 할인받은 매출의 실적 포함 여부는 공식 상품설명서로 추가 검증이 필요합니다.","2026-06-11T11:14:42.801Z"
"naver-card-10614-performance-1","naver-card-10614","300000","직전 1개월","합계","unknown","","네이버 카드 검색 원본을 기준으로 만든 임시 랭킹 데이터입니다. | 통합 할인한도, 실적 제외, 할인받은 매출의 실적 포함 여부는 공식 상품설명서로 추가 검증이 필요합니다.","2026-06-11T11:14:42.801Z"
"naver-card-10557-performance-1","naver-card-10557","400000","직전 1개월","합계","unknown","","네이버 카드 검색 원본을 기준으로 만든 임시 랭킹 데이터입니다. | 통합 할인한도, 실적 제외, 할인받은 매출의 실적 포함 여부는 공식 상품설명서로 추가 검증이 필요합니다.","2026-06-11T11:14:42.801Z"
"naver-card-10524-performance-1","naver-card-10524","300000","직전 1개월","합계","unknown","","네이버 카드 검색 원본을 기준으로 만든 임시 랭킹 데이터입니다. | 통합 할인한도, 실적 제외, 할인받은 매출의 실적 포함 여부는 공식 상품설명서로 추가 검증이 필요합니다.","2026-06-11T11:14:42.801Z"
"naver-card-10316-performance-1","naver-card-10316","500000","직전 1개월","합계","unknown","","네이버 카드 검색 원본을 기준으로 만든 임시 랭킹 데이터입니다. | 통합 할인한도, 실적 제외, 할인받은 매출의 실적 포함 여부는 공식 상품설명서로 추가 검증이 필요합니다.","2026-06-11T11:14:42.801Z"
"naver-card-10639-performance-1","naver-card-10639","700000","직전 1개월","합계","unknown","","네이버 카드 검색 원본을 기준으로 만든 임시 랭킹 데이터입니다. | 통합 할인한도, 실적 제외, 할인받은 매출의 실적 포함 여부는 공식 상품설명서로 추가 검증이 필요합니다.","2026-06-11T11:14:42.801Z"
"naver-card-10501-performance-1","naver-card-10501","500000","직전 1개월","합계","unknown","","네이버 카드 검색 원본을 기준으로 만든 임시 랭킹 데이터입니다. | 통합 할인한도, 실적 제외, 할인받은 매출의 실적 포함 여부는 공식 상품설명서로 추가 검증이 필요합니다.","2026-06-11T11:14:42.801Z"
"naver-card-10613-performance-1","naver-card-10613","300000","직전 1개월","합계","unknown","","네이버 카드 검색 원본을 기준으로 만든 임시 랭킹 데이터입니다. | 통합 할인한도, 실적 제외, 할인받은 매출의 실적 포함 여부는 공식 상품설명서로 추가 검증이 필요합니다.","2026-06-11T11:14:42.801Z"
"naver-card-10299-performance-1","naver-card-10299","300000","직전 1개월","합계","unknown","","네이버 카드 검색 원본을 기준으로 만든 임시 랭킹 데이터입니다. | 통합 할인한도, 실적 제외, 할인받은 매출의 실적 포함 여부는 공식 상품설명서로 추가 검증이 필요합니다.","2026-06-11T11:14:42.801Z"
"naver-card-10597-performance-1","naver-card-10597","0","직전 1개월","합계","unknown","","네이버 카드 검색 원본을 기준으로 만든 임시 랭킹 데이터입니다. | 통합 할인한도, 실적 제외, 할인받은 매출의 실적 포함 여부는 공식 상품설명서로 추가 검증이 필요합니다.","2026-06-11T11:14:42.801Z"
"naver-card-10486-performance-1","naver-card-10486","0","직전 1개월","합계","unknown","","네이버 카드 검색 원본을 기준으로 만든 임시 랭킹 데이터입니다. | 통합 할인한도, 실적 제외, 할인받은 매출의 실적 포함 여부는 공식 상품설명서로 추가 검증이 필요합니다.","2026-06-11T11:14:42.801Z"
"naver-card-1312-performance-1","naver-card-1312","0","직전 1개월","합계","unknown","","네이버 카드 검색 원본을 기준으로 만든 임시 랭킹 데이터입니다. | 통합 할인한도, 실적 제외, 할인받은 매출의 실적 포함 여부는 공식 상품설명서로 추가 검증이 필요합니다.","2026-06-11T11:14:42.801Z"
"naver-card-10610-performance-1","naver-card-10610","300000","직전 1개월","합계","unknown","","네이버 카드 검색 원본을 기준으로 만든 임시 랭킹 데이터입니다. | 통합 할인한도, 실적 제외, 할인받은 매출의 실적 포함 여부는 공식 상품설명서로 추가 검증이 필요합니다.","2026-06-11T11:14:42.801Z"
"naver-card-10516-performance-1","naver-card-10516","300000","직전 1개월","합계","unknown","","네이버 카드 검색 원본을 기준으로 만든 임시 랭킹 데이터입니다. | 통합 할인한도, 실적 제외, 할인받은 매출의 실적 포함 여부는 공식 상품설명서로 추가 검증이 필요합니다.","2026-06-11T11:14:42.801Z"
"naver-card-10035-performance-1","naver-card-10035","300000","직전 1개월","합계","unknown","","네이버 카드 검색 원본을 기준으로 만든 임시 랭킹 데이터입니다. | 통합 할인한도, 실적 제외, 할인받은 매출의 실적 포함 여부는 공식 상품설명서로 추가 검증이 필요합니다.","2026-06-11T11:14:42.801Z"
"naver-card-10320-performance-1","naver-card-10320","500000","직전 1개월","합계","unknown","","네이버 카드 검색 원본을 기준으로 만든 임시 랭킹 데이터입니다. | 통합 할인한도, 실적 제외, 할인받은 매출의 실적 포함 여부는 공식 상품설명서로 추가 검증이 필요합니다.","2026-06-11T11:14:42.801Z"
"naver-card-10558-performance-1","naver-card-10558","400000","직전 1개월","합계","unknown","","네이버 카드 검색 원본을 기준으로 만든 임시 랭킹 데이터입니다. | 통합 할인한도, 실적 제외, 할인받은 매출의 실적 포함 여부는 공식 상품설명서로 추가 검증이 필요합니다.","2026-06-11T11:14:42.801Z"
"naver-card-10530-performance-1","naver-card-10530","400000","직전 1개월","합계","unknown","","네이버 카드 검색 원본을 기준으로 만든 임시 랭킹 데이터입니다. | 통합 할인한도, 실적 제외, 할인받은 매출의 실적 포함 여부는 공식 상품설명서로 추가 검증이 필요합니다.","2026-06-11T11:14:42.801Z"
"naver-card-10359-performance-1","naver-card-10359","1000000","직전 1개월","합계","unknown","","네이버 카드 검색 원본을 기준으로 만든 임시 랭킹 데이터입니다. | 통합 할인한도, 실적 제외, 할인받은 매출의 실적 포함 여부는 공식 상품설명서로 추가 검증이 필요합니다.","2026-06-11T11:14:42.801Z"
"naver-card-10395-performance-1","naver-card-10395","0","직전 1개월","합계","unknown","","네이버 카드 검색 원본을 기준으로 만든 임시 랭킹 데이터입니다. | 통합 할인한도, 실적 제외, 할인받은 매출의 실적 포함 여부는 공식 상품설명서로 추가 검증이 필요합니다.","2026-06-11T11:14:42.801Z"
"naver-card-710-performance-1","naver-card-710","200000","직전 1개월","합계","unknown","","네이버 카드 검색 원본을 기준으로 만든 임시 랭킹 데이터입니다. | 통합 할인한도, 실적 제외, 할인받은 매출의 실적 포함 여부는 공식 상품설명서로 추가 검증이 필요합니다.","2026-06-11T11:14:42.801Z"
"naver-card-10414-performance-1","naver-card-10414","500000","직전 1개월","합계","unknown","","네이버 카드 검색 원본을 기준으로 만든 임시 랭킹 데이터입니다. | 통합 할인한도, 실적 제외, 할인받은 매출의 실적 포함 여부는 공식 상품설명서로 추가 검증이 필요합니다.","2026-06-11T11:14:42.801Z"
"naver-card-2332-performance-1","naver-card-2332","400000","직전 1개월","합계","unknown","","네이버 카드 검색 원본을 기준으로 만든 임시 랭킹 데이터입니다. | 통합 할인한도, 실적 제외, 할인받은 매출의 실적 포함 여부는 공식 상품설명서로 추가 검증이 필요합니다.","2026-06-11T11:14:42.801Z"
"naver-card-10642-performance-1","naver-card-10642","300000","직전 1개월","합계","unknown","","네이버 카드 검색 원본을 기준으로 만든 임시 랭킹 데이터입니다. | 통합 할인한도, 실적 제외, 할인받은 매출의 실적 포함 여부는 공식 상품설명서로 추가 검증이 필요합니다.","2026-06-11T11:14:42.801Z"
"naver-card-10515-performance-1","naver-card-10515","0","직전 1개월","합계","unknown","","네이버 카드 검색 원본을 기준으로 만든 임시 랭킹 데이터입니다. | 통합 할인한도, 실적 제외, 할인받은 매출의 실적 포함 여부는 공식 상품설명서로 추가 검증이 필요합니다.","2026-06-11T11:14:42.801Z"
"naver-card-10544-performance-1","naver-card-10544","500000","직전 1개월","합계","unknown","","네이버 카드 검색 원본을 기준으로 만든 임시 랭킹 데이터입니다. | 통합 할인한도, 실적 제외, 할인받은 매출의 실적 포함 여부는 공식 상품설명서로 추가 검증이 필요합니다.","2026-06-11T11:14:42.801Z"
"naver-card-10585-performance-1","naver-card-10585","360000","직전 1개월","합계","unknown","","네이버 카드 검색 원본을 기준으로 만든 임시 랭킹 데이터입니다. | 통합 할인한도, 실적 제외, 할인받은 매출의 실적 포함 여부는 공식 상품설명서로 추가 검증이 필요합니다.","2026-06-11T11:14:42.801Z"
"naver-card-10566-performance-1","naver-card-10566","400000","직전 1개월","합계","unknown","","네이버 카드 검색 원본을 기준으로 만든 임시 랭킹 데이터입니다. | 통합 할인한도, 실적 제외, 할인받은 매출의 실적 포함 여부는 공식 상품설명서로 추가 검증이 필요합니다.","2026-06-11T11:14:42.801Z"
"naver-card-10411-performance-1","naver-card-10411","1000000","직전 1개월","합계","unknown","","네이버 카드 검색 원본을 기준으로 만든 임시 랭킹 데이터입니다. | 통합 할인한도, 실적 제외, 할인받은 매출의 실적 포함 여부는 공식 상품설명서로 추가 검증이 필요합니다.","2026-06-11T11:14:42.801Z"
"naver-card-2612-performance-1","naver-card-2612","240000","직전 1개월","합계","unknown","","네이버 카드 검색 원본을 기준으로 만든 임시 랭킹 데이터입니다. | 통합 할인한도, 실적 제외, 할인받은 매출의 실적 포함 여부는 공식 상품설명서로 추가 검증이 필요합니다.","2026-06-11T11:14:42.801Z"
"naver-card-99-performance-1","naver-card-99","300000","직전 1개월","합계","unknown","","네이버 카드 검색 원본을 기준으로 만든 임시 랭킹 데이터입니다. | 통합 할인한도, 실적 제외, 할인받은 매출의 실적 포함 여부는 공식 상품설명서로 추가 검증이 필요합니다.","2026-06-11T11:14:42.801Z"
"naver-card-10412-performance-1","naver-card-10412","500000","직전 1개월","합계","unknown","","네이버 카드 검색 원본을 기준으로 만든 임시 랭킹 데이터입니다. | 통합 할인한도, 실적 제외, 할인받은 매출의 실적 포함 여부는 공식 상품설명서로 추가 검증이 필요합니다.","2026-06-11T11:14:42.801Z"
"naver-card-10529-performance-1","naver-card-10529","400000","직전 1개월","합계","unknown","","네이버 카드 검색 원본을 기준으로 만든 임시 랭킹 데이터입니다. | 통합 할인한도, 실적 제외, 할인받은 매출의 실적 포함 여부는 공식 상품설명서로 추가 검증이 필요합니다.","2026-06-11T11:14:42.801Z"
"naver-card-10339-performance-1","naver-card-10339","500000","직전 1개월","합계","unknown","","네이버 카드 검색 원본을 기준으로 만든 임시 랭킹 데이터입니다. | 통합 할인한도, 실적 제외, 할인받은 매출의 실적 포함 여부는 공식 상품설명서로 추가 검증이 필요합니다.","2026-06-11T11:14:42.801Z"
"naver-card-10478-performance-1","naver-card-10478","400000","직전 1개월","합계","unknown","","네이버 카드 검색 원본을 기준으로 만든 임시 랭킹 데이터입니다. | 통합 할인한도, 실적 제외, 할인받은 매출의 실적 포함 여부는 공식 상품설명서로 추가 검증이 필요합니다.","2026-06-11T11:14:42.801Z"
"naver-card-10302-performance-1","naver-card-10302","300000","직전 1개월","합계","unknown","","네이버 카드 검색 원본을 기준으로 만든 임시 랭킹 데이터입니다. | 통합 할인한도, 실적 제외, 할인받은 매출의 실적 포함 여부는 공식 상품설명서로 추가 검증이 필요합니다.","2026-06-11T11:14:42.801Z"
"naver-card-3717-performance-1","naver-card-3717","500000","직전 1개월","합계","unknown","","네이버 카드 검색 원본을 기준으로 만든 임시 랭킹 데이터입니다. | 통합 할인한도, 실적 제외, 할인받은 매출의 실적 포함 여부는 공식 상품설명서로 추가 검증이 필요합니다.","2026-06-11T11:14:42.801Z"
"naver-card-1692-performance-1","naver-card-1692","300000","직전 1개월","합계","unknown","","네이버 카드 검색 원본을 기준으로 만든 임시 랭킹 데이터입니다. | 통합 할인한도, 실적 제외, 할인받은 매출의 실적 포함 여부는 공식 상품설명서로 추가 검증이 필요합니다.","2026-06-11T11:14:42.801Z"
"naver-card-3638-performance-1","naver-card-3638","300000","직전 1개월","합계","unknown","","네이버 카드 검색 원본을 기준으로 만든 임시 랭킹 데이터입니다. | 통합 할인한도, 실적 제외, 할인받은 매출의 실적 포함 여부는 공식 상품설명서로 추가 검증이 필요합니다.","2026-06-11T11:14:42.801Z"
"naver-card-10499-performance-1","naver-card-10499","500000","직전 1개월","합계","unknown","","네이버 카드 검색 원본을 기준으로 만든 임시 랭킹 데이터입니다. | 통합 할인한도, 실적 제외, 할인받은 매출의 실적 포함 여부는 공식 상품설명서로 추가 검증이 필요합니다.","2026-06-11T11:14:42.801Z"
"naver-card-2856-performance-1","naver-card-2856","500000","직전 1개월","합계","unknown","","네이버 카드 검색 원본을 기준으로 만든 임시 랭킹 데이터입니다. | 통합 할인한도, 실적 제외, 할인받은 매출의 실적 포함 여부는 공식 상품설명서로 추가 검증이 필요합니다.","2026-06-11T11:14:42.801Z"
"naver-card-2857-performance-1","naver-card-2857","500000","직전 1개월","합계","unknown","","네이버 카드 검색 원본을 기준으로 만든 임시 랭킹 데이터입니다. | 통합 할인한도, 실적 제외, 할인받은 매출의 실적 포함 여부는 공식 상품설명서로 추가 검증이 필요합니다.","2026-06-11T11:14:42.801Z"
"naver-card-1451-performance-1","naver-card-1451","300000","직전 1개월","합계","unknown","","네이버 카드 검색 원본을 기준으로 만든 임시 랭킹 데이터입니다. | 통합 할인한도, 실적 제외, 할인받은 매출의 실적 포함 여부는 공식 상품설명서로 추가 검증이 필요합니다.","2026-06-11T11:14:42.801Z"
"naver-card-10336-performance-1","naver-card-10336","500000","직전 1개월","합계","unknown","","네이버 카드 검색 원본을 기준으로 만든 임시 랭킹 데이터입니다. | 통합 할인한도, 실적 제외, 할인받은 매출의 실적 포함 여부는 공식 상품설명서로 추가 검증이 필요합니다.","2026-06-11T11:14:42.801Z"
"naver-card-10498-performance-1","naver-card-10498","500000","직전 1개월","합계","unknown","","네이버 카드 검색 원본을 기준으로 만든 임시 랭킹 데이터입니다. | 통합 할인한도, 실적 제외, 할인받은 매출의 실적 포함 여부는 공식 상품설명서로 추가 검증이 필요합니다.","2026-06-11T11:14:42.801Z"
"naver-card-10058-performance-1","naver-card-10058","0","직전 1개월","합계","unknown","","네이버 카드 검색 원본을 기준으로 만든 임시 랭킹 데이터입니다. | 통합 할인한도, 실적 제외, 할인받은 매출의 실적 포함 여부는 공식 상품설명서로 추가 검증이 필요합니다.","2026-06-11T11:14:42.801Z"
"naver-card-10453-performance-1","naver-card-10453","500000","직전 1개월","합계","unknown","","네이버 카드 검색 원본을 기준으로 만든 임시 랭킹 데이터입니다. | 통합 할인한도, 실적 제외, 할인받은 매출의 실적 포함 여부는 공식 상품설명서로 추가 검증이 필요합니다.","2026-06-11T11:14:42.801Z"
"naver-card-10448-performance-1","naver-card-10448","500000","직전 1개월","합계","unknown","","네이버 카드 검색 원본을 기준으로 만든 임시 랭킹 데이터입니다. | 통합 할인한도, 실적 제외, 할인받은 매출의 실적 포함 여부는 공식 상품설명서로 추가 검증이 필요합니다.","2026-06-11T11:14:42.801Z"
"naver-card-10301-performance-1","naver-card-10301","300000","직전 1개월","합계","unknown","","네이버 카드 검색 원본을 기준으로 만든 임시 랭킹 데이터입니다. | 통합 할인한도, 실적 제외, 할인받은 매출의 실적 포함 여부는 공식 상품설명서로 추가 검증이 필요합니다.","2026-06-11T11:14:42.801Z"
"naver-card-3076-performance-1","naver-card-3076","200000","직전 1개월","합계","unknown","","네이버 카드 검색 원본을 기준으로 만든 임시 랭킹 데이터입니다. | 통합 할인한도, 실적 제외, 할인받은 매출의 실적 포함 여부는 공식 상품설명서로 추가 검증이 필요합니다.","2026-06-11T11:14:42.801Z"
"naver-card-10475-performance-1","naver-card-10475","400000","직전 1개월","합계","unknown","","네이버 카드 검색 원본을 기준으로 만든 임시 랭킹 데이터입니다. | 통합 할인한도, 실적 제외, 할인받은 매출의 실적 포함 여부는 공식 상품설명서로 추가 검증이 필요합니다.","2026-06-11T11:14:42.801Z"
"naver-card-10620-performance-1","naver-card-10620","0","직전 1개월","합계","unknown","","네이버 카드 검색 원본을 기준으로 만든 임시 랭킹 데이터입니다. | 통합 할인한도, 실적 제외, 할인받은 매출의 실적 포함 여부는 공식 상품설명서로 추가 검증이 필요합니다.","2026-06-11T11:14:42.801Z"
"naver-card-10422-performance-1","naver-card-10422","110000","직전 1개월","합계","unknown","","네이버 카드 검색 원본을 기준으로 만든 임시 랭킹 데이터입니다. | 통합 할인한도, 실적 제외, 할인받은 매출의 실적 포함 여부는 공식 상품설명서로 추가 검증이 필요합니다.","2026-06-11T11:14:42.801Z"
"naver-card-10459-performance-1","naver-card-10459","500000","직전 1개월","합계","unknown","","네이버 카드 검색 원본을 기준으로 만든 임시 랭킹 데이터입니다. | 통합 할인한도, 실적 제외, 할인받은 매출의 실적 포함 여부는 공식 상품설명서로 추가 검증이 필요합니다.","2026-06-11T11:14:42.801Z"
"naver-card-10460-performance-1","naver-card-10460","500000","직전 1개월","합계","unknown","","네이버 카드 검색 원본을 기준으로 만든 임시 랭킹 데이터입니다. | 통합 할인한도, 실적 제외, 할인받은 매출의 실적 포함 여부는 공식 상품설명서로 추가 검증이 필요합니다.","2026-06-11T11:14:42.801Z"
"naver-card-10466-performance-1","naver-card-10466","500000","직전 1개월","합계","unknown","","네이버 카드 검색 원본을 기준으로 만든 임시 랭킹 데이터입니다. | 통합 할인한도, 실적 제외, 할인받은 매출의 실적 포함 여부는 공식 상품설명서로 추가 검증이 필요합니다.","2026-06-11T11:14:42.801Z"
"naver-card-10481-performance-1","naver-card-10481","400000","직전 1개월","합계","unknown","","네이버 카드 검색 원본을 기준으로 만든 임시 랭킹 데이터입니다. | 통합 할인한도, 실적 제외, 할인받은 매출의 실적 포함 여부는 공식 상품설명서로 추가 검증이 필요합니다.","2026-06-11T11:14:42.801Z"
"naver-card-10449-performance-1","naver-card-10449","500000","직전 1개월","합계","unknown","","네이버 카드 검색 원본을 기준으로 만든 임시 랭킹 데이터입니다. | 통합 할인한도, 실적 제외, 할인받은 매출의 실적 포함 여부는 공식 상품설명서로 추가 검증이 필요합니다.","2026-06-11T11:14:42.801Z"
"naver-card-10461-performance-1","naver-card-10461","500000","직전 1개월","합계","unknown","","네이버 카드 검색 원본을 기준으로 만든 임시 랭킹 데이터입니다. | 통합 할인한도, 실적 제외, 할인받은 매출의 실적 포함 여부는 공식 상품설명서로 추가 검증이 필요합니다.","2026-06-11T11:14:42.801Z"
"naver-card-10510-performance-1","naver-card-10510","400000","직전 1개월","합계","unknown","","네이버 카드 검색 원본을 기준으로 만든 임시 랭킹 데이터입니다. | 통합 할인한도, 실적 제외, 할인받은 매출의 실적 포함 여부는 공식 상품설명서로 추가 검증이 필요합니다.","2026-06-11T11:14:42.801Z"
"naver-card-835-performance-1","naver-card-835","300000","직전 1개월","합계","unknown","","네이버 카드 검색 원본을 기준으로 만든 임시 랭킹 데이터입니다. | 통합 할인한도, 실적 제외, 할인받은 매출의 실적 포함 여부는 공식 상품설명서로 추가 검증이 필요합니다.","2026-06-11T11:14:42.801Z"
"naver-card-1470-performance-1","naver-card-1470","200000","직전 1개월","합계","unknown","","네이버 카드 검색 원본을 기준으로 만든 임시 랭킹 데이터입니다. | 통합 할인한도, 실적 제외, 할인받은 매출의 실적 포함 여부는 공식 상품설명서로 추가 검증이 필요합니다.","2026-06-11T11:14:42.801Z"
"naver-card-10386-performance-1","naver-card-10386","0","직전 1개월","합계","unknown","","네이버 카드 검색 원본을 기준으로 만든 임시 랭킹 데이터입니다. | 통합 할인한도, 실적 제외, 할인받은 매출의 실적 포함 여부는 공식 상품설명서로 추가 검증이 필요합니다.","2026-06-11T11:14:42.801Z"
"naver-card-10489-performance-1","naver-card-10489","300000","직전 1개월","합계","unknown","","네이버 카드 검색 원본을 기준으로 만든 임시 랭킹 데이터입니다. | 통합 할인한도, 실적 제외, 할인받은 매출의 실적 포함 여부는 공식 상품설명서로 추가 검증이 필요합니다.","2026-06-11T11:14:42.801Z"
"naver-card-10574-performance-1","naver-card-10574","400000","직전 1개월","합계","unknown","","네이버 카드 검색 원본을 기준으로 만든 임시 랭킹 데이터입니다. | 통합 할인한도, 실적 제외, 할인받은 매출의 실적 포함 여부는 공식 상품설명서로 추가 검증이 필요합니다.","2026-06-11T11:14:42.801Z"
"naver-card-10423-performance-1","naver-card-10423","500000","직전 1개월","합계","unknown","","네이버 카드 검색 원본을 기준으로 만든 임시 랭킹 데이터입니다. | 통합 할인한도, 실적 제외, 할인받은 매출의 실적 포함 여부는 공식 상품설명서로 추가 검증이 필요합니다.","2026-06-11T11:14:42.801Z"
"naver-card-10627-performance-1","naver-card-10627","0","직전 1개월","합계","unknown","","네이버 카드 검색 원본을 기준으로 만든 임시 랭킹 데이터입니다. | 통합 할인한도, 실적 제외, 할인받은 매출의 실적 포함 여부는 공식 상품설명서로 추가 검증이 필요합니다.","2026-06-11T11:14:42.801Z"
"naver-card-10570-performance-1","naver-card-10570","500000","직전 1개월","합계","unknown","","네이버 카드 검색 원본을 기준으로 만든 임시 랭킹 데이터입니다. | 통합 할인한도, 실적 제외, 할인받은 매출의 실적 포함 여부는 공식 상품설명서로 추가 검증이 필요합니다.","2026-06-11T11:14:42.801Z"
"naver-card-10569-performance-1","naver-card-10569","0","직전 1개월","합계","unknown","","네이버 카드 검색 원본을 기준으로 만든 임시 랭킹 데이터입니다. | 통합 할인한도, 실적 제외, 할인받은 매출의 실적 포함 여부는 공식 상품설명서로 추가 검증이 필요합니다.","2026-06-11T11:14:42.801Z"
"naver-card-10059-performance-1","naver-card-10059","400000","직전 1개월","합계","unknown","","네이버 카드 검색 원본을 기준으로 만든 임시 랭킹 데이터입니다. | 통합 할인한도, 실적 제외, 할인받은 매출의 실적 포함 여부는 공식 상품설명서로 추가 검증이 필요합니다.","2026-06-11T11:14:42.801Z"
"naver-card-10619-performance-1","naver-card-10619","400000","직전 1개월","합계","unknown","","네이버 카드 검색 원본을 기준으로 만든 임시 랭킹 데이터입니다. | 통합 할인한도, 실적 제외, 할인받은 매출의 실적 포함 여부는 공식 상품설명서로 추가 검증이 필요합니다.","2026-06-11T11:14:42.801Z"
"naver-card-10371-performance-1","naver-card-10371","200000","직전 1개월","합계","unknown","","네이버 카드 검색 원본을 기준으로 만든 임시 랭킹 데이터입니다. | 통합 할인한도, 실적 제외, 할인받은 매출의 실적 포함 여부는 공식 상품설명서로 추가 검증이 필요합니다.","2026-06-11T11:14:42.801Z"
"naver-card-10628-performance-1","naver-card-10628","0","직전 1개월","합계","unknown","","네이버 카드 검색 원본을 기준으로 만든 임시 랭킹 데이터입니다. | 통합 할인한도, 실적 제외, 할인받은 매출의 실적 포함 여부는 공식 상품설명서로 추가 검증이 필요합니다.","2026-06-11T11:14:42.801Z"
"naver-card-2533-performance-1","naver-card-2533","300000","직전 1개월","합계","unknown","","네이버 카드 검색 원본을 기준으로 만든 임시 랭킹 데이터입니다. | 통합 할인한도, 실적 제외, 할인받은 매출의 실적 포함 여부는 공식 상품설명서로 추가 검증이 필요합니다.","2026-06-11T11:14:42.801Z"
"naver-card-10053-performance-1","naver-card-10053","300000","직전 1개월","합계","unknown","","네이버 카드 검색 원본을 기준으로 만든 임시 랭킹 데이터입니다. | 통합 할인한도, 실적 제외, 할인받은 매출의 실적 포함 여부는 공식 상품설명서로 추가 검증이 필요합니다.","2026-06-11T11:14:42.801Z"
"naver-card-1591-performance-1","naver-card-1591","500000","직전 1개월","합계","unknown","","네이버 카드 검색 원본을 기준으로 만든 임시 랭킹 데이터입니다. | 통합 할인한도, 실적 제외, 할인받은 매출의 실적 포함 여부는 공식 상품설명서로 추가 검증이 필요합니다.","2026-06-11T11:14:42.801Z"
"naver-card-10609-performance-1","naver-card-10609","400000","직전 1개월","합계","unknown","","네이버 카드 검색 원본을 기준으로 만든 임시 랭킹 데이터입니다. | 통합 할인한도, 실적 제외, 할인받은 매출의 실적 포함 여부는 공식 상품설명서로 추가 검증이 필요합니다.","2026-06-11T11:14:42.801Z"
"naver-card-10469-performance-1","naver-card-10469","500000","직전 1개월","합계","unknown","","네이버 카드 검색 원본을 기준으로 만든 임시 랭킹 데이터입니다. | 통합 할인한도, 실적 제외, 할인받은 매출의 실적 포함 여부는 공식 상품설명서로 추가 검증이 필요합니다.","2026-06-11T11:14:42.801Z"
"naver-card-10416-performance-1","naver-card-10416","300000","직전 1개월","합계","unknown","","네이버 카드 검색 원본을 기준으로 만든 임시 랭킹 데이터입니다. | 통합 할인한도, 실적 제외, 할인받은 매출의 실적 포함 여부는 공식 상품설명서로 추가 검증이 필요합니다.","2026-06-11T11:14:42.801Z"
"naver-card-1570-performance-1","naver-card-1570","300000","직전 1개월","합계","unknown","","네이버 카드 검색 원본을 기준으로 만든 임시 랭킹 데이터입니다. | 통합 할인한도, 실적 제외, 할인받은 매출의 실적 포함 여부는 공식 상품설명서로 추가 검증이 필요합니다.","2026-06-11T11:14:42.801Z"
"naver-card-3756-performance-1","naver-card-3756","400000","직전 1개월","합계","unknown","","네이버 카드 검색 원본을 기준으로 만든 임시 랭킹 데이터입니다. | 통합 할인한도, 실적 제외, 할인받은 매출의 실적 포함 여부는 공식 상품설명서로 추가 검증이 필요합니다.","2026-06-11T11:14:42.801Z"
"naver-card-10467-performance-1","naver-card-10467","500000","직전 1개월","합계","unknown","","네이버 카드 검색 원본을 기준으로 만든 임시 랭킹 데이터입니다. | 통합 할인한도, 실적 제외, 할인받은 매출의 실적 포함 여부는 공식 상품설명서로 추가 검증이 필요합니다.","2026-06-11T11:14:42.801Z"
"naver-card-10402-performance-1","naver-card-10402","400000","직전 1개월","합계","unknown","","네이버 카드 검색 원본을 기준으로 만든 임시 랭킹 데이터입니다. | 통합 할인한도, 실적 제외, 할인받은 매출의 실적 포함 여부는 공식 상품설명서로 추가 검증이 필요합니다.","2026-06-11T11:14:42.801Z"
"naver-card-10080-performance-1","naver-card-10080","300000","직전 1개월","합계","unknown","","네이버 카드 검색 원본을 기준으로 만든 임시 랭킹 데이터입니다. | 통합 할인한도, 실적 제외, 할인받은 매출의 실적 포함 여부는 공식 상품설명서로 추가 검증이 필요합니다.","2026-06-11T11:14:42.801Z"
"naver-card-10493-performance-1","naver-card-10493","400000","직전 1개월","합계","unknown","","네이버 카드 검색 원본을 기준으로 만든 임시 랭킹 데이터입니다. | 통합 할인한도, 실적 제외, 할인받은 매출의 실적 포함 여부는 공식 상품설명서로 추가 검증이 필요합니다.","2026-06-11T11:14:42.801Z"
"naver-card-10151-performance-1","naver-card-10151","400000","직전 1개월","합계","unknown","","네이버 카드 검색 원본을 기준으로 만든 임시 랭킹 데이터입니다. | 통합 할인한도, 실적 제외, 할인받은 매출의 실적 포함 여부는 공식 상품설명서로 추가 검증이 필요합니다.","2026-06-11T11:14:42.801Z"
"naver-card-10207-performance-1","naver-card-10207","400000","직전 1개월","합계","unknown","","네이버 카드 검색 원본을 기준으로 만든 임시 랭킹 데이터입니다. | 통합 할인한도, 실적 제외, 할인받은 매출의 실적 포함 여부는 공식 상품설명서로 추가 검증이 필요합니다.","2026-06-11T11:14:42.801Z"
"naver-card-10313-performance-1","naver-card-10313","500000","직전 1개월","합계","unknown","","네이버 카드 검색 원본을 기준으로 만든 임시 랭킹 데이터입니다. | 통합 할인한도, 실적 제외, 할인받은 매출의 실적 포함 여부는 공식 상품설명서로 추가 검증이 필요합니다.","2026-06-11T11:14:42.801Z"
"naver-card-10327-performance-1","naver-card-10327","400000","직전 1개월","합계","unknown","","네이버 카드 검색 원본을 기준으로 만든 임시 랭킹 데이터입니다. | 통합 할인한도, 실적 제외, 할인받은 매출의 실적 포함 여부는 공식 상품설명서로 추가 검증이 필요합니다.","2026-06-11T11:14:42.801Z"
"naver-card-10260-performance-1","naver-card-10260","300000","직전 1개월","합계","unknown","","네이버 카드 검색 원본을 기준으로 만든 임시 랭킹 데이터입니다. | 통합 할인한도, 실적 제외, 할인받은 매출의 실적 포함 여부는 공식 상품설명서로 추가 검증이 필요합니다.","2026-06-11T11:14:42.801Z"
"naver-card-10187-performance-1","naver-card-10187","0","직전 1개월","합계","unknown","","네이버 카드 검색 원본을 기준으로 만든 임시 랭킹 데이터입니다. | 통합 할인한도, 실적 제외, 할인받은 매출의 실적 포함 여부는 공식 상품설명서로 추가 검증이 필요합니다.","2026-06-11T11:14:42.801Z"
"naver-card-10584-performance-1","naver-card-10584","400000","직전 1개월","합계","unknown","","네이버 카드 검색 원본을 기준으로 만든 임시 랭킹 데이터입니다. | 통합 할인한도, 실적 제외, 할인받은 매출의 실적 포함 여부는 공식 상품설명서로 추가 검증이 필요합니다.","2026-06-11T11:14:42.801Z"
"naver-card-10409-performance-1","naver-card-10409","500000","직전 1개월","합계","unknown","","네이버 카드 검색 원본을 기준으로 만든 임시 랭킹 데이터입니다. | 통합 할인한도, 실적 제외, 할인받은 매출의 실적 포함 여부는 공식 상품설명서로 추가 검증이 필요합니다.","2026-06-11T11:14:42.801Z"
"naver-card-1292-performance-1","naver-card-1292","300000","직전 1개월","합계","unknown","","네이버 카드 검색 원본을 기준으로 만든 임시 랭킹 데이터입니다. | 통합 할인한도, 실적 제외, 할인받은 매출의 실적 포함 여부는 공식 상품설명서로 추가 검증이 필요합니다.","2026-06-11T11:14:42.801Z"
"naver-card-10201-performance-1","naver-card-10201","300000","직전 1개월","합계","unknown","","네이버 카드 검색 원본을 기준으로 만든 임시 랭킹 데이터입니다. | 통합 할인한도, 실적 제외, 할인받은 매출의 실적 포함 여부는 공식 상품설명서로 추가 검증이 필요합니다.","2026-06-11T11:14:42.801Z"
"naver-card-10617-performance-1","naver-card-10617","0","직전 1개월","합계","unknown","","네이버 카드 검색 원본을 기준으로 만든 임시 랭킹 데이터입니다. | 통합 할인한도, 실적 제외, 할인받은 매출의 실적 포함 여부는 공식 상품설명서로 추가 검증이 필요합니다.","2026-06-11T11:14:42.801Z"
"naver-card-10410-performance-1","naver-card-10410","400000","직전 1개월","합계","unknown","","네이버 카드 검색 원본을 기준으로 만든 임시 랭킹 데이터입니다. | 통합 할인한도, 실적 제외, 할인받은 매출의 실적 포함 여부는 공식 상품설명서로 추가 검증이 필요합니다.","2026-06-11T11:14:42.801Z"
"naver-card-10396-performance-1","naver-card-10396","500000","직전 1개월","합계","unknown","","네이버 카드 검색 원본을 기준으로 만든 임시 랭킹 데이터입니다. | 통합 할인한도, 실적 제외, 할인받은 매출의 실적 포함 여부는 공식 상품설명서로 추가 검증이 필요합니다.","2026-06-11T11:14:42.801Z"
"naver-card-10506-performance-1","naver-card-10506","300000","직전 1개월","합계","unknown","","네이버 카드 검색 원본을 기준으로 만든 임시 랭킹 데이터입니다. | 통합 할인한도, 실적 제외, 할인받은 매출의 실적 포함 여부는 공식 상품설명서로 추가 검증이 필요합니다.","2026-06-11T11:14:42.801Z"
"naver-card-10535-performance-1","naver-card-10535","500000","직전 1개월","합계","unknown","","네이버 카드 검색 원본을 기준으로 만든 임시 랭킹 데이터입니다. | 통합 할인한도, 실적 제외, 할인받은 매출의 실적 포함 여부는 공식 상품설명서로 추가 검증이 필요합니다.","2026-06-11T11:14:42.801Z"
"naver-card-10346-performance-1","naver-card-10346","0","직전 1개월","합계","unknown","","네이버 카드 검색 원본을 기준으로 만든 임시 랭킹 데이터입니다. | 통합 할인한도, 실적 제외, 할인받은 매출의 실적 포함 여부는 공식 상품설명서로 추가 검증이 필요합니다.","2026-06-11T11:14:42.801Z"
"naver-card-10378-performance-1","naver-card-10378","500000","직전 1개월","합계","unknown","","네이버 카드 검색 원본을 기준으로 만든 임시 랭킹 데이터입니다. | 통합 할인한도, 실적 제외, 할인받은 매출의 실적 포함 여부는 공식 상품설명서로 추가 검증이 필요합니다.","2026-06-11T11:14:42.801Z"
"naver-card-10128-performance-1","naver-card-10128","300000","직전 1개월","합계","unknown","","네이버 카드 검색 원본을 기준으로 만든 임시 랭킹 데이터입니다. | 통합 할인한도, 실적 제외, 할인받은 매출의 실적 포함 여부는 공식 상품설명서로 추가 검증이 필요합니다.","2026-06-11T11:14:42.801Z"
"naver-card-10491-performance-1","naver-card-10491","0","직전 1개월","합계","unknown","","네이버 카드 검색 원본을 기준으로 만든 임시 랭킹 데이터입니다. | 통합 할인한도, 실적 제외, 할인받은 매출의 실적 포함 여부는 공식 상품설명서로 추가 검증이 필요합니다.","2026-06-11T11:14:42.801Z"
"naver-card-10385-performance-1","naver-card-10385","500000","직전 1개월","합계","unknown","","네이버 카드 검색 원본을 기준으로 만든 임시 랭킹 데이터입니다. | 통합 할인한도, 실적 제외, 할인받은 매출의 실적 포함 여부는 공식 상품설명서로 추가 검증이 필요합니다.","2026-06-11T11:14:42.801Z"
"naver-card-10479-performance-1","naver-card-10479","400000","직전 1개월","합계","unknown","","네이버 카드 검색 원본을 기준으로 만든 임시 랭킹 데이터입니다. | 통합 할인한도, 실적 제외, 할인받은 매출의 실적 포함 여부는 공식 상품설명서로 추가 검증이 필요합니다.","2026-06-11T11:14:42.801Z"
"naver-card-10314-performance-1","naver-card-10314","500000","직전 1개월","합계","unknown","","네이버 카드 검색 원본을 기준으로 만든 임시 랭킹 데이터입니다. | 통합 할인한도, 실적 제외, 할인받은 매출의 실적 포함 여부는 공식 상품설명서로 추가 검증이 필요합니다.","2026-06-11T11:14:42.801Z"
"naver-card-1400-performance-1","naver-card-1400","300000","직전 1개월","합계","unknown","","네이버 카드 검색 원본을 기준으로 만든 임시 랭킹 데이터입니다. | 통합 할인한도, 실적 제외, 할인받은 매출의 실적 포함 여부는 공식 상품설명서로 추가 검증이 필요합니다.","2026-06-11T11:14:42.801Z"
"naver-card-10465-performance-1","naver-card-10465","500000","직전 1개월","합계","unknown","","네이버 카드 검색 원본을 기준으로 만든 임시 랭킹 데이터입니다. | 통합 할인한도, 실적 제외, 할인받은 매출의 실적 포함 여부는 공식 상품설명서로 추가 검증이 필요합니다.","2026-06-11T11:14:42.801Z"
"naver-card-10373-performance-1","naver-card-10373","500000","직전 1개월","합계","unknown","","네이버 카드 검색 원본을 기준으로 만든 임시 랭킹 데이터입니다. | 통합 할인한도, 실적 제외, 할인받은 매출의 실적 포함 여부는 공식 상품설명서로 추가 검증이 필요합니다.","2026-06-11T11:14:42.801Z"
"naver-card-10219-performance-1","naver-card-10219","0","직전 1개월","합계","unknown","","네이버 카드 검색 원본을 기준으로 만든 임시 랭킹 데이터입니다. | 통합 할인한도, 실적 제외, 할인받은 매출의 실적 포함 여부는 공식 상품설명서로 추가 검증이 필요합니다.","2026-06-11T11:14:42.801Z"
"naver-card-10076-performance-1","naver-card-10076","500000","직전 1개월","합계","unknown","","네이버 카드 검색 원본을 기준으로 만든 임시 랭킹 데이터입니다. | 통합 할인한도, 실적 제외, 할인받은 매출의 실적 포함 여부는 공식 상품설명서로 추가 검증이 필요합니다.","2026-06-11T11:14:42.801Z"
"naver-card-10507-performance-1","naver-card-10507","300000","직전 1개월","합계","unknown","","네이버 카드 검색 원본을 기준으로 만든 임시 랭킹 데이터입니다. | 통합 할인한도, 실적 제외, 할인받은 매출의 실적 포함 여부는 공식 상품설명서로 추가 검증이 필요합니다.","2026-06-11T11:14:42.801Z"
"naver-card-10455-performance-1","naver-card-10455","0","직전 1개월","합계","unknown","","네이버 카드 검색 원본을 기준으로 만든 임시 랭킹 데이터입니다. | 통합 할인한도, 실적 제외, 할인받은 매출의 실적 포함 여부는 공식 상품설명서로 추가 검증이 필요합니다.","2026-06-11T11:14:42.801Z"
"naver-card-10622-performance-1","naver-card-10622","500000","직전 1개월","합계","unknown","","네이버 카드 검색 원본을 기준으로 만든 임시 랭킹 데이터입니다. | 통합 할인한도, 실적 제외, 할인받은 매출의 실적 포함 여부는 공식 상품설명서로 추가 검증이 필요합니다.","2026-06-11T11:14:42.801Z"
"naver-card-10394-performance-1","naver-card-10394","500000","직전 1개월","합계","unknown","","네이버 카드 검색 원본을 기준으로 만든 임시 랭킹 데이터입니다. | 통합 할인한도, 실적 제외, 할인받은 매출의 실적 포함 여부는 공식 상품설명서로 추가 검증이 필요합니다.","2026-06-11T11:14:42.801Z"
"naver-card-10500-performance-1","naver-card-10500","300000","직전 1개월","합계","unknown","","네이버 카드 검색 원본을 기준으로 만든 임시 랭킹 데이터입니다. | 통합 할인한도, 실적 제외, 할인받은 매출의 실적 포함 여부는 공식 상품설명서로 추가 검증이 필요합니다.","2026-06-11T11:14:42.801Z"
"naver-card-1614-performance-1","naver-card-1614","300000","직전 1개월","합계","unknown","","네이버 카드 검색 원본을 기준으로 만든 임시 랭킹 데이터입니다. | 통합 할인한도, 실적 제외, 할인받은 매출의 실적 포함 여부는 공식 상품설명서로 추가 검증이 필요합니다.","2026-06-11T11:14:42.801Z"
"naver-card-10400-performance-1","naver-card-10400","500000","직전 1개월","합계","unknown","","네이버 카드 검색 원본을 기준으로 만든 임시 랭킹 데이터입니다. | 통합 할인한도, 실적 제외, 할인받은 매출의 실적 포함 여부는 공식 상품설명서로 추가 검증이 필요합니다.","2026-06-11T11:14:42.801Z"
"naver-card-10573-performance-1","naver-card-10573","400000","직전 1개월","합계","unknown","","네이버 카드 검색 원본을 기준으로 만든 임시 랭킹 데이터입니다. | 통합 할인한도, 실적 제외, 할인받은 매출의 실적 포함 여부는 공식 상품설명서로 추가 검증이 필요합니다.","2026-06-11T11:14:42.801Z"
"naver-card-10441-performance-1","naver-card-10441","200000","직전 1개월","합계","unknown","","네이버 카드 검색 원본을 기준으로 만든 임시 랭킹 데이터입니다. | 통합 할인한도, 실적 제외, 할인받은 매출의 실적 포함 여부는 공식 상품설명서로 추가 검증이 필요합니다.","2026-06-11T11:14:42.801Z"
"naver-card-10350-performance-1","naver-card-10350","400000","직전 1개월","합계","unknown","","네이버 카드 검색 원본을 기준으로 만든 임시 랭킹 데이터입니다. | 통합 할인한도, 실적 제외, 할인받은 매출의 실적 포함 여부는 공식 상품설명서로 추가 검증이 필요합니다.","2026-06-11T11:14:42.801Z"
"naver-card-10528-performance-1","naver-card-10528","100000","직전 1개월","합계","unknown","","네이버 카드 검색 원본을 기준으로 만든 임시 랭킹 데이터입니다. | 통합 할인한도, 실적 제외, 할인받은 매출의 실적 포함 여부는 공식 상품설명서로 추가 검증이 필요합니다.","2026-06-11T11:14:42.801Z"
"naver-card-10401-performance-1","naver-card-10401","500000","직전 1개월","합계","unknown","","네이버 카드 검색 원본을 기준으로 만든 임시 랭킹 데이터입니다. | 통합 할인한도, 실적 제외, 할인받은 매출의 실적 포함 여부는 공식 상품설명서로 추가 검증이 필요합니다.","2026-06-11T11:14:42.801Z"
"naver-card-2487-performance-1","naver-card-2487","100000","직전 1개월","합계","unknown","","네이버 카드 검색 원본을 기준으로 만든 임시 랭킹 데이터입니다. | 통합 할인한도, 실적 제외, 할인받은 매출의 실적 포함 여부는 공식 상품설명서로 추가 검증이 필요합니다.","2026-06-11T11:14:42.801Z"
"naver-card-10562-performance-1","naver-card-10562","300000","직전 1개월","합계","unknown","","네이버 카드 검색 원본을 기준으로 만든 임시 랭킹 데이터입니다. | 통합 할인한도, 실적 제외, 할인받은 매출의 실적 포함 여부는 공식 상품설명서로 추가 검증이 필요합니다.","2026-06-11T11:14:42.801Z"
"naver-card-10189-performance-1","naver-card-10189","500000","직전 1개월","합계","unknown","","네이버 카드 검색 원본을 기준으로 만든 임시 랭킹 데이터입니다. | 통합 할인한도, 실적 제외, 할인받은 매출의 실적 포함 여부는 공식 상품설명서로 추가 검증이 필요합니다.","2026-06-11T11:14:42.801Z"
"naver-card-10399-performance-1","naver-card-10399","500000","직전 1개월","합계","unknown","","네이버 카드 검색 원본을 기준으로 만든 임시 랭킹 데이터입니다. | 통합 할인한도, 실적 제외, 할인받은 매출의 실적 포함 여부는 공식 상품설명서로 추가 검증이 필요합니다.","2026-06-11T11:14:42.801Z"
"naver-card-10420-performance-1","naver-card-10420","400000","직전 1개월","합계","unknown","","네이버 카드 검색 원본을 기준으로 만든 임시 랭킹 데이터입니다. | 통합 할인한도, 실적 제외, 할인받은 매출의 실적 포함 여부는 공식 상품설명서로 추가 검증이 필요합니다.","2026-06-11T11:14:42.801Z"
"naver-card-10565-performance-1","naver-card-10565","0","직전 1개월","합계","unknown","","네이버 카드 검색 원본을 기준으로 만든 임시 랭킹 데이터입니다. | 통합 할인한도, 실적 제외, 할인받은 매출의 실적 포함 여부는 공식 상품설명서로 추가 검증이 필요합니다.","2026-06-11T11:14:42.801Z"
"naver-card-10362-performance-1","naver-card-10362","250000","직전 1개월","합계","unknown","","네이버 카드 검색 원본을 기준으로 만든 임시 랭킹 데이터입니다. | 통합 할인한도, 실적 제외, 할인받은 매출의 실적 포함 여부는 공식 상품설명서로 추가 검증이 필요합니다.","2026-06-11T11:14:42.801Z"
"naver-card-10608-performance-1","naver-card-10608","300000","직전 1개월","합계","unknown","","네이버 카드 검색 원본을 기준으로 만든 임시 랭킹 데이터입니다. | 통합 할인한도, 실적 제외, 할인받은 매출의 실적 포함 여부는 공식 상품설명서로 추가 검증이 필요합니다.","2026-06-11T11:14:42.801Z"
"naver-card-1243-performance-1","naver-card-1243","400000","직전 1개월","합계","unknown","","네이버 카드 검색 원본을 기준으로 만든 임시 랭킹 데이터입니다. | 통합 할인한도, 실적 제외, 할인받은 매출의 실적 포함 여부는 공식 상품설명서로 추가 검증이 필요합니다.","2026-06-11T11:14:42.801Z"
"naver-card-10384-performance-1","naver-card-10384","500000","직전 1개월","합계","unknown","","네이버 카드 검색 원본을 기준으로 만든 임시 랭킹 데이터입니다. | 통합 할인한도, 실적 제외, 할인받은 매출의 실적 포함 여부는 공식 상품설명서로 추가 검증이 필요합니다.","2026-06-11T11:14:42.801Z"
"naver-card-10581-performance-1","naver-card-10581","0","직전 1개월","합계","unknown","","네이버 카드 검색 원본을 기준으로 만든 임시 랭킹 데이터입니다. | 통합 할인한도, 실적 제외, 할인받은 매출의 실적 포함 여부는 공식 상품설명서로 추가 검증이 필요합니다.","2026-06-11T11:14:42.801Z"
"naver-card-2418-performance-1","naver-card-2418","500000","직전 1개월","합계","unknown","","네이버 카드 검색 원본을 기준으로 만든 임시 랭킹 데이터입니다. | 통합 할인한도, 실적 제외, 할인받은 매출의 실적 포함 여부는 공식 상품설명서로 추가 검증이 필요합니다.","2026-06-11T11:14:42.801Z"
"naver-card-10518-performance-1","naver-card-10518","300000","직전 1개월","합계","unknown","","네이버 카드 검색 원본을 기준으로 만든 임시 랭킹 데이터입니다. | 통합 할인한도, 실적 제외, 할인받은 매출의 실적 포함 여부는 공식 상품설명서로 추가 검증이 필요합니다.","2026-06-11T11:14:42.801Z"
"naver-card-10225-performance-1","naver-card-10225","400000","직전 1개월","합계","unknown","","네이버 카드 검색 원본을 기준으로 만든 임시 랭킹 데이터입니다. | 통합 할인한도, 실적 제외, 할인받은 매출의 실적 포함 여부는 공식 상품설명서로 추가 검증이 필요합니다.","2026-06-11T11:14:42.801Z"
"naver-card-10618-performance-1","naver-card-10618","300000","직전 1개월","합계","unknown","","네이버 카드 검색 원본을 기준으로 만든 임시 랭킹 데이터입니다. | 통합 할인한도, 실적 제외, 할인받은 매출의 실적 포함 여부는 공식 상품설명서로 추가 검증이 필요합니다.","2026-06-11T11:14:42.801Z"
"naver-card-10186-performance-1","naver-card-10186","400000","직전 1개월","합계","unknown","","네이버 카드 검색 원본을 기준으로 만든 임시 랭킹 데이터입니다. | 통합 할인한도, 실적 제외, 할인받은 매출의 실적 포함 여부는 공식 상품설명서로 추가 검증이 필요합니다.","2026-06-11T11:14:42.801Z"
"naver-card-10297-performance-1","naver-card-10297","300000","직전 1개월","합계","unknown","","네이버 카드 검색 원본을 기준으로 만든 임시 랭킹 데이터입니다. | 통합 할인한도, 실적 제외, 할인받은 매출의 실적 포함 여부는 공식 상품설명서로 추가 검증이 필요합니다.","2026-06-11T11:14:42.801Z"
"naver-card-10262-performance-1","naver-card-10262","300000","직전 1개월","합계","unknown","","네이버 카드 검색 원본을 기준으로 만든 임시 랭킹 데이터입니다. | 통합 할인한도, 실적 제외, 할인받은 매출의 실적 포함 여부는 공식 상품설명서로 추가 검증이 필요합니다.","2026-06-11T11:14:42.801Z"
"naver-card-2349-performance-1","naver-card-2349","500000","직전 1개월","합계","unknown","","네이버 카드 검색 원본을 기준으로 만든 임시 랭킹 데이터입니다. | 통합 할인한도, 실적 제외, 할인받은 매출의 실적 포함 여부는 공식 상품설명서로 추가 검증이 필요합니다.","2026-06-11T11:14:42.801Z"
"naver-card-10223-performance-1","naver-card-10223","400000","직전 1개월","합계","unknown","","네이버 카드 검색 원본을 기준으로 만든 임시 랭킹 데이터입니다. | 통합 할인한도, 실적 제외, 할인받은 매출의 실적 포함 여부는 공식 상품설명서로 추가 검증이 필요합니다.","2026-06-11T11:14:42.801Z"
"naver-card-652-performance-1","naver-card-652","0","직전 1개월","합계","unknown","","네이버 카드 검색 원본을 기준으로 만든 임시 랭킹 데이터입니다. | 통합 할인한도, 실적 제외, 할인받은 매출의 실적 포함 여부는 공식 상품설명서로 추가 검증이 필요합니다.","2026-06-11T11:14:42.801Z"
"naver-card-10160-performance-1","naver-card-10160","400000","직전 1개월","합계","unknown","","네이버 카드 검색 원본을 기준으로 만든 임시 랭킹 데이터입니다. | 통합 할인한도, 실적 제외, 할인받은 매출의 실적 포함 여부는 공식 상품설명서로 추가 검증이 필요합니다.","2026-06-11T11:14:42.801Z"
"naver-card-3996-performance-1","naver-card-3996","300000","직전 1개월","합계","unknown","","네이버 카드 검색 원본을 기준으로 만든 임시 랭킹 데이터입니다. | 통합 할인한도, 실적 제외, 할인받은 매출의 실적 포함 여부는 공식 상품설명서로 추가 검증이 필요합니다.","2026-06-11T11:14:42.801Z"
"naver-card-10436-performance-1","naver-card-10436","1000000","직전 1개월","합계","unknown","","네이버 카드 검색 원본을 기준으로 만든 임시 랭킹 데이터입니다. | 통합 할인한도, 실적 제외, 할인받은 매출의 실적 포함 여부는 공식 상품설명서로 추가 검증이 필요합니다.","2026-06-11T11:14:42.801Z"
"naver-card-10625-performance-1","naver-card-10625","500000","직전 1개월","합계","unknown","","네이버 카드 검색 원본을 기준으로 만든 임시 랭킹 데이터입니다. | 통합 할인한도, 실적 제외, 할인받은 매출의 실적 포함 여부는 공식 상품설명서로 추가 검증이 필요합니다.","2026-06-11T11:14:42.801Z"
"naver-card-10361-performance-1","naver-card-10361","500000","직전 1개월","합계","unknown","","네이버 카드 검색 원본을 기준으로 만든 임시 랭킹 데이터입니다. | 통합 할인한도, 실적 제외, 할인받은 매출의 실적 포함 여부는 공식 상품설명서로 추가 검증이 필요합니다.","2026-06-11T11:14:42.801Z"
"naver-card-10607-performance-1","naver-card-10607","300000","직전 1개월","합계","unknown","","네이버 카드 검색 원본을 기준으로 만든 임시 랭킹 데이터입니다. | 통합 할인한도, 실적 제외, 할인받은 매출의 실적 포함 여부는 공식 상품설명서로 추가 검증이 필요합니다.","2026-06-11T11:14:42.801Z"
"naver-card-10525-performance-1","naver-card-10525","500000","직전 1개월","합계","unknown","","네이버 카드 검색 원본을 기준으로 만든 임시 랭킹 데이터입니다. | 통합 할인한도, 실적 제외, 할인받은 매출의 실적 포함 여부는 공식 상품설명서로 추가 검증이 필요합니다.","2026-06-11T11:14:42.801Z"
"naver-card-10488-performance-1","naver-card-10488","400000","직전 1개월","합계","unknown","","네이버 카드 검색 원본을 기준으로 만든 임시 랭킹 데이터입니다. | 통합 할인한도, 실적 제외, 할인받은 매출의 실적 포함 여부는 공식 상품설명서로 추가 검증이 필요합니다.","2026-06-11T11:14:42.801Z"
"naver-card-10636-performance-1","naver-card-10636","300000","직전 1개월","합계","unknown","","네이버 카드 검색 원본을 기준으로 만든 임시 랭킹 데이터입니다. | 통합 할인한도, 실적 제외, 할인받은 매출의 실적 포함 여부는 공식 상품설명서로 추가 검증이 필요합니다.","2026-06-11T11:14:42.801Z"
"naver-card-10637-performance-1","naver-card-10637","500000","직전 1개월","합계","unknown","","네이버 카드 검색 원본을 기준으로 만든 임시 랭킹 데이터입니다. | 통합 할인한도, 실적 제외, 할인받은 매출의 실적 포함 여부는 공식 상품설명서로 추가 검증이 필요합니다.","2026-06-11T11:14:42.801Z"
"naver-card-10638-performance-1","naver-card-10638","400000","직전 1개월","합계","unknown","","네이버 카드 검색 원본을 기준으로 만든 임시 랭킹 데이터입니다. | 통합 할인한도, 실적 제외, 할인받은 매출의 실적 포함 여부는 공식 상품설명서로 추가 검증이 필요합니다.","2026-06-11T11:14:42.801Z"
"naver-card-10640-performance-1","naver-card-10640","300000","직전 1개월","합계","unknown","","네이버 카드 검색 원본을 기준으로 만든 임시 랭킹 데이터입니다. | 통합 할인한도, 실적 제외, 할인받은 매출의 실적 포함 여부는 공식 상품설명서로 추가 검증이 필요합니다.","2026-06-11T11:14:42.801Z"
"naver-card-3777-performance-1","naver-card-3777","400000","직전 1개월","합계","unknown","","네이버 카드 검색 원본을 기준으로 만든 임시 랭킹 데이터입니다. | 통합 할인한도, 실적 제외, 할인받은 매출의 실적 포함 여부는 공식 상품설명서로 추가 검증이 필요합니다.","2026-06-11T11:14:42.801Z"
"naver-card-3776-performance-1","naver-card-3776","400000","직전 1개월","합계","unknown","","네이버 카드 검색 원본을 기준으로 만든 임시 랭킹 데이터입니다. | 통합 할인한도, 실적 제외, 할인받은 매출의 실적 포함 여부는 공식 상품설명서로 추가 검증이 필요합니다.","2026-06-11T11:14:42.801Z"
"naver-card-10383-performance-1","naver-card-10383","500000","직전 1개월","합계","unknown","","네이버 카드 검색 원본을 기준으로 만든 임시 랭킹 데이터입니다. | 통합 할인한도, 실적 제외, 할인받은 매출의 실적 포함 여부는 공식 상품설명서로 추가 검증이 필요합니다.","2026-06-11T11:14:42.801Z"
"naver-card-10289-performance-1","naver-card-10289","200000","직전 1개월","합계","unknown","","네이버 카드 검색 원본을 기준으로 만든 임시 랭킹 데이터입니다. | 통합 할인한도, 실적 제외, 할인받은 매출의 실적 포함 여부는 공식 상품설명서로 추가 검증이 필요합니다.","2026-06-11T11:14:42.801Z"
"naver-card-10442-performance-1","naver-card-10442","300000","직전 1개월","합계","unknown","","네이버 카드 검색 원본을 기준으로 만든 임시 랭킹 데이터입니다. | 통합 할인한도, 실적 제외, 할인받은 매출의 실적 포함 여부는 공식 상품설명서로 추가 검증이 필요합니다.","2026-06-11T11:14:42.801Z"
"naver-card-3055-performance-1","naver-card-3055","0","직전 1개월","합계","unknown","","네이버 카드 검색 원본을 기준으로 만든 임시 랭킹 데이터입니다. | 통합 할인한도, 실적 제외, 할인받은 매출의 실적 포함 여부는 공식 상품설명서로 추가 검증이 필요합니다.","2026-06-11T11:14:42.801Z"
"naver-card-10363-performance-1","naver-card-10363","120000","직전 1개월","합계","unknown","","네이버 카드 검색 원본을 기준으로 만든 임시 랭킹 데이터입니다. | 통합 할인한도, 실적 제외, 할인받은 매출의 실적 포함 여부는 공식 상품설명서로 추가 검증이 필요합니다.","2026-06-11T11:14:42.801Z"
"naver-card-3257-performance-1","naver-card-3257","400000","직전 1개월","합계","unknown","","네이버 카드 검색 원본을 기준으로 만든 임시 랭킹 데이터입니다. | 통합 할인한도, 실적 제외, 할인받은 매출의 실적 포함 여부는 공식 상품설명서로 추가 검증이 필요합니다.","2026-06-11T11:14:42.801Z"
"naver-card-2206-performance-1","naver-card-2206","300000","직전 1개월","합계","unknown","","네이버 카드 검색 원본을 기준으로 만든 임시 랭킹 데이터입니다. | 통합 할인한도, 실적 제외, 할인받은 매출의 실적 포함 여부는 공식 상품설명서로 추가 검증이 필요합니다.","2026-06-11T11:14:42.801Z"
"naver-card-10464-performance-1","naver-card-10464","500000","직전 1개월","합계","unknown","","네이버 카드 검색 원본을 기준으로 만든 임시 랭킹 데이터입니다. | 통합 할인한도, 실적 제외, 할인받은 매출의 실적 포함 여부는 공식 상품설명서로 추가 검증이 필요합니다.","2026-06-11T11:14:42.801Z"
"naver-card-10456-performance-1","naver-card-10456","400000","직전 1개월","합계","unknown","","네이버 카드 검색 원본을 기준으로 만든 임시 랭킹 데이터입니다. | 통합 할인한도, 실적 제외, 할인받은 매출의 실적 포함 여부는 공식 상품설명서로 추가 검증이 필요합니다.","2026-06-11T11:14:42.801Z"
"naver-card-10388-performance-1","naver-card-10388","500000","직전 1개월","합계","unknown","","네이버 카드 검색 원본을 기준으로 만든 임시 랭킹 데이터입니다. | 통합 할인한도, 실적 제외, 할인받은 매출의 실적 포함 여부는 공식 상품설명서로 추가 검증이 필요합니다.","2026-06-11T11:14:42.801Z"
"naver-card-10564-performance-1","naver-card-10564","0","직전 1개월","합계","unknown","","네이버 카드 검색 원본을 기준으로 만든 임시 랭킹 데이터입니다. | 통합 할인한도, 실적 제외, 할인받은 매출의 실적 포함 여부는 공식 상품설명서로 추가 검증이 필요합니다.","2026-06-11T11:14:42.801Z"
"naver-card-10308-performance-1","naver-card-10308","400000","직전 1개월","합계","unknown","","네이버 카드 검색 원본을 기준으로 만든 임시 랭킹 데이터입니다. | 통합 할인한도, 실적 제외, 할인받은 매출의 실적 포함 여부는 공식 상품설명서로 추가 검증이 필요합니다.","2026-06-11T11:14:42.801Z"
"naver-card-10421-performance-1","naver-card-10421","500000","직전 1개월","합계","unknown","","네이버 카드 검색 원본을 기준으로 만든 임시 랭킹 데이터입니다. | 통합 할인한도, 실적 제외, 할인받은 매출의 실적 포함 여부는 공식 상품설명서로 추가 검증이 필요합니다.","2026-06-11T11:14:42.801Z"
"naver-card-10226-performance-1","naver-card-10226","400000","직전 1개월","합계","unknown","","네이버 카드 검색 원본을 기준으로 만든 임시 랭킹 데이터입니다. | 통합 할인한도, 실적 제외, 할인받은 매출의 실적 포함 여부는 공식 상품설명서로 추가 검증이 필요합니다.","2026-06-11T11:14:42.801Z"
"naver-card-10429-performance-1","naver-card-10429","300000","직전 1개월","합계","unknown","","네이버 카드 검색 원본을 기준으로 만든 임시 랭킹 데이터입니다. | 통합 할인한도, 실적 제외, 할인받은 매출의 실적 포함 여부는 공식 상품설명서로 추가 검증이 필요합니다.","2026-06-11T11:14:42.801Z"
"naver-card-10582-performance-1","naver-card-10582","0","직전 1개월","합계","unknown","","네이버 카드 검색 원본을 기준으로 만든 임시 랭킹 데이터입니다. | 통합 할인한도, 실적 제외, 할인받은 매출의 실적 포함 여부는 공식 상품설명서로 추가 검증이 필요합니다.","2026-06-11T11:14:42.801Z"
"naver-card-10517-performance-1","naver-card-10517","300000","직전 1개월","합계","unknown","","네이버 카드 검색 원본을 기준으로 만든 임시 랭킹 데이터입니다. | 통합 할인한도, 실적 제외, 할인받은 매출의 실적 포함 여부는 공식 상품설명서로 추가 검증이 필요합니다.","2026-06-11T11:14:42.801Z"
"naver-card-10390-performance-1","naver-card-10390","500000","직전 1개월","합계","unknown","","네이버 카드 검색 원본을 기준으로 만든 임시 랭킹 데이터입니다. | 통합 할인한도, 실적 제외, 할인받은 매출의 실적 포함 여부는 공식 상품설명서로 추가 검증이 필요합니다.","2026-06-11T11:14:42.801Z"
"naver-card-10372-performance-1","naver-card-10372","500000","직전 1개월","합계","unknown","","네이버 카드 검색 원본을 기준으로 만든 임시 랭킹 데이터입니다. | 통합 할인한도, 실적 제외, 할인받은 매출의 실적 포함 여부는 공식 상품설명서로 추가 검증이 필요합니다.","2026-06-11T11:14:42.801Z"
"naver-card-10264-performance-1","naver-card-10264","300000","직전 1개월","합계","unknown","","네이버 카드 검색 원본을 기준으로 만든 임시 랭킹 데이터입니다. | 통합 할인한도, 실적 제외, 할인받은 매출의 실적 포함 여부는 공식 상품설명서로 추가 검증이 필요합니다.","2026-06-11T11:14:42.801Z"
"naver-card-10621-performance-1","naver-card-10621","500000","직전 1개월","합계","unknown","","네이버 카드 검색 원본을 기준으로 만든 임시 랭킹 데이터입니다. | 통합 할인한도, 실적 제외, 할인받은 매출의 실적 포함 여부는 공식 상품설명서로 추가 검증이 필요합니다.","2026-06-11T11:14:42.801Z"
"naver-card-10624-performance-1","naver-card-10624","400000","직전 1개월","합계","unknown","","네이버 카드 검색 원본을 기준으로 만든 임시 랭킹 데이터입니다. | 통합 할인한도, 실적 제외, 할인받은 매출의 실적 포함 여부는 공식 상품설명서로 추가 검증이 필요합니다.","2026-06-11T11:14:42.801Z"
"naver-card-10496-performance-1","naver-card-10496","1000000","직전 1개월","합계","unknown","","네이버 카드 검색 원본을 기준으로 만든 임시 랭킹 데이터입니다. | 통합 할인한도, 실적 제외, 할인받은 매출의 실적 포함 여부는 공식 상품설명서로 추가 검증이 필요합니다.","2026-06-11T11:14:42.801Z"
"naver-card-2886-performance-1","naver-card-2886","400000","직전 1개월","합계","unknown","","네이버 카드 검색 원본을 기준으로 만든 임시 랭킹 데이터입니다. | 통합 할인한도, 실적 제외, 할인받은 매출의 실적 포함 여부는 공식 상품설명서로 추가 검증이 필요합니다.","2026-06-11T11:14:42.801Z"
"naver-card-10287-performance-1","naver-card-10287","0","직전 1개월","합계","unknown","","네이버 카드 검색 원본을 기준으로 만든 임시 랭킹 데이터입니다. | 통합 할인한도, 실적 제외, 할인받은 매출의 실적 포함 여부는 공식 상품설명서로 추가 검증이 필요합니다.","2026-06-11T11:14:42.801Z"
"naver-card-10033-performance-1","naver-card-10033","0","직전 1개월","합계","unknown","","네이버 카드 검색 원본을 기준으로 만든 임시 랭킹 데이터입니다. | 통합 할인한도, 실적 제외, 할인받은 매출의 실적 포함 여부는 공식 상품설명서로 추가 검증이 필요합니다.","2026-06-11T11:14:42.801Z"
"naver-card-10556-performance-1","naver-card-10556","200000","직전 1개월","합계","unknown","","네이버 카드 검색 원본을 기준으로 만든 임시 랭킹 데이터입니다. | 통합 할인한도, 실적 제외, 할인받은 매출의 실적 포함 여부는 공식 상품설명서로 추가 검증이 필요합니다.","2026-06-11T11:14:42.801Z"
"naver-card-10405-performance-1","naver-card-10405","500000","직전 1개월","합계","unknown","","네이버 카드 검색 원본을 기준으로 만든 임시 랭킹 데이터입니다. | 통합 할인한도, 실적 제외, 할인받은 매출의 실적 포함 여부는 공식 상품설명서로 추가 검증이 필요합니다.","2026-06-11T11:14:42.801Z"
"naver-card-2757-performance-1","naver-card-2757","200000","직전 1개월","합계","unknown","","네이버 카드 검색 원본을 기준으로 만든 임시 랭킹 데이터입니다. | 통합 할인한도, 실적 제외, 할인받은 매출의 실적 포함 여부는 공식 상품설명서로 추가 검증이 필요합니다.","2026-06-11T11:14:42.801Z"
"naver-card-3958-performance-1","naver-card-3958","400000","직전 1개월","합계","unknown","","네이버 카드 검색 원본을 기준으로 만든 임시 랭킹 데이터입니다. | 통합 할인한도, 실적 제외, 할인받은 매출의 실적 포함 여부는 공식 상품설명서로 추가 검증이 필요합니다.","2026-06-11T11:14:42.801Z"
"naver-card-10369-performance-1","naver-card-10369","0","직전 1개월","합계","unknown","","네이버 카드 검색 원본을 기준으로 만든 임시 랭킹 데이터입니다. | 통합 할인한도, 실적 제외, 할인받은 매출의 실적 포함 여부는 공식 상품설명서로 추가 검증이 필요합니다.","2026-06-11T11:14:42.801Z"
"naver-card-10325-performance-1","naver-card-10325","500000","직전 1개월","합계","unknown","","네이버 카드 검색 원본을 기준으로 만든 임시 랭킹 데이터입니다. | 통합 할인한도, 실적 제외, 할인받은 매출의 실적 포함 여부는 공식 상품설명서로 추가 검증이 필요합니다.","2026-06-11T11:14:42.801Z"
"naver-card-10545-performance-1","naver-card-10545","500000","직전 1개월","합계","unknown","","네이버 카드 검색 원본을 기준으로 만든 임시 랭킹 데이터입니다. | 통합 할인한도, 실적 제외, 할인받은 매출의 실적 포함 여부는 공식 상품설명서로 추가 검증이 필요합니다.","2026-06-11T11:14:42.801Z"
"naver-card-1597-performance-1","naver-card-1597","300000","직전 1개월","합계","unknown","","네이버 카드 검색 원본을 기준으로 만든 임시 랭킹 데이터입니다. | 통합 할인한도, 실적 제외, 할인받은 매출의 실적 포함 여부는 공식 상품설명서로 추가 검증이 필요합니다.","2026-06-11T11:14:42.801Z"
"naver-card-10563-performance-1","naver-card-10563","1000000","직전 1개월","합계","unknown","","네이버 카드 검색 원본을 기준으로 만든 임시 랭킹 데이터입니다. | 통합 할인한도, 실적 제외, 할인받은 매출의 실적 포함 여부는 공식 상품설명서로 추가 검증이 필요합니다.","2026-06-11T11:14:42.801Z"
"naver-card-10634-performance-1","naver-card-10634","300000","직전 1개월","합계","unknown","","네이버 카드 검색 원본을 기준으로 만든 임시 랭킹 데이터입니다. | 통합 할인한도, 실적 제외, 할인받은 매출의 실적 포함 여부는 공식 상품설명서로 추가 검증이 필요합니다.","2026-06-11T11:14:42.801Z"
"naver-card-10576-performance-1","naver-card-10576","0","직전 1개월","합계","unknown","","네이버 카드 검색 원본을 기준으로 만든 임시 랭킹 데이터입니다. | 통합 할인한도, 실적 제외, 할인받은 매출의 실적 포함 여부는 공식 상품설명서로 추가 검증이 필요합니다.","2026-06-11T11:14:42.801Z"
"naver-card-10549-performance-1","naver-card-10549","500000","직전 1개월","합계","unknown","","네이버 카드 검색 원본을 기준으로 만든 임시 랭킹 데이터입니다. | 통합 할인한도, 실적 제외, 할인받은 매출의 실적 포함 여부는 공식 상품설명서로 추가 검증이 필요합니다.","2026-06-11T11:14:42.801Z"
"naver-card-10306-performance-1","naver-card-10306","0","직전 1개월","합계","unknown","","네이버 카드 검색 원본을 기준으로 만든 임시 랭킹 데이터입니다. | 통합 할인한도, 실적 제외, 할인받은 매출의 실적 포함 여부는 공식 상품설명서로 추가 검증이 필요합니다.","2026-06-11T11:14:42.801Z"
"naver-card-10294-performance-1","naver-card-10294","500000","직전 1개월","합계","unknown","","네이버 카드 검색 원본을 기준으로 만든 임시 랭킹 데이터입니다. | 통합 할인한도, 실적 제외, 할인받은 매출의 실적 포함 여부는 공식 상품설명서로 추가 검증이 필요합니다.","2026-06-11T11:14:42.801Z"
"naver-card-10527-performance-1","naver-card-10527","400000","직전 1개월","합계","unknown","","네이버 카드 검색 원본을 기준으로 만든 임시 랭킹 데이터입니다. | 통합 할인한도, 실적 제외, 할인받은 매출의 실적 포함 여부는 공식 상품설명서로 추가 검증이 필요합니다.","2026-06-11T11:14:42.801Z"
"naver-card-10513-performance-1","naver-card-10513","400000","직전 1개월","합계","unknown","","네이버 카드 검색 원본을 기준으로 만든 임시 랭킹 데이터입니다. | 통합 할인한도, 실적 제외, 할인받은 매출의 실적 포함 여부는 공식 상품설명서로 추가 검증이 필요합니다.","2026-06-11T11:14:42.801Z"
"naver-card-10578-performance-1","naver-card-10578","0","직전 1개월","합계","unknown","","네이버 카드 검색 원본을 기준으로 만든 임시 랭킹 데이터입니다. | 통합 할인한도, 실적 제외, 할인받은 매출의 실적 포함 여부는 공식 상품설명서로 추가 검증이 필요합니다.","2026-06-11T11:14:42.801Z"
"naver-card-1773-performance-1","naver-card-1773","500000","직전 1개월","합계","unknown","","네이버 카드 검색 원본을 기준으로 만든 임시 랭킹 데이터입니다. | 통합 할인한도, 실적 제외, 할인받은 매출의 실적 포함 여부는 공식 상품설명서로 추가 검증이 필요합니다.","2026-06-11T11:14:42.801Z"
"naver-card-10305-performance-1","naver-card-10305","0","직전 1개월","합계","unknown","","네이버 카드 검색 원본을 기준으로 만든 임시 랭킹 데이터입니다. | 통합 할인한도, 실적 제외, 할인받은 매출의 실적 포함 여부는 공식 상품설명서로 추가 검증이 필요합니다.","2026-06-11T11:14:42.801Z"
"naver-card-10567-performance-1","naver-card-10567","300000","직전 1개월","합계","unknown","","네이버 카드 검색 원본을 기준으로 만든 임시 랭킹 데이터입니다. | 통합 할인한도, 실적 제외, 할인받은 매출의 실적 포함 여부는 공식 상품설명서로 추가 검증이 필요합니다.","2026-06-11T11:14:42.801Z"
"naver-card-10555-performance-1","naver-card-10555","500000","직전 1개월","합계","unknown","","네이버 카드 검색 원본을 기준으로 만든 임시 랭킹 데이터입니다. | 통합 할인한도, 실적 제외, 할인받은 매출의 실적 포함 여부는 공식 상품설명서로 추가 검증이 필요합니다.","2026-06-11T11:14:42.801Z"
"naver-card-10277-performance-1","naver-card-10277","0","직전 1개월","합계","unknown","","네이버 카드 검색 원본을 기준으로 만든 임시 랭킹 데이터입니다. | 통합 할인한도, 실적 제외, 할인받은 매출의 실적 포함 여부는 공식 상품설명서로 추가 검증이 필요합니다.","2026-06-11T11:14:42.801Z"
"naver-card-10505-performance-1","naver-card-10505","400000","직전 1개월","합계","unknown","","네이버 카드 검색 원본을 기준으로 만든 임시 랭킹 데이터입니다. | 통합 할인한도, 실적 제외, 할인받은 매출의 실적 포함 여부는 공식 상품설명서로 추가 검증이 필요합니다.","2026-06-11T11:14:42.801Z"
"naver-card-10577-performance-1","naver-card-10577","300000","직전 1개월","합계","unknown","","네이버 카드 검색 원본을 기준으로 만든 임시 랭킹 데이터입니다. | 통합 할인한도, 실적 제외, 할인받은 매출의 실적 포함 여부는 공식 상품설명서로 추가 검증이 필요합니다.","2026-06-11T11:14:42.801Z"
"naver-card-10241-performance-1","naver-card-10241","400000","직전 1개월","합계","unknown","","네이버 카드 검색 원본을 기준으로 만든 임시 랭킹 데이터입니다. | 통합 할인한도, 실적 제외, 할인받은 매출의 실적 포함 여부는 공식 상품설명서로 추가 검증이 필요합니다.","2026-06-11T11:14:42.801Z"
"naver-card-10438-performance-1","naver-card-10438","1000000","직전 1개월","합계","unknown","","네이버 카드 검색 원본을 기준으로 만든 임시 랭킹 데이터입니다. | 통합 할인한도, 실적 제외, 할인받은 매출의 실적 포함 여부는 공식 상품설명서로 추가 검증이 필요합니다.","2026-06-11T11:14:42.801Z"
"naver-card-10029-performance-1","naver-card-10029","750000","직전 1개월","합계","unknown","","네이버 카드 검색 원본을 기준으로 만든 임시 랭킹 데이터입니다. | 통합 할인한도, 실적 제외, 할인받은 매출의 실적 포함 여부는 공식 상품설명서로 추가 검증이 필요합니다.","2026-06-11T11:14:42.801Z"
"naver-card-10477-performance-1","naver-card-10477","300000","직전 1개월","합계","unknown","","네이버 카드 검색 원본을 기준으로 만든 임시 랭킹 데이터입니다. | 통합 할인한도, 실적 제외, 할인받은 매출의 실적 포함 여부는 공식 상품설명서로 추가 검증이 필요합니다.","2026-06-11T11:14:42.801Z"
"naver-card-10211-performance-1","naver-card-10211","300000","직전 1개월","합계","unknown","","네이버 카드 검색 원본을 기준으로 만든 임시 랭킹 데이터입니다. | 통합 할인한도, 실적 제외, 할인받은 매출의 실적 포함 여부는 공식 상품설명서로 추가 검증이 필요합니다.","2026-06-11T11:14:42.801Z"
"naver-card-10458-performance-1","naver-card-10458","500000","직전 1개월","합계","unknown","","네이버 카드 검색 원본을 기준으로 만든 임시 랭킹 데이터입니다. | 통합 할인한도, 실적 제외, 할인받은 매출의 실적 포함 여부는 공식 상품설명서로 추가 검증이 필요합니다.","2026-06-11T11:14:42.801Z"
"naver-card-3258-performance-1","naver-card-3258","400000","직전 1개월","합계","unknown","","네이버 카드 검색 원본을 기준으로 만든 임시 랭킹 데이터입니다. | 통합 할인한도, 실적 제외, 할인받은 매출의 실적 포함 여부는 공식 상품설명서로 추가 검증이 필요합니다.","2026-06-11T11:14:42.801Z"
"naver-card-10404-performance-1","naver-card-10404","500000","직전 1개월","합계","unknown","","네이버 카드 검색 원본을 기준으로 만든 임시 랭킹 데이터입니다. | 통합 할인한도, 실적 제외, 할인받은 매출의 실적 포함 여부는 공식 상품설명서로 추가 검증이 필요합니다.","2026-06-11T11:14:42.801Z"
"naver-card-4096-performance-1","naver-card-4096","500000","직전 1개월","합계","unknown","","네이버 카드 검색 원본을 기준으로 만든 임시 랭킹 데이터입니다. | 통합 할인한도, 실적 제외, 할인받은 매출의 실적 포함 여부는 공식 상품설명서로 추가 검증이 필요합니다.","2026-06-11T11:14:42.801Z"
"naver-card-10559-performance-1","naver-card-10559","400000","직전 1개월","합계","unknown","","네이버 카드 검색 원본을 기준으로 만든 임시 랭킹 데이터입니다. | 통합 할인한도, 실적 제외, 할인받은 매출의 실적 포함 여부는 공식 상품설명서로 추가 검증이 필요합니다.","2026-06-11T11:14:42.801Z"
"naver-card-10546-performance-1","naver-card-10546","500000","직전 1개월","합계","unknown","","네이버 카드 검색 원본을 기준으로 만든 임시 랭킹 데이터입니다. | 통합 할인한도, 실적 제외, 할인받은 매출의 실적 포함 여부는 공식 상품설명서로 추가 검증이 필요합니다.","2026-06-11T11:14:42.801Z"
"naver-card-10445-performance-1","naver-card-10445","500000","직전 1개월","합계","unknown","","네이버 카드 검색 원본을 기준으로 만든 임시 랭킹 데이터입니다. | 통합 할인한도, 실적 제외, 할인받은 매출의 실적 포함 여부는 공식 상품설명서로 추가 검증이 필요합니다.","2026-06-11T11:14:42.801Z"
"naver-card-10630-performance-1","naver-card-10630","0","직전 1개월","합계","unknown","","네이버 카드 검색 원본을 기준으로 만든 임시 랭킹 데이터입니다. | 통합 할인한도, 실적 제외, 할인받은 매출의 실적 포함 여부는 공식 상품설명서로 추가 검증이 필요합니다.","2026-06-11T11:14:42.801Z"
"naver-card-10419-performance-1","naver-card-10419","400000","직전 1개월","합계","unknown","","네이버 카드 검색 원본을 기준으로 만든 임시 랭킹 데이터입니다. | 통합 할인한도, 실적 제외, 할인받은 매출의 실적 포함 여부는 공식 상품설명서로 추가 검증이 필요합니다.","2026-06-11T11:14:42.801Z"
"naver-card-10583-performance-1","naver-card-10583","400000","직전 1개월","합계","unknown","","네이버 카드 검색 원본을 기준으로 만든 임시 랭킹 데이터입니다. | 통합 할인한도, 실적 제외, 할인받은 매출의 실적 포함 여부는 공식 상품설명서로 추가 검증이 필요합니다.","2026-06-11T11:14:42.801Z"
"naver-card-10571-performance-1","naver-card-10571","1000000","직전 1개월","합계","unknown","","네이버 카드 검색 원본을 기준으로 만든 임시 랭킹 데이터입니다. | 통합 할인한도, 실적 제외, 할인받은 매출의 실적 포함 여부는 공식 상품설명서로 추가 검증이 필요합니다.","2026-06-11T11:14:42.801Z"
"naver-card-10543-performance-1","naver-card-10543","0","직전 1개월","합계","unknown","","네이버 카드 검색 원본을 기준으로 만든 임시 랭킹 데이터입니다. | 통합 할인한도, 실적 제외, 할인받은 매출의 실적 포함 여부는 공식 상품설명서로 추가 검증이 필요합니다.","2026-06-11T11:14:42.801Z"
"naver-card-10632-performance-1","naver-card-10632","0","직전 1개월","합계","unknown","","네이버 카드 검색 원본을 기준으로 만든 임시 랭킹 데이터입니다. | 통합 할인한도, 실적 제외, 할인받은 매출의 실적 포함 여부는 공식 상품설명서로 추가 검증이 필요합니다.","2026-06-11T11:14:42.801Z"
"naver-card-10495-performance-1","naver-card-10495","0","직전 1개월","합계","unknown","","네이버 카드 검색 원본을 기준으로 만든 임시 랭킹 데이터입니다. | 통합 할인한도, 실적 제외, 할인받은 매출의 실적 포함 여부는 공식 상품설명서로 추가 검증이 필요합니다.","2026-06-11T11:14:42.801Z"
"naver-card-10629-performance-1","naver-card-10629","0","직전 1개월","합계","unknown","","네이버 카드 검색 원본을 기준으로 만든 임시 랭킹 데이터입니다. | 통합 할인한도, 실적 제외, 할인받은 매출의 실적 포함 여부는 공식 상품설명서로 추가 검증이 필요합니다.","2026-06-11T11:14:42.801Z"
"naver-card-2414-performance-1","naver-card-2414","300000","직전 1개월","합계","unknown","","네이버 카드 검색 원본을 기준으로 만든 임시 랭킹 데이터입니다. | 통합 할인한도, 실적 제외, 할인받은 매출의 실적 포함 여부는 공식 상품설명서로 추가 검증이 필요합니다.","2026-06-11T11:14:42.801Z"
"naver-card-10437-performance-1","naver-card-10437","1000000","직전 1개월","합계","unknown","","네이버 카드 검색 원본을 기준으로 만든 임시 랭킹 데이터입니다. | 통합 할인한도, 실적 제외, 할인받은 매출의 실적 포함 여부는 공식 상품설명서로 추가 검증이 필요합니다.","2026-06-11T11:14:42.801Z"
"naver-card-10539-performance-1","naver-card-10539","200000","직전 1개월","합계","unknown","","네이버 카드 검색 원본을 기준으로 만든 임시 랭킹 데이터입니다. | 통합 할인한도, 실적 제외, 할인받은 매출의 실적 포함 여부는 공식 상품설명서로 추가 검증이 필요합니다.","2026-06-11T11:14:42.801Z"
"naver-card-10631-performance-1","naver-card-10631","0","직전 1개월","합계","unknown","","네이버 카드 검색 원본을 기준으로 만든 임시 랭킹 데이터입니다. | 통합 할인한도, 실적 제외, 할인받은 매출의 실적 포함 여부는 공식 상품설명서로 추가 검증이 필요합니다.","2026-06-11T11:14:42.801Z"
"naver-card-10541-performance-1","naver-card-10541","0","직전 1개월","합계","unknown","","네이버 카드 검색 원본을 기준으로 만든 임시 랭킹 데이터입니다. | 통합 할인한도, 실적 제외, 할인받은 매출의 실적 포함 여부는 공식 상품설명서로 추가 검증이 필요합니다.","2026-06-11T11:14:42.801Z"
"naver-card-10542-performance-1","naver-card-10542","0","직전 1개월","합계","unknown","","네이버 카드 검색 원본을 기준으로 만든 임시 랭킹 데이터입니다. | 통합 할인한도, 실적 제외, 할인받은 매출의 실적 포함 여부는 공식 상품설명서로 추가 검증이 필요합니다.","2026-06-11T11:14:42.801Z"
"naver-card-10322-performance-1","naver-card-10322","0","직전 1개월","합계","unknown","","네이버 카드 검색 원본을 기준으로 만든 임시 랭킹 데이터입니다. | 통합 할인한도, 실적 제외, 할인받은 매출의 실적 포함 여부는 공식 상품설명서로 추가 검증이 필요합니다.","2026-06-11T11:14:42.801Z"
"naver-card-10345-performance-1","naver-card-10345","300000","직전 1개월","합계","unknown","","네이버 카드 검색 원본을 기준으로 만든 임시 랭킹 데이터입니다. | 통합 할인한도, 실적 제외, 할인받은 매출의 실적 포함 여부는 공식 상품설명서로 추가 검증이 필요합니다.","2026-06-11T11:14:42.801Z"
"naver-card-10387-performance-1","naver-card-10387","500000","직전 1개월","합계","unknown","","네이버 카드 검색 원본을 기준으로 만든 임시 랭킹 데이터입니다. | 통합 할인한도, 실적 제외, 할인받은 매출의 실적 포함 여부는 공식 상품설명서로 추가 검증이 필요합니다.","2026-06-11T11:14:42.801Z"
