"tier_id","card_id","min_spend","max_spend","total_monthly_cap","tier_label","channel_caps","extraction_confidence","source_text","exported_at"
"naver-card-10623-tier-1-0","naver-card-10623","0","","100000","조건 없음","","0.75","fallback_from_existing_normalized_card","2026-06-11T13:04:13.065Z"
"naver-card-10304-tier-1-0","naver-card-10304","0","","20000","조건 없음","","0.75","fallback_from_existing_normalized_card","2026-06-11T13:04:13.065Z"
"naver-card-1530-tier-1-300000","naver-card-1530","300000","","5000","30만원 이상","","0.75","fallback_from_existing_normalized_card","2026-06-11T13:04:13.065Z"
"naver-card-115-tier-1-300000","naver-card-115","300000","","100000","30만원 이상","","0.75","fallback_from_existing_normalized_card","2026-06-11T13:04:13.065Z"
"naver-card-10216-tier-1-400000","naver-card-10216","400000","","5000","40만원 이상","","0.75","fallback_from_existing_normalized_card","2026-06-11T13:04:13.065Z"
"naver-card-10332-tier-1-300000","naver-card-10332","300000","","20000","30만원 이상","","0.75","fallback_from_existing_normalized_card","2026-06-11T13:04:13.065Z"
"naver-card-1408-tier-1-300000","naver-card-1408","300000","","50000","30만원 이상","","0.75","fallback_from_existing_normalized_card","2026-06-11T13:04:13.065Z"
"naver-card-10375-tier-1-0","naver-card-10375","0","","20000","조건 없음","","0.75","fallback_from_existing_normalized_card","2026-06-11T13:04:13.065Z"
"naver-card-10141-tier-1-500000","naver-card-10141","500000","","20000","50만원 이상","","0.75","fallback_from_existing_normalized_card","2026-06-11T13:04:13.065Z"
"naver-card-1684-tier-1-300000","naver-card-1684","300000","","10000","30만원 이상","","0.75","fallback_from_existing_normalized_card","2026-06-11T13:04:13.065Z"
"naver-card-10309-tier-1-300000","naver-card-10309","300000","","20000","30만원 이상","","0.75","fallback_from_existing_normalized_card","2026-06-11T13:04:13.065Z"
"naver-card-10307-tier-1-800000","naver-card-10307","800000","","13000","80만원 이상","","0.75","이용금액 80만원 이상 : 13,000원 할인","2026-06-11T13:04:13.065Z"
"naver-card-3881-tier-1-300000","naver-card-3881","300000","","15000","30만원 이상","","0.75","fallback_from_existing_normalized_card","2026-06-11T13:04:13.065Z"
"naver-card-3896-tier-1-300000","naver-card-3896","300000","","300000","30만원 이상","","0.75","fallback_from_existing_normalized_card","2026-06-11T13:04:13.065Z"
"naver-card-1695-tier-1-300000","naver-card-1695","300000","","5000","30만원 이상","","0.75","fallback_from_existing_normalized_card","2026-06-11T13:04:13.065Z"
"naver-card-1597-tier-1-300000","naver-card-1597","300000","","300000","30만원 이상","","0.75","fallback_from_existing_normalized_card","2026-06-11T13:04:13.065Z"
"naver-card-10157-tier-1-0","naver-card-10157","0","","100000","조건 없음","","0.75","fallback_from_existing_normalized_card","2026-06-11T13:04:13.065Z"
"naver-card-10102-tier-1-300000","naver-card-10102","300000","","10000","30만원 이상","","0.75","fallback_from_existing_normalized_card","2026-06-11T13:04:13.065Z"
"naver-card-10343-tier-1-500000","naver-card-10343","500000","","300000","50만원 이상","","0.75","fallback_from_existing_normalized_card","2026-06-11T13:04:13.065Z"
"naver-card-3717-tier-1-500000","naver-card-3717","500000","","4000","50만원 이상","","0.75","fallback_from_existing_normalized_card","2026-06-11T13:04:13.065Z"
"naver-card-1451-tier-1-300000","naver-card-1451","300000","","5000","30만원 이상","","0.75","fallback_from_existing_normalized_card","2026-06-11T13:04:13.065Z"
"naver-card-10566-tier-1-800000","naver-card-10566","800000","","5000","80만원 이상","","0.75","80만원 이상: 5천원 할인","2026-06-11T13:04:13.065Z"
"naver-card-10107-tier-1-400000","naver-card-10107","400000","","10000","40만원 이상","","0.75","fallback_from_existing_normalized_card","2026-06-11T13:04:13.065Z"
"naver-card-10108-tier-1-400000","naver-card-10108","400000","","10000","40만원 이상","","0.75","fallback_from_existing_normalized_card","2026-06-11T13:04:13.065Z"
"naver-card-10106-tier-1-400000","naver-card-10106","400000","","10000","40만원 이상","","0.75","fallback_from_existing_normalized_card","2026-06-11T13:04:13.065Z"
"naver-card-10071-tier-1-400000","naver-card-10071","400000","","10000","40만원 이상","","0.75","fallback_from_existing_normalized_card","2026-06-11T13:04:13.065Z"
"naver-card-10310-tier-1-400000","naver-card-10310","400000","","20000","40만원 이상","","0.75","fallback_from_existing_normalized_card","2026-06-11T13:04:13.065Z"
"naver-card-2337-tier-1-300000","naver-card-2337","300000","","150000","30만원 이상","","0.75","fallback_from_existing_normalized_card","2026-06-11T13:04:13.065Z"
"naver-card-1571-tier-1-500000","naver-card-1571","500000","","300000","50만원 이상","","0.75","fallback_from_existing_normalized_card","2026-06-11T13:04:13.065Z"
"naver-card-10355-tier-1-300000","naver-card-10355","300000","","300000","30만원 이상","","0.75","fallback_from_existing_normalized_card","2026-06-11T13:04:13.065Z"
"naver-card-10029-tier-1-750000","naver-card-10029","750000","","20000","75만원 이상","","0.75","fallback_from_existing_normalized_card","2026-06-11T13:04:13.065Z"
"naver-card-10462-tier-1-400000","naver-card-10462","400000","","35000","40만원 이상","","0.75","fallback_from_existing_normalized_card","2026-06-11T13:04:13.065Z"
"naver-card-10126-tier-1-500000","naver-card-10126","500000","","5000","50만원 이상","","0.75","fallback_from_existing_normalized_card","2026-06-11T13:04:13.065Z"
"naver-card-10237-tier-1-500000","naver-card-10237","500000","","5000","50만원 이상","","0.75","fallback_from_existing_normalized_card","2026-06-11T13:04:13.065Z"
"naver-card-10523-tier-1-300000","naver-card-10523","300000","","300000","30만원 이상","","0.75","fallback_from_existing_normalized_card","2026-06-11T13:04:13.065Z"
"naver-card-2348-tier-1-300000","naver-card-2348","300000","","300000","30만원 이상","","0.75","fallback_from_existing_normalized_card","2026-06-11T13:04:13.065Z"
"naver-card-10485-tier-1-400000","naver-card-10485","400000","","10000","40만원 이상","","0.75","fallback_from_existing_normalized_card","2026-06-11T13:04:13.065Z"
"naver-card-10490-tier-1-400000","naver-card-10490","400000","","10000","40만원 이상","","0.75","fallback_from_existing_normalized_card","2026-06-11T13:04:13.065Z"
"naver-card-10402-tier-1-400000","naver-card-10402","400000","","1000","40만원 이상","","0.75","fallback_from_existing_normalized_card","2026-06-11T13:04:13.065Z"
"naver-card-10327-tier-1-400000","naver-card-10327","400000","","10000","40만원 이상","","0.75","fallback_from_existing_normalized_card","2026-06-11T13:04:13.065Z"
"naver-card-10409-tier-1-500000","naver-card-10409","500000","","90000","50만원 이상","","0.75","fallback_from_existing_normalized_card","2026-06-11T13:04:13.065Z"
"naver-card-10444-tier-1-400000","naver-card-10444","400000","","30000","40만원 이상","","0.75","fallback_from_existing_normalized_card","2026-06-11T13:04:13.065Z"
"naver-card-1292-tier-1-300000","naver-card-1292","300000","","300000","30만원 이상","","0.75","fallback_from_existing_normalized_card","2026-06-11T13:04:13.065Z"
"naver-card-10201-tier-1-300000","naver-card-10201","300000","","300000","30만원 이상","","0.75","fallback_from_existing_normalized_card","2026-06-11T13:04:13.065Z"
"naver-card-10345-tier-1-300000","naver-card-10345","300000","","50000","30만원 이상","","0.75","fallback_from_existing_normalized_card","2026-06-11T13:04:13.065Z"
"naver-card-10286-tier-1-500000","naver-card-10286","500000","","1000","50만원 이상","","0.75","fallback_from_existing_normalized_card","2026-06-11T13:04:13.065Z"
"naver-card-10045-tier-1-300000","naver-card-10045","300000","","300000","30만원 이상","","0.75","fallback_from_existing_normalized_card","2026-06-11T13:04:13.065Z"
"naver-card-10612-tier-1-500000","naver-card-10612","500000","","5000","50만원 이상","","0.75","fallback_from_existing_normalized_card","2026-06-11T13:04:13.065Z"
"naver-card-10592-tier-1-400000","naver-card-10592","400000","","15000","40만원 이상","","0.75","fallback_from_existing_normalized_card","2026-06-11T13:04:13.065Z"
"naver-card-10536-tier-1-500000","naver-card-10536","500000","","1500","50만원 이상","","0.75","fallback_from_existing_normalized_card","2026-06-11T13:04:13.065Z"
"naver-card-10593-tier-1-0","naver-card-10593","0","","10000","조건 없음","","0.75","fallback_from_existing_normalized_card","2026-06-11T13:04:13.065Z"
"naver-card-10512-tier-1-500000","naver-card-10512","500000","","4000","50만원 이상","","0.75","fallback_from_existing_normalized_card","2026-06-11T13:04:13.065Z"
"naver-card-10403-tier-1-0","naver-card-10403","0","","12000","조건 없음","","0.75","fallback_from_existing_normalized_card","2026-06-11T13:04:13.065Z"
"naver-card-10344-tier-1-300000","naver-card-10344","300000","","11000","30만원 이상","","0.75","fallback_from_existing_normalized_card","2026-06-11T13:04:13.065Z"
"naver-card-10492-tier-1-500000","naver-card-10492","500000","","36000","50만원 이상","","0.75","fallback_from_existing_normalized_card","2026-06-11T13:04:13.065Z"
"naver-card-10538-tier-1-500000","naver-card-10538","500000","","50000","50만원 이상","","0.75","fallback_from_existing_normalized_card","2026-06-11T13:04:13.065Z"
"naver-card-10376-tier-1-400000","naver-card-10376","400000","","5000","40만원 이상","","0.75","fallback_from_existing_normalized_card","2026-06-11T13:04:13.065Z"
"naver-card-10580-tier-1-500000","naver-card-10580","500000","","100000","50만원 이상","","0.75","fallback_from_existing_normalized_card","2026-06-11T13:04:13.065Z"
"naver-card-10348-tier-1-300000","naver-card-10348","300000","","7000","30만원 이상","","0.75","fallback_from_existing_normalized_card","2026-06-11T13:04:13.065Z"
"naver-card-1692-tier-1-300000","naver-card-1692","300000","","10000","30만원 이상","","0.75","fallback_from_existing_normalized_card","2026-06-11T13:04:13.065Z"
"naver-card-10452-tier-1-500000","naver-card-10452","500000","","30000","50만원 이상","","0.75","fallback_from_existing_normalized_card","2026-06-11T13:04:13.065Z"
"naver-card-10453-tier-1-500000","naver-card-10453","500000","","150000","50만원 이상","","0.75","fallback_from_existing_normalized_card","2026-06-11T13:04:13.065Z"
"naver-card-10358-tier-1-400000","naver-card-10358","400000","","40000","40만원 이상","","0.75","fallback_from_existing_normalized_card","2026-06-11T13:04:13.065Z"
"naver-card-10313-tier-1-500000","naver-card-10313","500000","","30000","50만원 이상","","0.75","fallback_from_existing_normalized_card","2026-06-11T13:04:13.065Z"
"naver-card-10187-tier-1-0","naver-card-10187","0","","100000","조건 없음","","0.75","fallback_from_existing_normalized_card","2026-06-11T13:04:13.065Z"
"naver-card-10584-tier-1-400000","naver-card-10584","400000","","10000","40만원 이상","","0.75","fallback_from_existing_normalized_card","2026-06-11T13:04:13.065Z"
"naver-card-10346-tier-1-0","naver-card-10346","0","","30000","조건 없음","","0.75","fallback_from_existing_normalized_card","2026-06-11T13:04:13.065Z"
"naver-card-10479-tier-1-400000","naver-card-10479","400000","","30000","40만원 이상","","0.75","fallback_from_existing_normalized_card","2026-06-11T13:04:13.065Z"
"naver-card-10314-tier-1-500000","naver-card-10314","500000","","30000","50만원 이상","","0.75","fallback_from_existing_normalized_card","2026-06-11T13:04:13.065Z"
"naver-card-1322-tier-1-300000","naver-card-1322","300000","","300000","30만원 이상","","0.75","fallback_from_existing_normalized_card","2026-06-11T13:04:13.065Z"
"naver-card-277-tier-1-300000","naver-card-277","300000","","60000","30만원 이상","","0.75","fallback_from_existing_normalized_card","2026-06-11T13:04:13.065Z"
"naver-card-2226-tier-1-300000","naver-card-2226","300000","","300000","30만원 이상","","0.75","fallback_from_existing_normalized_card","2026-06-11T13:04:13.065Z"
"naver-card-2676-tier-1-400000","naver-card-2676","400000","","10000","40만원 이상","","0.75","fallback_from_existing_normalized_card","2026-06-11T13:04:13.065Z"
"naver-card-10238-tier-1-300000","naver-card-10238","300000","","5000","30만원 이상","","0.75","fallback_from_existing_normalized_card","2026-06-11T13:04:13.065Z"
"naver-card-1465-tier-1-0","naver-card-1465","0","","1000","조건 없음","","0.75","fallback_from_existing_normalized_card","2026-06-11T13:04:13.065Z"
"naver-card-2418-tier-1-500000","naver-card-2418","500000","","1000","50만원 이상","","0.75","fallback_from_existing_normalized_card","2026-06-11T13:04:13.065Z"
"naver-card-10451-tier-1-500000","naver-card-10451","500000","","50000","50만원 이상","","0.75","fallback_from_existing_normalized_card","2026-06-11T13:04:13.065Z"
"naver-card-10268-tier-1-300000","naver-card-10268","300000","","30000","30만원 이상","","0.75","fallback_from_existing_normalized_card","2026-06-11T13:04:13.065Z"
"naver-card-10463-tier-1-400000","naver-card-10463","400000","","35000","40만원 이상","","0.75","fallback_from_existing_normalized_card","2026-06-11T13:04:13.065Z"
"naver-card-10236-tier-1-500000","naver-card-10236","500000","","10000","50만원 이상","","0.75","fallback_from_existing_normalized_card","2026-06-11T13:04:13.065Z"
"naver-card-10354-tier-1-200000","naver-card-10354","200000","","200000","20만원 이상","","0.75","fallback_from_existing_normalized_card","2026-06-11T13:04:13.065Z"
"naver-card-10321-tier-1-300000","naver-card-10321","300000","","1000","30만원 이상","","0.75","fallback_from_existing_normalized_card","2026-06-11T13:04:13.065Z"
"naver-card-10540-tier-1-300000","naver-card-10540","300000","","5000","30만원 이상","","0.75","fallback_from_existing_normalized_card","2026-06-11T13:04:13.065Z"
"naver-card-10398-tier-1-300000","naver-card-10398","300000","","300000","30만원 이상","","0.75","fallback_from_existing_normalized_card","2026-06-11T13:04:13.065Z"
"naver-card-10169-tier-1-150000","naver-card-10169","150000","","20000","15만원 이상","","0.75","fallback_from_existing_normalized_card","2026-06-11T13:04:13.065Z"
"naver-card-10554-tier-1-300000","naver-card-10554","300000","","300000","30만원 이상","","0.75","fallback_from_existing_normalized_card","2026-06-11T13:04:13.065Z"
"naver-card-10357-tier-1-300000","naver-card-10357","300000","","1000","30만원 이상","","0.75","fallback_from_existing_normalized_card","2026-06-11T13:04:13.065Z"
"naver-card-10440-tier-1-300000","naver-card-10440","300000","","15000","30만원 이상","","0.75","fallback_from_existing_normalized_card","2026-06-11T13:04:13.065Z"
"naver-card-10596-tier-1-400000","naver-card-10596","400000","","35000","40만원 이상","","0.75","fallback_from_existing_normalized_card","2026-06-11T13:04:13.065Z"
"naver-card-10579-tier-1-300000","naver-card-10579","300000","","20000","30만원 이상","","0.75","fallback_from_existing_normalized_card","2026-06-11T13:04:13.065Z"
"naver-card-10480-tier-1-300000","naver-card-10480","300000","","240000","30만원 이상","","0.75","fallback_from_existing_normalized_card","2026-06-11T13:04:13.065Z"
"naver-card-247-tier-1-0","naver-card-247","0","","5000","조건 없음","","0.75","fallback_from_existing_normalized_card","2026-06-11T13:04:13.065Z"
"naver-card-10284-tier-1-300000","naver-card-10284","300000","","15000","30만원 이상","","0.75","fallback_from_existing_normalized_card","2026-06-11T13:04:13.065Z"
"naver-card-3959-tier-1-300000","naver-card-3959","300000","","300000","30만원 이상","","0.75","fallback_from_existing_normalized_card","2026-06-11T13:04:13.065Z"
"naver-card-10454-tier-1-400000","naver-card-10454","400000","","20000","40만원 이상","","0.75","fallback_from_existing_normalized_card","2026-06-11T13:04:13.065Z"
"naver-card-10391-tier-1-500000","naver-card-10391","500000","","30000","50만원 이상","","0.75","fallback_from_existing_normalized_card","2026-06-11T13:04:13.065Z"
"naver-card-10267-tier-1-300000","naver-card-10267","300000","","5000","30만원 이상","","0.75","fallback_from_existing_normalized_card","2026-06-11T13:04:13.065Z"
"naver-card-10387-tier-1-500000","naver-card-10387","500000","","30000","50만원 이상","","0.75","fallback_from_existing_normalized_card","2026-06-11T13:04:13.065Z"
"naver-card-10388-tier-1-500000","naver-card-10388","500000","","30000","50만원 이상","","0.75","fallback_from_existing_normalized_card","2026-06-11T13:04:13.065Z"
"naver-card-10390-tier-1-500000","naver-card-10390","500000","","30000","50만원 이상","","0.75","fallback_from_existing_normalized_card","2026-06-11T13:04:13.065Z"
"naver-card-10389-tier-1-500000","naver-card-10389","500000","","30000","50만원 이상","","0.75","fallback_from_existing_normalized_card","2026-06-11T13:04:13.065Z"
"naver-card-10447-tier-1-400000","naver-card-10447","400000","","10000","40만원 이상","","0.75","fallback_from_existing_normalized_card","2026-06-11T13:04:13.065Z"
"naver-card-10504-tier-1-300000","naver-card-10504","300000","","20000","30만원 이상","","0.75","fallback_from_existing_normalized_card","2026-06-11T13:04:13.065Z"
"naver-card-10514-tier-1-0","naver-card-10514","0","","20000","조건 없음","","0.75","fallback_from_existing_normalized_card","2026-06-11T13:04:13.065Z"
"naver-card-10509-tier-1-300000","naver-card-10509","300000","","20000","30만원 이상","","0.75","fallback_from_existing_normalized_card","2026-06-11T13:04:13.065Z"
"naver-card-10130-tier-1-500000","naver-card-10130","500000","","10000","50만원 이상","","0.75","fallback_from_existing_normalized_card","2026-06-11T13:04:13.065Z"
"naver-card-10515-tier-1-0","naver-card-10515","0","","100000","조건 없음","","0.75","fallback_from_existing_normalized_card","2026-06-11T13:04:13.065Z"
"naver-card-10134-tier-1-500000","naver-card-10134","500000","","300000","50만원 이상","","0.75","fallback_from_existing_normalized_card","2026-06-11T13:04:13.065Z"
"naver-card-10359-tier-1-1000000","naver-card-10359","1000000","","10000","100만원 이상","","0.75","fallback_from_existing_normalized_card","2026-06-11T13:04:13.065Z"
"naver-card-10317-tier-1-300000","naver-card-10317","300000","","30000","30만원 이상","","0.75","fallback_from_existing_normalized_card","2026-06-11T13:04:13.065Z"
"naver-card-10502-tier-1-300000","naver-card-10502","300000","","20000","30만원 이상","","0.75","fallback_from_existing_normalized_card","2026-06-11T13:04:13.065Z"
"naver-card-10428-tier-1-300000","naver-card-10428","300000","700000","7000","30만원~70만원","","0.75","이용금액 30만원 이상 70만원 미만: 7,000원 할인","2026-06-11T13:04:13.065Z"
"naver-card-10428-tier-2-700000","naver-card-10428","700000","1500000","10000","70만원~150만원","","0.75","이용금액 70만원 이상 150만원 미만: 10,000원 할인","2026-06-11T13:04:13.065Z"
"naver-card-10428-tier-3-1500000","naver-card-10428","1500000","","15000","150만원 이상","","0.75","이용금액 150만원 이상: 15,000원 할인","2026-06-11T13:04:13.065Z"
"naver-card-1360-tier-1-200000","naver-card-1360","200000","","200000","20만원 이상","","0.75","fallback_from_existing_normalized_card","2026-06-11T13:04:13.065Z"
"naver-card-10503-tier-1-300000","naver-card-10503","300000","","20000","30만원 이상","","0.75","fallback_from_existing_normalized_card","2026-06-11T13:04:13.065Z"
"naver-card-1573-tier-1-300000","naver-card-1573","300000","","10000","30만원 이상","","0.75","fallback_from_existing_normalized_card","2026-06-11T13:04:13.065Z"
"naver-card-10291-tier-1-400000","naver-card-10291","400000","","10000","40만원 이상","","0.75","fallback_from_existing_normalized_card","2026-06-11T13:04:13.065Z"
"naver-card-1715-tier-1-500000","naver-card-1715","500000","","20000","50만원 이상","","0.75","fallback_from_existing_normalized_card","2026-06-11T13:04:13.065Z"
"naver-card-1889-tier-1-300000","naver-card-1889","300000","","10000","30만원 이상","","0.75","fallback_from_existing_normalized_card","2026-06-11T13:04:13.065Z"
"naver-card-1340-tier-1-300000","naver-card-1340","300000","","10000","30만원 이상","","0.75","fallback_from_existing_normalized_card","2026-06-11T13:04:13.065Z"
"naver-card-10232-tier-1-0","naver-card-10232","0","","20000","조건 없음","","0.75","fallback_from_existing_normalized_card","2026-06-11T13:04:13.065Z"
"naver-card-2345-tier-1-300000","naver-card-2345","300000","","300000","30만원 이상","","0.75","fallback_from_existing_normalized_card","2026-06-11T13:04:13.065Z"
"naver-card-10614-tier-1-300000","naver-card-10614","300000","","300000","30만원 이상","","0.75","fallback_from_existing_normalized_card","2026-06-11T13:04:13.065Z"
"naver-card-10524-tier-1-300000","naver-card-10524","300000","","23000","30만원 이상","","0.75","fallback_from_existing_normalized_card","2026-06-11T13:04:13.065Z"
"naver-card-10639-tier-1-700000","naver-card-10639","700000","","6000","70만원 이상","","0.75","fallback_from_existing_normalized_card","2026-06-11T13:04:13.065Z"
"naver-card-10501-tier-1-500000","naver-card-10501","500000","","20000","50만원 이상","","0.75","fallback_from_existing_normalized_card","2026-06-11T13:04:13.065Z"
"naver-card-10299-tier-1-300000","naver-card-10299","300000","","300000","30만원 이상","","0.75","fallback_from_existing_normalized_card","2026-06-11T13:04:13.065Z"
"naver-card-10597-tier-1-0","naver-card-10597","0","","50000","조건 없음","","0.75","fallback_from_existing_normalized_card","2026-06-11T13:04:13.065Z"
"naver-card-10516-tier-1-300000","naver-card-10516","300000","","20000","30만원 이상","","0.75","fallback_from_existing_normalized_card","2026-06-11T13:04:13.065Z"
"naver-card-10320-tier-1-500000","naver-card-10320","500000","","100000","50만원 이상","","0.75","fallback_from_existing_normalized_card","2026-06-11T13:04:13.065Z"
"naver-card-10371-tier-1-500000","naver-card-10371","500000","","50000","50만원 이상","","0.75","fallback_from_existing_normalized_card","2026-06-11T13:04:13.065Z"
"naver-card-10493-tier-1-400000","naver-card-10493","400000","","5000","40만원 이상","","0.75","fallback_from_existing_normalized_card","2026-06-11T13:04:13.065Z"
"naver-card-10373-tier-1-500000","naver-card-10373","500000","","200000","50만원 이상","","0.75","fallback_from_existing_normalized_card","2026-06-11T13:04:13.065Z"
"naver-card-10035-tier-1-300000","naver-card-10035","300000","","300000","30만원 이상","","0.75","fallback_from_existing_normalized_card","2026-06-11T13:04:13.065Z"
"naver-card-710-tier-1-200000","naver-card-710","200000","","5000","20만원 이상","","0.75","fallback_from_existing_normalized_card","2026-06-11T13:04:13.065Z"
"naver-card-10414-tier-1-500000","naver-card-10414","500000","","300000","50만원 이상","","0.75","fallback_from_existing_normalized_card","2026-06-11T13:04:13.065Z"
"naver-card-10642-tier-1-300000","naver-card-10642","300000","","300000","30만원 이상","","0.75","fallback_from_existing_normalized_card","2026-06-11T13:04:13.065Z"
"naver-card-10488-tier-1-400000","naver-card-10488","400000","","20000","40만원 이상","","0.75","fallback_from_existing_normalized_card","2026-06-11T13:04:13.065Z"
"naver-card-3076-tier-1-200000","naver-card-3076","200000","","5000","20만원 이상","","0.75","fallback_from_existing_normalized_card","2026-06-11T13:04:13.065Z"
"naver-card-10412-tier-1-500000","naver-card-10412","500000","","300000","50만원 이상","","0.75","fallback_from_existing_normalized_card","2026-06-11T13:04:13.065Z"
"naver-card-10448-tier-1-500000","naver-card-10448","500000","","300000","50만원 이상","","0.75","fallback_from_existing_normalized_card","2026-06-11T13:04:13.065Z"
"naver-card-10449-tier-1-500000","naver-card-10449","500000","","300000","50만원 이상","","0.75","fallback_from_existing_normalized_card","2026-06-11T13:04:13.065Z"
"naver-card-10058-tier-1-0","naver-card-10058","0","","50000","조건 없음","","0.75","fallback_from_existing_normalized_card","2026-06-11T13:04:13.065Z"
"naver-card-10585-tier-1-400000","naver-card-10585","400000","","3000","40만원 이상","","0.75","fallback_from_existing_normalized_card","2026-06-11T13:04:13.065Z"
"naver-card-2612-tier-1-500000","naver-card-2612","500000","","10000","50만원 이상","","0.75","fallback_from_existing_normalized_card","2026-06-11T13:04:13.065Z"
"naver-card-10545-tier-1-500000","naver-card-10545","500000","","247000","50만원 이상","","0.75","fallback_from_existing_normalized_card","2026-06-11T13:04:13.065Z"
"naver-card-10475-tier-1-400000","naver-card-10475","400000","","2500","40만원 이상","","0.75","fallback_from_existing_normalized_card","2026-06-11T13:04:13.065Z"
"naver-card-10422-tier-1-500000","naver-card-10422","500000","","10000","50만원 이상","","0.75","fallback_from_existing_normalized_card","2026-06-11T13:04:13.065Z"
"naver-card-10481-tier-1-400000","naver-card-10481","400000","","2500","40만원 이상","","0.75","fallback_from_existing_normalized_card","2026-06-11T13:04:13.065Z"
"naver-card-835-tier-1-300000","naver-card-835","300000","","300000","30만원 이상","","0.75","fallback_from_existing_normalized_card","2026-06-11T13:04:13.065Z"
"naver-card-10386-tier-1-400000","naver-card-10386","400000","","3500","40만원 이상","","0.75","fallback_from_existing_normalized_card","2026-06-11T13:04:13.065Z"
"naver-card-10489-tier-1-300000","naver-card-10489","300000","","120000","30만원 이상","","0.75","fallback_from_existing_normalized_card","2026-06-11T13:04:13.065Z"
"naver-card-10543-tier-1-0","naver-card-10543","0","","300000","조건 없음","","0.75","fallback_from_existing_normalized_card","2026-06-11T13:04:13.065Z"
"naver-card-10541-tier-1-0","naver-card-10541","0","","300000","조건 없음","","0.75","fallback_from_existing_normalized_card","2026-06-11T13:04:13.065Z"
"naver-card-10542-tier-1-0","naver-card-10542","0","","300000","조건 없음","","0.75","fallback_from_existing_normalized_card","2026-06-11T13:04:13.065Z"
"naver-card-10574-tier-1-400000","naver-card-10574","400000","","40000","40만원 이상","","0.75","fallback_from_existing_normalized_card","2026-06-11T13:04:13.065Z"
"naver-card-10423-tier-1-500000","naver-card-10423","500000","","10000","50만원 이상","","0.75","fallback_from_existing_normalized_card","2026-06-11T13:04:13.065Z"
"naver-card-10570-tier-1-500000","naver-card-10570","500000","","30000","50만원 이상","","0.75","fallback_from_existing_normalized_card","2026-06-11T13:04:13.065Z"
"naver-card-10569-tier-1-500000","naver-card-10569","500000","","30000","50만원 이상","","0.75","fallback_from_existing_normalized_card","2026-06-11T13:04:13.065Z"
"naver-card-10619-tier-1-400000","naver-card-10619","400000","","5000","40만원 이상","","0.75","fallback_from_existing_normalized_card","2026-06-11T13:04:13.065Z"
"naver-card-2533-tier-1-300000","naver-card-2533","300000","","300000","30만원 이상","","0.75","fallback_from_existing_normalized_card","2026-06-11T13:04:13.065Z"
"naver-card-1591-tier-1-500000","naver-card-1591","500000","","50000","50만원 이상","","0.75","fallback_from_existing_normalized_card","2026-06-11T13:04:13.065Z"
"naver-card-10609-tier-1-400000","naver-card-10609","400000","","30000","40만원 이상","","0.75","fallback_from_existing_normalized_card","2026-06-11T13:04:13.065Z"
"naver-card-10416-tier-1-300000","naver-card-10416","300000","","300000","30만원 이상","","0.75","fallback_from_existing_normalized_card","2026-06-11T13:04:13.065Z"
"naver-card-1570-tier-1-300000","naver-card-1570","300000","","300000","30만원 이상","","0.75","fallback_from_existing_normalized_card","2026-06-11T13:04:13.065Z"
"naver-card-3756-tier-1-400000","naver-card-3756","400000","","10000","40만원 이상","","0.75","fallback_from_existing_normalized_card","2026-06-11T13:04:13.065Z"
"naver-card-10080-tier-1-300000","naver-card-10080","300000","","10000","30만원 이상","","0.75","fallback_from_existing_normalized_card","2026-06-11T13:04:13.065Z"
"naver-card-10151-tier-1-400000","naver-card-10151","400000","","6000","40만원 이상","","0.75","fallback_from_existing_normalized_card","2026-06-11T13:04:13.065Z"
"naver-card-10207-tier-1-400000","naver-card-10207","400000","","15000","40만원 이상","","0.75","fallback_from_existing_normalized_card","2026-06-11T13:04:13.065Z"
"naver-card-10507-tier-1-300000","naver-card-10507","300000","","7000","30만원 이상","","0.75","fallback_from_existing_normalized_card","2026-06-11T13:04:13.065Z"
"naver-card-10500-tier-1-300000","naver-card-10500","300000","","10000","30만원 이상","","0.75","fallback_from_existing_normalized_card","2026-06-11T13:04:13.065Z"
"naver-card-10513-tier-1-400000","naver-card-10513","400000","","10000","40만원 이상","","0.75","fallback_from_existing_normalized_card","2026-06-11T13:04:13.065Z"
"naver-card-10617-tier-1-0","naver-card-10617","0","","300000","조건 없음","","0.75","fallback_from_existing_normalized_card","2026-06-11T13:04:13.065Z"
"naver-card-10506-tier-1-300000","naver-card-10506","300000","","10000","30만원 이상","","0.75","fallback_from_existing_normalized_card","2026-06-11T13:04:13.065Z"
"naver-card-10535-tier-1-1500000","naver-card-10535","1500000","","300000","150만원 이상","","0.75","fallback_from_existing_normalized_card","2026-06-11T13:04:13.065Z"
"naver-card-10128-tier-1-300000","naver-card-10128","300000","","300000","30만원 이상","","0.75","fallback_from_existing_normalized_card","2026-06-11T13:04:13.065Z"
"naver-card-10491-tier-1-0","naver-card-10491","0","","30000","조건 없음","","0.75","fallback_from_existing_normalized_card","2026-06-11T13:04:13.065Z"
"naver-card-10576-tier-1-0","naver-card-10576","0","","200000","조건 없음","","0.75","fallback_from_existing_normalized_card","2026-06-11T13:04:13.065Z"
"naver-card-10369-tier-1-0","naver-card-10369","0","","30000","조건 없음","","0.75","fallback_from_existing_normalized_card","2026-06-11T13:04:13.065Z"
"naver-card-1400-tier-1-300000","naver-card-1400","300000","","300000","30만원 이상","","0.75","fallback_from_existing_normalized_card","2026-06-11T13:04:13.065Z"
"naver-card-10219-tier-1-500000","naver-card-10219","500000","","100000","50만원 이상","","0.75","fallback_from_existing_normalized_card","2026-06-11T13:04:13.065Z"
"naver-card-1614-tier-1-300000","naver-card-1614","300000","800000","5000","30만원~80만원","","0.95","30만원 이상~80만원 미만 : 커피전문점 3,000원 / 대중교통,편의점,잡화,배달앱 2,000원 총 할인한도 5,000원","2026-06-11T13:04:13.065Z"
"naver-card-10573-tier-1-400000","naver-card-10573","400000","","100000","40만원 이상","","0.75","fallback_from_existing_normalized_card","2026-06-11T13:04:13.065Z"
"naver-card-10441-tier-1-300000","naver-card-10441","300000","","17000","30만원 이상","","0.75","fallback_from_existing_normalized_card","2026-06-11T13:04:13.065Z"
"naver-card-10350-tier-1-400000","naver-card-10350","400000","","10000","40만원 이상","","0.75","fallback_from_existing_normalized_card","2026-06-11T13:04:13.065Z"
"naver-card-10528-tier-1-100000","naver-card-10528","100000","","100000","10만원 이상","","0.75","fallback_from_existing_normalized_card","2026-06-11T13:04:13.065Z"
"naver-card-2487-tier-1-400000","naver-card-2487","400000","","15000","40만원 이상","","0.75","fallback_from_existing_normalized_card","2026-06-11T13:04:13.065Z"
"naver-card-10562-tier-1-300000","naver-card-10562","300000","","300000","30만원 이상","","0.75","fallback_from_existing_normalized_card","2026-06-11T13:04:13.065Z"
"naver-card-10189-tier-1-500000","naver-card-10189","500000","","1000","50만원 이상","","0.75","fallback_from_existing_normalized_card","2026-06-11T13:04:13.065Z"
"naver-card-10362-tier-1-500000","naver-card-10362","500000","","1000","50만원 이상","","0.75","fallback_from_existing_normalized_card","2026-06-11T13:04:13.065Z"
"naver-card-10608-tier-1-300000","naver-card-10608","300000","","300000","30만원 이상","","0.75","fallback_from_existing_normalized_card","2026-06-11T13:04:13.065Z"
"naver-card-1243-tier-1-400000","naver-card-1243","400000","","14000","40만원 이상","","0.75","fallback_from_existing_normalized_card","2026-06-11T13:04:13.065Z"
"naver-card-10361-tier-1-500000","naver-card-10361","500000","","1000","50만원 이상","","0.75","fallback_from_existing_normalized_card","2026-06-11T13:04:13.065Z"
"naver-card-10363-tier-1-500000","naver-card-10363","500000","","1000","50만원 이상","","0.75","fallback_from_existing_normalized_card","2026-06-11T13:04:13.065Z"
"naver-card-10186-tier-1-400000","naver-card-10186","400000","","7000","40만원 이상","","0.75","fallback_from_existing_normalized_card","2026-06-11T13:04:13.065Z"
"naver-card-10297-tier-1-300000","naver-card-10297","300000","","5000","30만원 이상","","0.75","fallback_from_existing_normalized_card","2026-06-11T13:04:13.065Z"
"naver-card-2349-tier-1-500000","naver-card-2349","500000","","1000","50만원 이상","","0.75","fallback_from_existing_normalized_card","2026-06-11T13:04:13.065Z"
"naver-card-652-tier-1-0","naver-card-652","0","","30000","조건 없음","","0.75","fallback_from_existing_normalized_card","2026-06-11T13:04:13.065Z"
"naver-card-10160-tier-1-400000","naver-card-10160","400000","800000","10000","40만원~80만원","","0.75","전월실적 40만원 이상 80만원 미만: 1만원 할인","2026-06-11T13:04:13.065Z"
"naver-card-10160-tier-2-800000","naver-card-10160","800000","1500000","15000","80만원~150만원","","0.75","전월실적 80만원 이상 150만원 미만: 1만5천원 할인","2026-06-11T13:04:13.065Z"
"naver-card-10160-tier-3-1500000","naver-card-10160","1500000","","20000","150만원 이상","","0.75","전월실적 150만원 이상 : 2만원 할인","2026-06-11T13:04:13.065Z"
"naver-card-3996-tier-1-300000","naver-card-3996","300000","","5000","30만원 이상","","0.75","fallback_from_existing_normalized_card","2026-06-11T13:04:13.065Z"
"naver-card-10625-tier-1-500000","naver-card-10625","500000","","20000","50만원 이상","","0.75","fallback_from_existing_normalized_card","2026-06-11T13:04:13.065Z"
"naver-card-10607-tier-1-300000","naver-card-10607","300000","","10000","30만원 이상","","0.75","fallback_from_existing_normalized_card","2026-06-11T13:04:13.065Z"
"naver-card-10636-tier-1-300000","naver-card-10636","300000","","300000","30만원 이상","","0.75","fallback_from_existing_normalized_card","2026-06-11T13:04:13.065Z"
"naver-card-10637-tier-1-500000","naver-card-10637","500000","","33000","50만원 이상","","0.75","fallback_from_existing_normalized_card","2026-06-11T13:04:13.065Z"
"naver-card-3777-tier-1-400000","naver-card-3777","400000","","23000","40만원 이상","","0.75","fallback_from_existing_normalized_card","2026-06-11T13:04:13.065Z"
"naver-card-3776-tier-1-400000","naver-card-3776","400000","","12000","40만원 이상","","0.75","fallback_from_existing_normalized_card","2026-06-11T13:04:13.065Z"
"naver-card-10442-tier-1-300000","naver-card-10442","300000","","300000","30만원 이상","","0.75","fallback_from_existing_normalized_card","2026-06-11T13:04:13.065Z"
"naver-card-2206-tier-1-300000","naver-card-2206","300000","500000","10000","30만원~50만원","[{""label"":""On-Line"",""cap"":6000},{""label"":""Off-Line"",""cap"":4000}]","0.95","30만원이상~50만원미만: 6천원(On-Line)/4천원(Off-Line), 총 할인한도 1만원","2026-06-11T13:04:13.065Z"
"naver-card-2206-tier-2-500000","naver-card-2206","500000","700000","15000","50만원~70만원","[{""label"":""On-Line"",""cap"":9000},{""label"":""Off-Line"",""cap"":6000}]","0.95","50만원이상~70만원미만: 9천원(On-Line)/6천원(Off-Line), 총 할인한도 1만 5천원","2026-06-11T13:04:13.065Z"
"naver-card-2206-tier-3-700000","naver-card-2206","700000","1200000","25000","70만원~120만원","[{""label"":""On-Line"",""cap"":15000},{""label"":""Off-Line"",""cap"":10000}]","0.95","70만원이상~120만원미만: 1만 5천원(On-Line)/1만원(Off-Line), 총 할인한도 2만 5천원","2026-06-11T13:04:13.065Z"
"naver-card-2206-tier-4-1200000","naver-card-2206","1200000","","40000","120만원 이상","[{""label"":""On-Line"",""cap"":25000},{""label"":""Off-Line"",""cap"":15000}]","0.95","120만원이상: 2만 5천원(On-Line)/1만 5천원(Off-Line), 총 할인한도 4만원","2026-06-11T13:04:13.065Z"
"naver-card-10464-tier-1-500000","naver-card-10464","500000","","20000","50만원 이상","","0.75","fallback_from_existing_normalized_card","2026-06-11T13:04:13.065Z"
"naver-card-10308-tier-1-400000","naver-card-10308","400000","","20000","40만원 이상","","0.75","fallback_from_existing_normalized_card","2026-06-11T13:04:13.065Z"
"naver-card-10421-tier-1-500000","naver-card-10421","500000","","70000","50만원 이상","","0.75","fallback_from_existing_normalized_card","2026-06-11T13:04:13.065Z"
"naver-card-10429-tier-1-300000","naver-card-10429","300000","","200000","30만원 이상","","0.75","fallback_from_existing_normalized_card","2026-06-11T13:04:13.065Z"
"naver-card-10294-tier-1-500000","naver-card-10294","500000","","2000","50만원 이상","","0.75","fallback_from_existing_normalized_card","2026-06-11T13:04:13.065Z"
"naver-card-10517-tier-1-300000","naver-card-10517","300000","","30000","30만원 이상","","0.75","fallback_from_existing_normalized_card","2026-06-11T13:04:13.065Z"
"naver-card-10372-tier-1-500000","naver-card-10372","500000","","20000","50만원 이상","","0.75","fallback_from_existing_normalized_card","2026-06-11T13:04:13.065Z"
"naver-card-10264-tier-1-300000","naver-card-10264","300000","","5000","30만원 이상","","0.75","fallback_from_existing_normalized_card","2026-06-11T13:04:13.065Z"
"naver-card-10624-tier-1-400000","naver-card-10624","400000","","20000","40만원 이상","","0.75","fallback_from_existing_normalized_card","2026-06-11T13:04:13.065Z"
"naver-card-10556-tier-1-300000","naver-card-10556","300000","","17000","30만원 이상","","0.75","fallback_from_existing_normalized_card","2026-06-11T13:04:13.065Z"
"naver-card-2757-tier-1-300000","naver-card-2757","300000","","10000","30만원 이상","","0.75","fallback_from_existing_normalized_card","2026-06-11T13:04:13.065Z"
"naver-card-10527-tier-1-400000","naver-card-10527","400000","","100000","40만원 이상","","0.75","fallback_from_existing_normalized_card","2026-06-11T13:04:13.065Z"
"naver-card-10634-tier-1-300000","naver-card-10634","300000","","1000","30만원 이상","","0.75","fallback_from_existing_normalized_card","2026-06-11T13:04:13.065Z"
"naver-card-10277-tier-1-0","naver-card-10277","0","","100000","조건 없음","","0.75","fallback_from_existing_normalized_card","2026-06-11T13:04:13.065Z"
"naver-card-4096-tier-1-500000","naver-card-4096","500000","","5000","50만원 이상","","0.75","fallback_from_existing_normalized_card","2026-06-11T13:04:13.065Z"
"naver-card-10567-tier-1-300000","naver-card-10567","300000","","200000","30만원 이상","","0.75","fallback_from_existing_normalized_card","2026-06-11T13:04:13.065Z"
"naver-card-10555-tier-1-500000","naver-card-10555","500000","","20000","50만원 이상","","0.75","fallback_from_existing_normalized_card","2026-06-11T13:04:13.065Z"
"naver-card-10505-tier-1-400000","naver-card-10505","400000","","10000","40만원 이상","","0.75","fallback_from_existing_normalized_card","2026-06-11T13:04:13.065Z"
"naver-card-10241-tier-1-400000","naver-card-10241","400000","","2000","40만원 이상","","0.75","fallback_from_existing_normalized_card","2026-06-11T13:04:13.065Z"
"naver-card-10477-tier-1-300000","naver-card-10477","300000","","20000","30만원 이상","","0.75","fallback_from_existing_normalized_card","2026-06-11T13:04:13.065Z"
"naver-card-10211-tier-1-300000","naver-card-10211","300000","","300000","30만원 이상","","0.75","fallback_from_existing_normalized_card","2026-06-11T13:04:13.065Z"
"naver-card-10445-tier-1-500000","naver-card-10445","500000","","30000","50만원 이상","","0.75","fallback_from_existing_normalized_card","2026-06-11T13:04:13.065Z"
"naver-card-10419-tier-1-400000","naver-card-10419","400000","","15000","40만원 이상","","0.75","fallback_from_existing_normalized_card","2026-06-11T13:04:13.065Z"
"naver-card-10571-tier-1-1000000","naver-card-10571","1000000","","200000","100만원 이상","","0.75","fallback_from_existing_normalized_card","2026-06-11T13:04:13.065Z"
"naver-card-10495-tier-1-2000000","naver-card-10495","2000000","","70000","200만원 이상","","0.75","fallback_from_existing_normalized_card","2026-06-11T13:04:13.065Z"
"naver-card-2414-tier-1-300000","naver-card-2414","300000","","13000","30만원 이상","","0.75","전월실적 30만원이상 : 1만3천원 할인","2026-06-11T13:04:13.065Z"
"naver-card-2414-tier-2-600000","naver-card-2414","600000","","15000","60만원 이상","","0.75","전월실적 60만원이상 : 1만5천원 할인","2026-06-11T13:04:13.065Z"
"naver-card-2414-tier-3-1000000","naver-card-2414","1000000","","20000","100만원 이상","","0.75","전월실적 100만원이상 : 2만원 할인","2026-06-11T13:04:13.065Z"
"naver-card-10539-tier-1-300000","naver-card-10539","300000","","17000","30만원 이상","","0.75","fallback_from_existing_normalized_card","2026-06-11T13:04:13.065Z"
