"review_id","card_id","refine_status","confidence_score","review_reasons","cap_tier_count","benefit_rule_count","low_confidence_benefit_rule_count","exclusion_count","exported_at"
"naver-card-10623-review","naver-card-10623","ready_for_review","100","","1","17","4","11","2026-06-11T13:04:13.065Z"
"naver-card-10304-review","naver-card-10304","ready_for_review","100","","1","279","3","12","2026-06-11T13:04:13.065Z"
"naver-card-1530-review","naver-card-1530","ready_for_review","100","","1","103","0","8","2026-06-11T13:04:13.065Z"
"naver-card-115-review","naver-card-115","ready_for_review","80","benefit_rules_weak","1","19","0","11","2026-06-11T13:04:13.065Z"
"naver-card-10216-review","naver-card-10216","ready_for_review","100","","1","221","0","11","2026-06-11T13:04:13.065Z"
"naver-card-10332-review","naver-card-10332","ready_for_review","100","","1","64","0","12","2026-06-11T13:04:13.065Z"
"naver-card-10105-review","naver-card-10105","partial_review","65","cap_tiers_missing | performance_inclusion_unknown | monthly_cap_unclear","0","86","0","13","2026-06-11T13:04:13.065Z"
"naver-card-1408-review","naver-card-1408","ready_for_review","100","","1","120","4","6","2026-06-11T13:04:13.065Z"
"naver-card-1294-review","naver-card-1294","ready_for_review","80","cap_tiers_missing","0","44","0","9","2026-06-11T13:04:13.065Z"
"naver-card-10611-review","naver-card-10611","partial_review","70","cap_tiers_missing | monthly_cap_unclear","0","40","4","8","2026-06-11T13:04:13.065Z"
"naver-card-10375-review","naver-card-10375","ready_for_review","100","","1","145","0","12","2026-06-11T13:04:13.065Z"
"naver-card-10303-review","naver-card-10303","partial_review","70","cap_tiers_missing | monthly_cap_unclear","0","90","0","13","2026-06-11T13:04:13.065Z"
"naver-card-10305-review","naver-card-10305","ready_for_review","80","cap_tiers_missing","0","128","16","13","2026-06-11T13:04:13.065Z"
"naver-card-10141-review","naver-card-10141","ready_for_review","95","performance_inclusion_unknown","1","67","15","13","2026-06-11T13:04:13.065Z"
"naver-card-10615-review","naver-card-10615","partial_review","70","cap_tiers_missing | monthly_cap_unclear","0","126","0","12","2026-06-11T13:04:13.065Z"
"naver-card-1684-review","naver-card-1684","ready_for_review","95","performance_inclusion_unknown","1","13","5","3","2026-06-11T13:04:13.065Z"
"naver-card-10309-review","naver-card-10309","ready_for_review","100","","1","9","0","12","2026-06-11T13:04:13.065Z"
"naver-card-10307-review","naver-card-10307","ready_for_review","100","","1","9","0","13","2026-06-11T13:04:13.065Z"
"naver-card-1531-review","naver-card-1531","partial_review","70","cap_tiers_missing | monthly_cap_unclear","0","34","0","7","2026-06-11T13:04:13.065Z"
"naver-card-2776-review","naver-card-2776","partial_review","70","cap_tiers_missing | monthly_cap_unclear","0","86","0","8","2026-06-11T13:04:13.065Z"
"naver-card-3881-review","naver-card-3881","ready_for_review","100","","1","42","0","11","2026-06-11T13:04:13.065Z"
"naver-card-3896-review","naver-card-3896","ready_for_review","100","","1","36","0","11","2026-06-11T13:04:13.065Z"
"naver-card-1695-review","naver-card-1695","ready_for_review","100","","1","32","5","8","2026-06-11T13:04:13.065Z"
"naver-card-3857-review","naver-card-3857","ready_for_review","80","cap_tiers_missing","0","34","0","12","2026-06-11T13:04:13.065Z"
"naver-card-1597-review","naver-card-1597","ready_for_review","100","","1","10","2","8","2026-06-11T13:04:13.065Z"
"naver-card-10157-review","naver-card-10157","ready_for_review","100","","1","70","4","11","2026-06-11T13:04:13.065Z"
"naver-card-10102-review","naver-card-10102","ready_for_review","100","","1","59","0","11","2026-06-11T13:04:13.065Z"
"naver-card-10522-review","naver-card-10522","ready_for_review","80","cap_tiers_missing","0","138","0","12","2026-06-11T13:04:13.065Z"
"naver-card-10343-review","naver-card-10343","ready_for_review","100","","1","58","4","11","2026-06-11T13:04:13.065Z"
"naver-card-10328-review","naver-card-10328","ready_for_review","80","cap_tiers_missing","0","23","2","11","2026-06-11T13:04:13.065Z"
"naver-card-3717-review","naver-card-3717","ready_for_review","100","","1","119","0","12","2026-06-11T13:04:13.065Z"
"naver-card-3638-review","naver-card-3638","partial_review","70","cap_tiers_missing | monthly_cap_unclear","0","37","0","12","2026-06-11T13:04:13.065Z"
"naver-card-2856-review","naver-card-2856","partial_review","70","cap_tiers_missing | monthly_cap_unclear","0","18","6","10","2026-06-11T13:04:13.065Z"
"naver-card-1451-review","naver-card-1451","ready_for_review","100","","1","151","4","9","2026-06-11T13:04:13.065Z"
"naver-card-10566-review","naver-card-10566","ready_for_review","100","","1","26","0","12","2026-06-11T13:04:13.065Z"
"naver-card-10558-review","naver-card-10558","partial_review","70","cap_tiers_missing | monthly_cap_unclear","0","441","86","12","2026-06-11T13:04:13.065Z"
"naver-card-10616-review","naver-card-10616","partial_review","70","cap_tiers_missing | monthly_cap_unclear","0","126","0","12","2026-06-11T13:04:13.065Z"
"naver-card-10107-review","naver-card-10107","ready_for_review","95","performance_inclusion_unknown","1","14","0","13","2026-06-11T13:04:13.065Z"
"naver-card-10108-review","naver-card-10108","ready_for_review","95","performance_inclusion_unknown","1","17","0","13","2026-06-11T13:04:13.065Z"
"naver-card-10106-review","naver-card-10106","ready_for_review","95","performance_inclusion_unknown","1","17","0","13","2026-06-11T13:04:13.065Z"
"naver-card-10071-review","naver-card-10071","ready_for_review","95","performance_inclusion_unknown","1","31","0","13","2026-06-11T13:04:13.065Z"
"naver-card-10310-review","naver-card-10310","ready_for_review","80","benefit_rules_weak","1","19","0","11","2026-06-11T13:04:13.065Z"
"naver-card-2337-review","naver-card-2337","ready_for_review","100","","1","50","4","7","2026-06-11T13:04:13.065Z"
"naver-card-10218-review","naver-card-10218","ready_for_review","80","cap_tiers_missing","0","45","18","10","2026-06-11T13:04:13.065Z"
"naver-card-1571-review","naver-card-1571","ready_for_review","100","","1","51","19","8","2026-06-11T13:04:13.065Z"
"naver-card-10589-review","naver-card-10589","partial_review","65","cap_tiers_missing | performance_inclusion_unknown | monthly_cap_unclear","0","22","18","11","2026-06-11T13:04:13.065Z"
"naver-card-10355-review","naver-card-10355","ready_for_review","100","","1","82","0","9","2026-06-11T13:04:13.065Z"
"naver-card-10590-review","naver-card-10590","partial_review","65","cap_tiers_missing | performance_inclusion_unknown | monthly_cap_unclear","0","40","34","11","2026-06-11T13:04:13.065Z"
"naver-card-10176-review","naver-card-10176","partial_review","70","cap_tiers_missing | monthly_cap_unclear","0","7","2","10","2026-06-11T13:04:13.065Z"
"naver-card-3856-review","naver-card-3856","partial_review","65","cap_tiers_missing | performance_inclusion_unknown | monthly_cap_unclear","0","72","0","13","2026-06-11T13:04:13.065Z"
"naver-card-10033-review","naver-card-10033","manual_required","50","benefit_rules_weak | cap_tiers_missing | monthly_cap_unclear","0","11","9","12","2026-06-11T13:04:13.065Z"
"naver-card-10029-review","naver-card-10029","ready_for_review","95","performance_inclusion_unknown","1","113","2","13","2026-06-11T13:04:13.065Z"
"naver-card-10256-review","naver-card-10256","ready_for_review","80","cap_tiers_missing","0","27","4","11","2026-06-11T13:04:13.065Z"
"naver-card-10184-review","naver-card-10184","ready_for_review","80","cap_tiers_missing","0","36","0","11","2026-06-11T13:04:13.065Z"
"naver-card-10462-review","naver-card-10462","ready_for_review","100","","1","34","0","11","2026-06-11T13:04:13.065Z"
"naver-card-10126-review","naver-card-10126","ready_for_review","100","","1","34","0","11","2026-06-11T13:04:13.065Z"
"naver-card-10237-review","naver-card-10237","ready_for_review","100","","1","60","18","11","2026-06-11T13:04:13.065Z"
"naver-card-10103-review","naver-card-10103","partial_review","70","cap_tiers_missing | monthly_cap_unclear","0","33","0","12","2026-06-11T13:04:13.065Z"
"naver-card-10406-review","naver-card-10406","partial_review","70","cap_tiers_missing | monthly_cap_unclear","0","38","1","12","2026-06-11T13:04:13.065Z"
"naver-card-10523-review","naver-card-10523","ready_for_review","100","","1","106","0","11","2026-06-11T13:04:13.065Z"
"naver-card-2348-review","naver-card-2348","ready_for_review","100","","1","76","4","8","2026-06-11T13:04:13.065Z"
"naver-card-10485-review","naver-card-10485","ready_for_review","100","","1","135","6","12","2026-06-11T13:04:13.065Z"
"naver-card-10490-review","naver-card-10490","ready_for_review","100","","1","112","4","12","2026-06-11T13:04:13.065Z"
"naver-card-10402-review","naver-card-10402","ready_for_review","100","","1","88","4","11","2026-06-11T13:04:13.065Z"
"naver-card-10327-review","naver-card-10327","ready_for_review","95","performance_inclusion_unknown","1","48","15","10","2026-06-11T13:04:13.065Z"
"naver-card-10409-review","naver-card-10409","ready_for_review","100","","1","80","11","11","2026-06-11T13:04:13.065Z"
"naver-card-10444-review","naver-card-10444","ready_for_review","100","","1","52","1","6","2026-06-11T13:04:13.065Z"
"naver-card-1292-review","naver-card-1292","ready_for_review","100","","1","43","5","7","2026-06-11T13:04:13.065Z"
"naver-card-10201-review","naver-card-10201","ready_for_review","100","","1","45","0","11","2026-06-11T13:04:13.065Z"
"naver-card-10333-review","naver-card-10333","partial_review","70","cap_tiers_missing | monthly_cap_unclear","0","47","7","12","2026-06-11T13:04:13.065Z"
"naver-card-10345-review","naver-card-10345","ready_for_review","100","","1","39","5","8","2026-06-11T13:04:13.065Z"
"naver-card-10286-review","naver-card-10286","ready_for_review","100","","1","21","6","12","2026-06-11T13:04:13.065Z"
"naver-card-10045-review","naver-card-10045","ready_for_review","100","","1","49","26","12","2026-06-11T13:04:13.065Z"
"naver-card-10612-review","naver-card-10612","ready_for_review","100","","1","28","4","8","2026-06-11T13:04:13.065Z"
"naver-card-10592-review","naver-card-10592","ready_for_review","100","","1","33","5","11","2026-06-11T13:04:13.065Z"
"naver-card-10536-review","naver-card-10536","ready_for_review","100","","1","47","18","11","2026-06-11T13:04:13.065Z"
"naver-card-10593-review","naver-card-10593","ready_for_review","100","","1","15","4","11","2026-06-11T13:04:13.065Z"
"naver-card-10512-review","naver-card-10512","ready_for_review","95","performance_inclusion_unknown","1","48","15","11","2026-06-11T13:04:13.065Z"
"naver-card-10403-review","naver-card-10403","ready_for_review","100","","1","65","1","11","2026-06-11T13:04:13.065Z"
"naver-card-10344-review","naver-card-10344","ready_for_review","100","","1","25","4","11","2026-06-11T13:04:13.065Z"
"naver-card-10492-review","naver-card-10492","ready_for_review","100","","1","99","32","11","2026-06-11T13:04:13.065Z"
"naver-card-10538-review","naver-card-10538","ready_for_review","100","","1","62","13","6","2026-06-11T13:04:13.065Z"
"naver-card-10376-review","naver-card-10376","ready_for_review","100","","1","35","7","11","2026-06-11T13:04:13.065Z"
"naver-card-10580-review","naver-card-10580","ready_for_review","100","","1","52","30","2","2026-06-11T13:04:13.065Z"
"naver-card-10348-review","naver-card-10348","ready_for_review","100","","1","46","1","11","2026-06-11T13:04:13.065Z"
"naver-card-10315-review","naver-card-10315","ready_for_review","80","cap_tiers_missing","0","82","52","12","2026-06-11T13:04:13.065Z"
"naver-card-10347-review","naver-card-10347","partial_review","70","cap_tiers_missing | monthly_cap_unclear","0","75","4","11","2026-06-11T13:04:13.065Z"
"naver-card-10316-review","naver-card-10316","partial_review","70","cap_tiers_missing | monthly_cap_unclear","0","72","32","12","2026-06-11T13:04:13.065Z"
"naver-card-1692-review","naver-card-1692","ready_for_review","100","","1","33","0","9","2026-06-11T13:04:13.065Z"
"naver-card-10452-review","naver-card-10452","ready_for_review","95","performance_inclusion_unknown","1","116","0","12","2026-06-11T13:04:13.065Z"
"naver-card-10453-review","naver-card-10453","ready_for_review","95","performance_inclusion_unknown","1","118","6","12","2026-06-11T13:04:13.065Z"
"naver-card-10358-review","naver-card-10358","ready_for_review","100","","1","72","13","9","2026-06-11T13:04:13.065Z"
"naver-card-10313-review","naver-card-10313","ready_for_review","100","","1","55","0","10","2026-06-11T13:04:13.065Z"
"naver-card-10187-review","naver-card-10187","ready_for_review","100","","1","15","0","1","2026-06-11T13:04:13.065Z"
"naver-card-10584-review","naver-card-10584","ready_for_review","100","","1","186","0","4","2026-06-11T13:04:13.065Z"
"naver-card-10346-review","naver-card-10346","ready_for_review","100","","1","27","4","9","2026-06-11T13:04:13.065Z"
"naver-card-10479-review","naver-card-10479","ready_for_review","100","","1","21","10","9","2026-06-11T13:04:13.065Z"
"naver-card-10314-review","naver-card-10314","ready_for_review","100","","1","35","0","9","2026-06-11T13:04:13.065Z"
"naver-card-1322-review","naver-card-1322","ready_for_review","100","","1","64","11","7","2026-06-11T13:04:13.065Z"
"naver-card-277-review","naver-card-277","ready_for_review","100","","1","69","14","7","2026-06-11T13:04:13.065Z"
"naver-card-2226-review","naver-card-2226","ready_for_review","100","","1","26","5","9","2026-06-11T13:04:13.065Z"
"naver-card-2676-review","naver-card-2676","ready_for_review","100","","1","16","3","8","2026-06-11T13:04:13.065Z"
"naver-card-10238-review","naver-card-10238","ready_for_review","100","","1","93","0","12","2026-06-11T13:04:13.065Z"
"naver-card-1465-review","naver-card-1465","ready_for_review","100","","1","108","47","7","2026-06-11T13:04:13.065Z"
"naver-card-2418-review","naver-card-2418","ready_for_review","100","","1","61","38","8","2026-06-11T13:04:13.065Z"
"naver-card-10451-review","naver-card-10451","ready_for_review","100","","1","19","2","11","2026-06-11T13:04:13.065Z"
"naver-card-10268-review","naver-card-10268","ready_for_review","100","","1","20","6","12","2026-06-11T13:04:13.065Z"
"naver-card-10463-review","naver-card-10463","ready_for_review","100","","1","30","2","11","2026-06-11T13:04:13.065Z"
"naver-card-10236-review","naver-card-10236","ready_for_review","100","","1","71","27","11","2026-06-11T13:04:13.065Z"
"naver-card-10049-review","naver-card-10049","partial_review","70","cap_tiers_missing | monthly_cap_unclear","0","30","12","11","2026-06-11T13:04:13.065Z"
"naver-card-10450-review","naver-card-10450","partial_review","70","cap_tiers_missing | monthly_cap_unclear","0","24","7","11","2026-06-11T13:04:13.065Z"
"naver-card-10235-review","naver-card-10235","partial_review","70","cap_tiers_missing | monthly_cap_unclear","0","79","23","11","2026-06-11T13:04:13.065Z"
"naver-card-3878-review","naver-card-3878","partial_review","70","cap_tiers_missing | monthly_cap_unclear","0","20","14","2","2026-06-11T13:04:13.065Z"
"naver-card-10600-review","naver-card-10600","partial_review","70","cap_tiers_missing | monthly_cap_unclear","0","27","0","10","2026-06-11T13:04:13.065Z"
"naver-card-10601-review","naver-card-10601","partial_review","70","cap_tiers_missing | monthly_cap_unclear","0","27","6","10","2026-06-11T13:04:13.065Z"
"naver-card-10354-review","naver-card-10354","ready_for_review","100","","1","19","2","2","2026-06-11T13:04:13.065Z"
"naver-card-10340-review","naver-card-10340","partial_review","70","cap_tiers_missing | monthly_cap_unclear","0","29","10","11","2026-06-11T13:04:13.065Z"
"naver-card-10321-review","naver-card-10321","ready_for_review","100","","1","6","4","11","2026-06-11T13:04:13.065Z"
"naver-card-10540-review","naver-card-10540","ready_for_review","80","benefit_rules_weak","1","9","8","8","2026-06-11T13:04:13.065Z"
"naver-card-10552-review","naver-card-10552","partial_review","70","cap_tiers_missing | monthly_cap_unclear","0","19","7","11","2026-06-11T13:04:13.065Z"
"naver-card-10553-review","naver-card-10553","partial_review","70","cap_tiers_missing | monthly_cap_unclear","0","22","6","11","2026-06-11T13:04:13.065Z"
"naver-card-10398-review","naver-card-10398","ready_for_review","100","","1","22","0","12","2026-06-11T13:04:13.065Z"
"naver-card-10169-review","naver-card-10169","ready_for_review","100","","1","8","2","9","2026-06-11T13:04:13.065Z"
"naver-card-10554-review","naver-card-10554","ready_for_review","100","","1","26","11","11","2026-06-11T13:04:13.065Z"
"naver-card-10357-review","naver-card-10357","ready_for_review","100","","1","7","5","11","2026-06-11T13:04:13.065Z"
"naver-card-10194-review","naver-card-10194","partial_review","70","cap_tiers_missing | monthly_cap_unclear","0","16","3","9","2026-06-11T13:04:13.065Z"
"naver-card-10440-review","naver-card-10440","ready_for_review","100","","1","12","4","14","2026-06-11T13:04:13.065Z"
"naver-card-10596-review","naver-card-10596","ready_for_review","100","","1","35","1","11","2026-06-11T13:04:13.065Z"
"naver-card-10550-review","naver-card-10550","partial_review","70","cap_tiers_missing | monthly_cap_unclear","0","113","16","11","2026-06-11T13:04:13.065Z"
"naver-card-10266-review","naver-card-10266","partial_review","70","cap_tiers_missing | monthly_cap_unclear","0","39","9","11","2026-06-11T13:04:13.065Z"
"naver-card-10568-review","naver-card-10568","partial_review","70","cap_tiers_missing | monthly_cap_unclear","0","149","105","10","2026-06-11T13:04:13.065Z"
"naver-card-10579-review","naver-card-10579","ready_for_review","80","benefit_rules_weak","1","17","0","11","2026-06-11T13:04:13.065Z"
"naver-card-10349-review","naver-card-10349","manual_required","50","benefit_rules_weak | cap_tiers_missing | monthly_cap_unclear","0","13","3","11","2026-06-11T13:04:13.065Z"
"naver-card-10311-review","naver-card-10311","partial_review","70","cap_tiers_missing | monthly_cap_unclear","0","197","0","11","2026-06-11T13:04:13.065Z"
"naver-card-10480-review","naver-card-10480","ready_for_review","100","","1","33","0","11","2026-06-11T13:04:13.065Z"
"naver-card-247-review","naver-card-247","ready_for_review","95","performance_inclusion_unknown","1","20","11","4","2026-06-11T13:04:13.065Z"
"naver-card-4047-review","naver-card-4047","partial_review","70","cap_tiers_missing | monthly_cap_unclear","0","59","2","11","2026-06-11T13:04:13.065Z"
"naver-card-10284-review","naver-card-10284","ready_for_review","100","","1","16","2","11","2026-06-11T13:04:13.065Z"
"naver-card-3959-review","naver-card-3959","ready_for_review","100","","1","40","0","11","2026-06-11T13:04:13.065Z"
"naver-card-10511-review","naver-card-10511","partial_review","70","cap_tiers_missing | monthly_cap_unclear","0","39","0","12","2026-06-11T13:04:13.065Z"
"naver-card-10454-review","naver-card-10454","ready_for_review","100","","1","29","0","12","2026-06-11T13:04:13.065Z"
"naver-card-10391-review","naver-card-10391","ready_for_review","100","","1","51","0","12","2026-06-11T13:04:13.065Z"
"naver-card-10267-review","naver-card-10267","ready_for_review","100","","1","35","0","10","2026-06-11T13:04:13.065Z"
"naver-card-10387-review","naver-card-10387","ready_for_review","100","","1","21","0","12","2026-06-11T13:04:13.065Z"
"naver-card-10388-review","naver-card-10388","ready_for_review","100","","1","23","0","12","2026-06-11T13:04:13.065Z"
"naver-card-10390-review","naver-card-10390","ready_for_review","100","","1","22","0","12","2026-06-11T13:04:13.065Z"
"naver-card-10389-review","naver-card-10389","ready_for_review","100","","1","22","0","12","2026-06-11T13:04:13.065Z"
"naver-card-10039-review","naver-card-10039","partial_review","70","cap_tiers_missing | monthly_cap_unclear","0","11","5","12","2026-06-11T13:04:13.065Z"
"naver-card-10447-review","naver-card-10447","ready_for_review","100","","1","58","1","10","2026-06-11T13:04:13.065Z"
"naver-card-10424-review","naver-card-10424","partial_review","65","cap_tiers_missing | performance_inclusion_unknown | monthly_cap_unclear","0","8","3","8","2026-06-11T13:04:13.065Z"
"naver-card-1312-review","naver-card-1312","manual_required","45","benefit_rules_weak | cap_tiers_missing | performance_inclusion_unknown | monthly_cap_unclear","0","12","12","8","2026-06-11T13:04:13.065Z"
"naver-card-10504-review","naver-card-10504","ready_for_review","95","performance_inclusion_unknown","1","31","17","12","2026-06-11T13:04:13.065Z"
"naver-card-10338-review","naver-card-10338","partial_review","65","cap_tiers_missing | performance_inclusion_unknown | monthly_cap_unclear","0","38","22","9","2026-06-11T13:04:13.065Z"
"naver-card-10514-review","naver-card-10514","ready_for_review","95","performance_inclusion_unknown","1","24","5","12","2026-06-11T13:04:13.065Z"
"naver-card-10509-review","naver-card-10509","ready_for_review","95","performance_inclusion_unknown","1","68","0","11","2026-06-11T13:04:13.065Z"
"naver-card-10130-review","naver-card-10130","ready_for_review","100","","1","37","5","11","2026-06-11T13:04:13.065Z"
"naver-card-10323-review","naver-card-10323","partial_review","65","cap_tiers_missing | performance_inclusion_unknown | monthly_cap_unclear","0","66","60","9","2026-06-11T13:04:13.065Z"
"naver-card-10337-review","naver-card-10337","partial_review","65","cap_tiers_missing | performance_inclusion_unknown | monthly_cap_unclear","0","40","27","9","2026-06-11T13:04:13.065Z"
"naver-card-10497-review","naver-card-10497","partial_review","70","cap_tiers_missing | monthly_cap_unclear","0","63","31","9","2026-06-11T13:04:13.065Z"
"naver-card-10335-review","naver-card-10335","partial_review","65","cap_tiers_missing | performance_inclusion_unknown | monthly_cap_unclear","0","80","75","9","2026-06-11T13:04:13.065Z"
"naver-card-10353-review","naver-card-10353","partial_review","70","cap_tiers_missing | monthly_cap_unclear","0","80","54","9","2026-06-11T13:04:13.065Z"
"naver-card-10594-review","naver-card-10594","partial_review","70","cap_tiers_missing | monthly_cap_unclear","0","98","41","8","2026-06-11T13:04:13.065Z"
"naver-card-10339-review","naver-card-10339","partial_review","65","cap_tiers_missing | performance_inclusion_unknown | monthly_cap_unclear","0","35","24","9","2026-06-11T13:04:13.065Z"
"naver-card-10499-review","naver-card-10499","partial_review","65","cap_tiers_missing | performance_inclusion_unknown | monthly_cap_unclear","0","125","18","9","2026-06-11T13:04:13.065Z"
"naver-card-10336-review","naver-card-10336","partial_review","65","cap_tiers_missing | performance_inclusion_unknown | monthly_cap_unclear","0","93","18","8","2026-06-11T13:04:13.065Z"
"naver-card-10498-review","naver-card-10498","partial_review","65","cap_tiers_missing | performance_inclusion_unknown | monthly_cap_unclear","0","135","18","9","2026-06-11T13:04:13.065Z"
"naver-card-10466-review","naver-card-10466","partial_review","65","cap_tiers_missing | performance_inclusion_unknown | monthly_cap_unclear","0","126","73","9","2026-06-11T13:04:13.065Z"
"naver-card-10334-review","naver-card-10334","partial_review","65","cap_tiers_missing | performance_inclusion_unknown | monthly_cap_unclear","0","82","76","9","2026-06-11T13:04:13.065Z"
"naver-card-10322-review","naver-card-10322","partial_review","70","cap_tiers_missing | monthly_cap_unclear","0","73","7","9","2026-06-11T13:04:13.065Z"
"naver-card-10534-review","naver-card-10534","partial_review","70","cap_tiers_missing | monthly_cap_unclear","0","82","52","8","2026-06-11T13:04:13.065Z"
"naver-card-10413-review","naver-card-10413","partial_review","65","cap_tiers_missing | performance_inclusion_unknown | monthly_cap_unclear","0","80","71","8","2026-06-11T13:04:13.065Z"
"naver-card-10515-review","naver-card-10515","ready_for_review","100","","1","30","6","12","2026-06-11T13:04:13.065Z"
"naver-card-10134-review","naver-card-10134","ready_for_review","100","","1","27","4","11","2026-06-11T13:04:13.065Z"
"naver-card-10525-review","naver-card-10525","partial_review","70","cap_tiers_missing | monthly_cap_unclear","0","79","31","11","2026-06-11T13:04:13.065Z"
"naver-card-10359-review","naver-card-10359","ready_for_review","100","","1","104","11","10","2026-06-11T13:04:13.065Z"
"naver-card-10411-review","naver-card-10411","partial_review","65","cap_tiers_missing | performance_inclusion_unknown | monthly_cap_unclear","0","85","75","8","2026-06-11T13:04:13.065Z"
"naver-card-10317-review","naver-card-10317","ready_for_review","100","","1","49","6","11","2026-06-11T13:04:13.065Z"
"naver-card-10502-review","naver-card-10502","ready_for_review","95","performance_inclusion_unknown","1","30","16","12","2026-06-11T13:04:13.065Z"
"naver-card-10428-review","naver-card-10428","ready_for_review","100","","3","67","0","12","2026-06-11T13:04:13.065Z"
"naver-card-1360-review","naver-card-1360","ready_for_review","100","","1","50","6","2","2026-06-11T13:04:13.065Z"
"naver-card-10531-review","naver-card-10531","partial_review","65","cap_tiers_missing | performance_inclusion_unknown | monthly_cap_unclear","0","41","40","8","2026-06-11T13:04:13.065Z"
"naver-card-10533-review","naver-card-10533","partial_review","75","cap_tiers_missing | performance_inclusion_unknown","0","97","9","8","2026-06-11T13:04:13.065Z"
"naver-card-10503-review","naver-card-10503","ready_for_review","95","performance_inclusion_unknown","1","31","17","12","2026-06-11T13:04:13.065Z"
"naver-card-10532-review","naver-card-10532","partial_review","65","cap_tiers_missing | performance_inclusion_unknown | monthly_cap_unclear","0","36","35","8","2026-06-11T13:04:13.065Z"
"naver-card-1573-review","naver-card-1573","ready_for_review","100","","1","39","0","8","2026-06-11T13:04:13.065Z"
"naver-card-10291-review","naver-card-10291","ready_for_review","95","performance_inclusion_unknown","1","14","2","4","2026-06-11T13:04:13.065Z"
"naver-card-1715-review","naver-card-1715","ready_for_review","100","","1","36","14","3","2026-06-11T13:04:13.065Z"
"naver-card-1889-review","naver-card-1889","ready_for_review","100","","1","46","0","9","2026-06-11T13:04:13.065Z"
"naver-card-1340-review","naver-card-1340","ready_for_review","100","","1","58","9","5","2026-06-11T13:04:13.065Z"
"naver-card-10232-review","naver-card-10232","ready_for_review","100","","1","16","12","11","2026-06-11T13:04:13.065Z"
"naver-card-10591-review","naver-card-10591","partial_review","70","cap_tiers_missing | monthly_cap_unclear","0","37","4","9","2026-06-11T13:04:13.065Z"
"naver-card-2345-review","naver-card-2345","ready_for_review","95","performance_inclusion_unknown","1","62","16","4","2026-06-11T13:04:13.065Z"
"naver-card-1337-review","naver-card-1337","manual_required","50","benefit_rules_weak | cap_tiers_missing | monthly_cap_unclear","0","13","6","3","2026-06-11T13:04:13.065Z"
"naver-card-10265-review","naver-card-10265","partial_review","70","cap_tiers_missing | monthly_cap_unclear","0","39","9","11","2026-06-11T13:04:13.065Z"
"naver-card-10614-review","naver-card-10614","ready_for_review","95","performance_inclusion_unknown","1","18","1","8","2026-06-11T13:04:13.065Z"
"naver-card-10557-review","naver-card-10557","partial_review","70","cap_tiers_missing | monthly_cap_unclear","0","6","3","5","2026-06-11T13:04:13.065Z"
"naver-card-10524-review","naver-card-10524","ready_for_review","80","benefit_rules_weak","1","17","0","12","2026-06-11T13:04:13.065Z"
"naver-card-10613-review","naver-card-10613","partial_review","65","cap_tiers_missing | performance_inclusion_unknown | monthly_cap_unclear","0","44","16","8","2026-06-11T13:04:13.065Z"
"naver-card-10610-review","naver-card-10610","partial_review","65","cap_tiers_missing | performance_inclusion_unknown | monthly_cap_unclear","0","40","16","8","2026-06-11T13:04:13.065Z"
"naver-card-10639-review","naver-card-10639","partial_review","75","benefit_rules_weak | performance_inclusion_unknown","1","1","1","8","2026-06-11T13:04:13.065Z"
"naver-card-10501-review","naver-card-10501","ready_for_review","100","","1","110","2","11","2026-06-11T13:04:13.065Z"
"naver-card-10299-review","naver-card-10299","ready_for_review","100","","1","12","2","11","2026-06-11T13:04:13.065Z"
"naver-card-10597-review","naver-card-10597","ready_for_review","100","","1","32","0","13","2026-06-11T13:04:13.065Z"
"naver-card-10486-review","naver-card-10486","partial_review","65","cap_tiers_missing | performance_inclusion_unknown | monthly_cap_unclear","0","10","0","3","2026-06-11T13:04:13.065Z"
"naver-card-10516-review","naver-card-10516","ready_for_review","95","performance_inclusion_unknown","1","28","15","11","2026-06-11T13:04:13.065Z"
"naver-card-10395-review","naver-card-10395","partial_review","75","cap_tiers_missing | performance_inclusion_unknown","0","11","6","13","2026-06-11T13:04:13.065Z"
"naver-card-10396-review","naver-card-10396","partial_review","75","cap_tiers_missing | performance_inclusion_unknown","0","35","27","13","2026-06-11T13:04:13.065Z"
"naver-card-10320-review","naver-card-10320","ready_for_review","100","","1","45","9","10","2026-06-11T13:04:13.065Z"
"naver-card-10371-review","naver-card-10371","ready_for_review","100","","1","56","12","10","2026-06-11T13:04:13.065Z"
"naver-card-10493-review","naver-card-10493","ready_for_review","100","","1","78","11","6","2026-06-11T13:04:13.065Z"
"naver-card-10373-review","naver-card-10373","ready_for_review","100","","1","67","28","10","2026-06-11T13:04:13.065Z"
"naver-card-10035-review","naver-card-10035","ready_for_review","100","","1","36","7","8","2026-06-11T13:04:13.065Z"
"naver-card-10530-review","naver-card-10530","partial_review","65","cap_tiers_missing | performance_inclusion_unknown | monthly_cap_unclear","0","35","34","8","2026-06-11T13:04:13.065Z"
"naver-card-710-review","naver-card-710","ready_for_review","100","","1","47","3","9","2026-06-11T13:04:13.065Z"
"naver-card-10414-review","naver-card-10414","ready_for_review","100","","1","113","83","8","2026-06-11T13:04:13.065Z"
"naver-card-2332-review","naver-card-2332","partial_review","70","cap_tiers_missing | monthly_cap_unclear","0","94","0","8","2026-06-11T13:04:13.065Z"
"naver-card-10642-review","naver-card-10642","ready_for_review","95","performance_inclusion_unknown","1","8","3","11","2026-06-11T13:04:13.065Z"
"naver-card-10488-review","naver-card-10488","ready_for_review","100","","1","70","1","11","2026-06-11T13:04:13.065Z"
"naver-card-10289-review","naver-card-10289","manual_required","45","benefit_rules_weak | cap_tiers_missing | performance_inclusion_unknown | monthly_cap_unclear","0","7","7","10","2026-06-11T13:04:13.065Z"
"naver-card-3076-review","naver-card-3076","ready_for_review","100","","1","48","3","9","2026-06-11T13:04:13.065Z"
"naver-card-10412-review","naver-card-10412","ready_for_review","100","","1","118","92","8","2026-06-11T13:04:13.065Z"
"naver-card-10448-review","naver-card-10448","ready_for_review","100","","1","103","76","8","2026-06-11T13:04:13.065Z"
"naver-card-10449-review","naver-card-10449","ready_for_review","100","","1","109","89","8","2026-06-11T13:04:13.065Z"
"naver-card-10058-review","naver-card-10058","ready_for_review","95","performance_inclusion_unknown","1","8","2","13","2026-06-11T13:04:13.065Z"
"naver-card-10544-review","naver-card-10544","partial_review","70","cap_tiers_missing | monthly_cap_unclear","0","35","11","12","2026-06-11T13:04:13.065Z"
"naver-card-10585-review","naver-card-10585","ready_for_review","100","","1","79","0","13","2026-06-11T13:04:13.065Z"
"naver-card-2612-review","naver-card-2612","ready_for_review","100","","1","128","0","9","2026-06-11T13:04:13.065Z"
"naver-card-99-review","naver-card-99","partial_review","70","cap_tiers_missing | monthly_cap_unclear","0","99","3","8","2026-06-11T13:04:13.065Z"
"naver-card-10529-review","naver-card-10529","partial_review","65","cap_tiers_missing | performance_inclusion_unknown | monthly_cap_unclear","0","36","35","8","2026-06-11T13:04:13.065Z"
"naver-card-10545-review","naver-card-10545","ready_for_review","100","","1","34","11","12","2026-06-11T13:04:13.065Z"
"naver-card-2857-review","naver-card-2857","partial_review","70","cap_tiers_missing | monthly_cap_unclear","0","39","16","10","2026-06-11T13:04:13.065Z"
"naver-card-10059-review","naver-card-10059","partial_review","75","cap_tiers_missing | performance_inclusion_unknown","0","50","2","11","2026-06-11T13:04:13.065Z"
"naver-card-10478-review","naver-card-10478","partial_review","70","cap_tiers_missing | monthly_cap_unclear","0","44","0","9","2026-06-11T13:04:13.065Z"
"naver-card-10302-review","naver-card-10302","partial_review","70","cap_tiers_missing | monthly_cap_unclear","0","32","0","12","2026-06-11T13:04:13.065Z"
"naver-card-10301-review","naver-card-10301","partial_review","70","cap_tiers_missing | monthly_cap_unclear","0","36","0","12","2026-06-11T13:04:13.065Z"
"naver-card-10475-review","naver-card-10475","ready_for_review","80","benefit_rules_weak","1","17","3","12","2026-06-11T13:04:13.065Z"
"naver-card-10620-review","naver-card-10620","manual_required","45","benefit_rules_weak | cap_tiers_missing | performance_inclusion_unknown | monthly_cap_unclear","0","3","3","12","2026-06-11T13:04:13.065Z"
"naver-card-10422-review","naver-card-10422","ready_for_review","100","","1","103","64","12","2026-06-11T13:04:13.065Z"
"naver-card-10459-review","naver-card-10459","partial_review","65","cap_tiers_missing | performance_inclusion_unknown | monthly_cap_unclear","0","109","64","8","2026-06-11T13:04:13.065Z"
"naver-card-10460-review","naver-card-10460","partial_review","65","cap_tiers_missing | performance_inclusion_unknown | monthly_cap_unclear","0","113","61","8","2026-06-11T13:04:13.065Z"
"naver-card-10461-review","naver-card-10461","partial_review","65","cap_tiers_missing | performance_inclusion_unknown | monthly_cap_unclear","0","101","61","8","2026-06-11T13:04:13.065Z"
"naver-card-10481-review","naver-card-10481","ready_for_review","100","","1","89","26","12","2026-06-11T13:04:13.065Z"
"naver-card-10510-review","naver-card-10510","partial_review","70","cap_tiers_missing | monthly_cap_unclear","0","22","0","11","2026-06-11T13:04:13.065Z"
"naver-card-835-review","naver-card-835","ready_for_review","100","","1","18","1","9","2026-06-11T13:04:13.065Z"
"naver-card-1470-review","naver-card-1470","partial_review","65","cap_tiers_missing | performance_inclusion_unknown | monthly_cap_unclear","0","44","0","8","2026-06-11T13:04:13.065Z"
"naver-card-10386-review","naver-card-10386","ready_for_review","100","","1","92","0","12","2026-06-11T13:04:13.065Z"
"naver-card-10489-review","naver-card-10489","ready_for_review","95","performance_inclusion_unknown","1","14","1","10","2026-06-11T13:04:13.065Z"
"naver-card-10563-review","naver-card-10563","partial_review","65","cap_tiers_missing | performance_inclusion_unknown | monthly_cap_unclear","0","56","4","8","2026-06-11T13:04:13.065Z"
"naver-card-10543-review","naver-card-10543","ready_for_review","95","performance_inclusion_unknown","1","31","7","7","2026-06-11T13:04:13.065Z"
"naver-card-10541-review","naver-card-10541","ready_for_review","100","","1","25","3","7","2026-06-11T13:04:13.065Z"
"naver-card-10542-review","naver-card-10542","ready_for_review","100","","1","24","3","7","2026-06-11T13:04:13.065Z"
"naver-card-10574-review","naver-card-10574","ready_for_review","100","","1","26","2","12","2026-06-11T13:04:13.065Z"
"naver-card-10423-review","naver-card-10423","ready_for_review","100","","1","104","39","12","2026-06-11T13:04:13.065Z"
"naver-card-10627-review","naver-card-10627","partial_review","65","cap_tiers_missing | performance_inclusion_unknown | monthly_cap_unclear","0","17","0","6","2026-06-11T13:04:13.065Z"
"naver-card-10570-review","naver-card-10570","ready_for_review","100","","1","61","0","12","2026-06-11T13:04:13.065Z"
"naver-card-10569-review","naver-card-10569","ready_for_review","100","","1","325","9","12","2026-06-11T13:04:13.065Z"
"naver-card-10619-review","naver-card-10619","ready_for_review","100","","1","126","0","12","2026-06-11T13:04:13.065Z"
"naver-card-10628-review","naver-card-10628","partial_review","70","cap_tiers_missing | monthly_cap_unclear","0","4","2","7","2026-06-11T13:04:13.065Z"
"naver-card-2533-review","naver-card-2533","ready_for_review","100","","1","107","0","9","2026-06-11T13:04:13.065Z"
"naver-card-10053-review","naver-card-10053","partial_review","70","cap_tiers_missing | monthly_cap_unclear","0","84","40","7","2026-06-11T13:04:13.065Z"
"naver-card-1591-review","naver-card-1591","ready_for_review","100","","1","134","0","5","2026-06-11T13:04:13.065Z"
"naver-card-10609-review","naver-card-10609","ready_for_review","100","","1","114","0","11","2026-06-11T13:04:13.065Z"
"naver-card-10469-review","naver-card-10469","ready_for_review","80","cap_tiers_missing","0","36","15","8","2026-06-11T13:04:13.065Z"
"naver-card-10416-review","naver-card-10416","ready_for_review","100","","1","62","5","10","2026-06-11T13:04:13.065Z"
"naver-card-1570-review","naver-card-1570","ready_for_review","100","","1","59","1","7","2026-06-11T13:04:13.065Z"
"naver-card-3756-review","naver-card-3756","ready_for_review","95","performance_inclusion_unknown","1","37","18","11","2026-06-11T13:04:13.065Z"
"naver-card-10467-review","naver-card-10467","partial_review","70","cap_tiers_missing | monthly_cap_unclear","0","21","10","7","2026-06-11T13:04:13.065Z"
"naver-card-10080-review","naver-card-10080","ready_for_review","100","","1","20","0","11","2026-06-11T13:04:13.065Z"
"naver-card-10151-review","naver-card-10151","ready_for_review","100","","1","28","16","9","2026-06-11T13:04:13.065Z"
"naver-card-10207-review","naver-card-10207","partial_review","75","benefit_rules_weak | performance_inclusion_unknown","1","8","8","6","2026-06-11T13:04:13.065Z"
"naver-card-10260-review","naver-card-10260","partial_review","70","cap_tiers_missing | monthly_cap_unclear","0","54","0","10","2026-06-11T13:04:13.065Z"
"naver-card-10507-review","naver-card-10507","ready_for_review","100","","1","13","0","9","2026-06-11T13:04:13.065Z"
"naver-card-10500-review","naver-card-10500","ready_for_review","100","","1","15","0","6","2026-06-11T13:04:13.065Z"
"naver-card-10513-review","naver-card-10513","ready_for_review","100","","1","26","5","9","2026-06-11T13:04:13.065Z"
"naver-card-10617-review","naver-card-10617","ready_for_review","100","","1","39","7","3","2026-06-11T13:04:13.065Z"
"naver-card-10410-review","naver-card-10410","partial_review","65","cap_tiers_missing | performance_inclusion_unknown | monthly_cap_unclear","0","23","3","10","2026-06-11T13:04:13.065Z"
"naver-card-10506-review","naver-card-10506","partial_review","75","benefit_rules_weak | performance_inclusion_unknown","1","10","0","4","2026-06-11T13:04:13.065Z"
"naver-card-10535-review","naver-card-10535","ready_for_review","95","performance_inclusion_unknown","1","10","0","10","2026-06-11T13:04:13.065Z"
"naver-card-10378-review","naver-card-10378","partial_review","70","cap_tiers_missing | monthly_cap_unclear","0","42","10","10","2026-06-11T13:04:13.065Z"
"naver-card-10128-review","naver-card-10128","ready_for_review","100","","1","31","14","8","2026-06-11T13:04:13.065Z"
"naver-card-10491-review","naver-card-10491","ready_for_review","100","","1","37","2","10","2026-06-11T13:04:13.065Z"
"naver-card-10565-review","naver-card-10565","partial_review","70","cap_tiers_missing | monthly_cap_unclear","0","46","10","7","2026-06-11T13:04:13.065Z"
"naver-card-10581-review","naver-card-10581","partial_review","65","cap_tiers_missing | performance_inclusion_unknown | monthly_cap_unclear","0","37","27","3","2026-06-11T13:04:13.065Z"
"naver-card-10564-review","naver-card-10564","partial_review","65","cap_tiers_missing | performance_inclusion_unknown | monthly_cap_unclear","0","40","30","7","2026-06-11T13:04:13.065Z"
"naver-card-10582-review","naver-card-10582","partial_review","65","cap_tiers_missing | performance_inclusion_unknown | monthly_cap_unclear","0","37","27","3","2026-06-11T13:04:13.065Z"
"naver-card-10576-review","naver-card-10576","ready_for_review","95","performance_inclusion_unknown","1","31","18","6","2026-06-11T13:04:13.065Z"
"naver-card-10578-review","naver-card-10578","partial_review","65","cap_tiers_missing | performance_inclusion_unknown | monthly_cap_unclear","0","20","0","4","2026-06-11T13:04:13.065Z"
"naver-card-10405-review","naver-card-10405","partial_review","65","cap_tiers_missing | performance_inclusion_unknown | monthly_cap_unclear","0","35","18","8","2026-06-11T13:04:13.065Z"
"naver-card-10369-review","naver-card-10369","ready_for_review","100","","1","26","1","7","2026-06-11T13:04:13.065Z"
"naver-card-10404-review","naver-card-10404","partial_review","65","cap_tiers_missing | performance_inclusion_unknown | monthly_cap_unclear","0","50","30","8","2026-06-11T13:04:13.065Z"
"naver-card-10583-review","naver-card-10583","partial_review","65","cap_tiers_missing | performance_inclusion_unknown | monthly_cap_unclear","0","29","0","9","2026-06-11T13:04:13.065Z"
"naver-card-10385-review","naver-card-10385","partial_review","70","cap_tiers_missing | monthly_cap_unclear","0","42","0","8","2026-06-11T13:04:13.065Z"
"naver-card-1400-review","naver-card-1400","ready_for_review","95","performance_inclusion_unknown","1","32","9","5","2026-06-11T13:04:13.065Z"
"naver-card-10465-review","naver-card-10465","ready_for_review","80","cap_tiers_missing","0","60","0","7","2026-06-11T13:04:13.065Z"
"naver-card-10219-review","naver-card-10219","ready_for_review","100","","1","36","12","9","2026-06-11T13:04:13.065Z"
"naver-card-10076-review","naver-card-10076","manual_required","50","benefit_rules_weak | cap_tiers_missing | monthly_cap_unclear","0","15","11","11","2026-06-11T13:04:13.065Z"
"naver-card-10455-review","naver-card-10455","partial_review","65","cap_tiers_missing | performance_inclusion_unknown | monthly_cap_unclear","0","22","0","10","2026-06-11T13:04:13.065Z"
"naver-card-10384-review","naver-card-10384","partial_review","70","cap_tiers_missing | monthly_cap_unclear","0","42","0","9","2026-06-11T13:04:13.065Z"
"naver-card-10383-review","naver-card-10383","partial_review","70","cap_tiers_missing | monthly_cap_unclear","0","42","0","9","2026-06-11T13:04:13.065Z"
"naver-card-10622-review","naver-card-10622","partial_review","70","cap_tiers_missing | monthly_cap_unclear","0","28","15","8","2026-06-11T13:04:13.065Z"
"naver-card-10394-review","naver-card-10394","partial_review","65","cap_tiers_missing | performance_inclusion_unknown | monthly_cap_unclear","0","27","23","8","2026-06-11T13:04:13.065Z"
"naver-card-1614-review","naver-card-1614","ready_for_review","100","","1","21","10","8","2026-06-11T13:04:13.065Z"
"naver-card-10400-review","naver-card-10400","partial_review","65","cap_tiers_missing | performance_inclusion_unknown | monthly_cap_unclear","0","45","39","8","2026-06-11T13:04:13.065Z"
"naver-card-10573-review","naver-card-10573","ready_for_review","100","","1","11","0","9","2026-06-11T13:04:13.065Z"
"naver-card-10441-review","naver-card-10441","ready_for_review","95","performance_inclusion_unknown","1","8","6","9","2026-06-11T13:04:13.065Z"
"naver-card-10350-review","naver-card-10350","ready_for_review","100","","1","17","0","10","2026-06-11T13:04:13.065Z"
"naver-card-10528-review","naver-card-10528","ready_for_review","100","","1","44","0","9","2026-06-11T13:04:13.065Z"
"naver-card-10401-review","naver-card-10401","partial_review","65","cap_tiers_missing | performance_inclusion_unknown | monthly_cap_unclear","0","37","32","8","2026-06-11T13:04:13.065Z"
"naver-card-10621-review","naver-card-10621","partial_review","70","cap_tiers_missing | monthly_cap_unclear","0","28","13","2","2026-06-11T13:04:13.065Z"
"naver-card-10399-review","naver-card-10399","partial_review","65","cap_tiers_missing | performance_inclusion_unknown | monthly_cap_unclear","0","33","29","8","2026-06-11T13:04:13.065Z"
"naver-card-2487-review","naver-card-2487","ready_for_review","95","performance_inclusion_unknown","1","23","0","9","2026-06-11T13:04:13.065Z"
"naver-card-10562-review","naver-card-10562","ready_for_review","100","","1","38","13","8","2026-06-11T13:04:13.065Z"
"naver-card-10189-review","naver-card-10189","ready_for_review","100","","1","21","7","11","2026-06-11T13:04:13.065Z"
"naver-card-10420-review","naver-card-10420","partial_review","70","cap_tiers_missing | monthly_cap_unclear","0","13","2","12","2026-06-11T13:04:13.065Z"
"naver-card-10362-review","naver-card-10362","ready_for_review","100","","1","69","44","8","2026-06-11T13:04:13.065Z"
"naver-card-10608-review","naver-card-10608","ready_for_review","100","","1","32","0","11","2026-06-11T13:04:13.065Z"
"naver-card-1243-review","naver-card-1243","ready_for_review","100","","1","25","7","8","2026-06-11T13:04:13.065Z"
"naver-card-10361-review","naver-card-10361","ready_for_review","100","","1","83","58","8","2026-06-11T13:04:13.065Z"
"naver-card-10363-review","naver-card-10363","ready_for_review","100","","1","60","35","8","2026-06-11T13:04:13.065Z"
"naver-card-10518-review","naver-card-10518","partial_review","70","cap_tiers_missing | monthly_cap_unclear","0","29","3","7","2026-06-11T13:04:13.065Z"
"naver-card-10225-review","naver-card-10225","partial_review","70","cap_tiers_missing | monthly_cap_unclear","0","29","5","12","2026-06-11T13:04:13.065Z"
"naver-card-10618-review","naver-card-10618","partial_review","65","cap_tiers_missing | performance_inclusion_unknown | monthly_cap_unclear","0","21","7","8","2026-06-11T13:04:13.065Z"
"naver-card-10186-review","naver-card-10186","ready_for_review","100","","1","19","0","8","2026-06-11T13:04:13.065Z"
"naver-card-10297-review","naver-card-10297","ready_for_review","100","","1","26","5","9","2026-06-11T13:04:13.065Z"
"naver-card-10262-review","naver-card-10262","partial_review","70","cap_tiers_missing | monthly_cap_unclear","0","17","0","8","2026-06-11T13:04:13.065Z"
"naver-card-2349-review","naver-card-2349","ready_for_review","100","","1","27","20","12","2026-06-11T13:04:13.065Z"
"naver-card-10223-review","naver-card-10223","partial_review","70","cap_tiers_missing | monthly_cap_unclear","0","20","4","11","2026-06-11T13:04:13.065Z"
"naver-card-10226-review","naver-card-10226","partial_review","70","cap_tiers_missing | monthly_cap_unclear","0","41","5","11","2026-06-11T13:04:13.065Z"
"naver-card-652-review","naver-card-652","ready_for_review","100","","1","39","8","9","2026-06-11T13:04:13.065Z"
"naver-card-10160-review","naver-card-10160","ready_for_review","95","performance_inclusion_unknown","3","9","6","9","2026-06-11T13:04:13.065Z"
"naver-card-3996-review","naver-card-3996","ready_for_review","95","performance_inclusion_unknown","1","33","3","7","2026-06-11T13:04:13.065Z"
"naver-card-10436-review","naver-card-10436","partial_review","65","cap_tiers_missing | performance_inclusion_unknown | monthly_cap_unclear","0","3","1","0","2026-06-11T13:04:13.065Z"
"naver-card-10625-review","naver-card-10625","ready_for_review","100","","1","10","0","12","2026-06-11T13:04:13.065Z"
"naver-card-10607-review","naver-card-10607","ready_for_review","95","performance_inclusion_unknown","1","6","0","7","2026-06-11T13:04:13.065Z"
"naver-card-10636-review","naver-card-10636","ready_for_review","100","","1","27","3","6","2026-06-11T13:04:13.065Z"
"naver-card-10438-review","naver-card-10438","partial_review","65","cap_tiers_missing | performance_inclusion_unknown | monthly_cap_unclear","0","3","1","0","2026-06-11T13:04:13.065Z"
"naver-card-10437-review","naver-card-10437","partial_review","65","cap_tiers_missing | performance_inclusion_unknown | monthly_cap_unclear","0","8","2","3","2026-06-11T13:04:13.065Z"
"naver-card-10637-review","naver-card-10637","ready_for_review","95","performance_inclusion_unknown","1","29","0","11","2026-06-11T13:04:13.065Z"
"naver-card-10638-review","naver-card-10638","manual_required","50","benefit_rules_weak | cap_tiers_missing | monthly_cap_unclear","0","6","0","8","2026-06-11T13:04:13.065Z"
"naver-card-10640-review","naver-card-10640","ready_for_review","80","cap_tiers_missing","0","27","3","7","2026-06-11T13:04:13.065Z"
"naver-card-3777-review","naver-card-3777","ready_for_review","100","","1","32","13","8","2026-06-11T13:04:13.065Z"
"naver-card-3776-review","naver-card-3776","ready_for_review","100","","1","42","17","8","2026-06-11T13:04:13.065Z"
"naver-card-10442-review","naver-card-10442","ready_for_review","100","","1","20","2","9","2026-06-11T13:04:13.065Z"
"naver-card-3055-review","naver-card-3055","partial_review","70","cap_tiers_missing | monthly_cap_unclear","0","20","7","3","2026-06-11T13:04:13.065Z"
"naver-card-3257-review","naver-card-3257","manual_required","50","benefit_rules_weak | cap_tiers_missing | monthly_cap_unclear","0","31","28","9","2026-06-11T13:04:13.065Z"
"naver-card-2206-review","naver-card-2206","ready_for_review","100","","4","121","7","8","2026-06-11T13:04:13.065Z"
"naver-card-10464-review","naver-card-10464","ready_for_review","100","","1","70","23","11","2026-06-11T13:04:13.065Z"
"naver-card-10456-review","naver-card-10456","partial_review","65","cap_tiers_missing | performance_inclusion_unknown | monthly_cap_unclear","0","7","4","9","2026-06-11T13:04:13.065Z"
"naver-card-10308-review","naver-card-10308","ready_for_review","95","performance_inclusion_unknown","1","54","50","13","2026-06-11T13:04:13.065Z"
"naver-card-10421-review","naver-card-10421","ready_for_review","100","","1","66","0","10","2026-06-11T13:04:13.065Z"
"naver-card-10429-review","naver-card-10429","ready_for_review","100","","1","100","25","8","2026-06-11T13:04:13.065Z"
"naver-card-10294-review","naver-card-10294","ready_for_review","100","","1","141","50","8","2026-06-11T13:04:13.065Z"
"naver-card-10517-review","naver-card-10517","ready_for_review","100","","1","52","4","6","2026-06-11T13:04:13.065Z"
"naver-card-10372-review","naver-card-10372","ready_for_review","100","","1","60","24","10","2026-06-11T13:04:13.065Z"
"naver-card-10264-review","naver-card-10264","ready_for_review","95","performance_inclusion_unknown","1","48","11","9","2026-06-11T13:04:13.065Z"
"naver-card-10624-review","naver-card-10624","ready_for_review","100","","1","9","0","11","2026-06-11T13:04:13.065Z"
"naver-card-10496-review","naver-card-10496","ready_for_review","80","cap_tiers_missing","0","44","20","12","2026-06-11T13:04:13.065Z"
"naver-card-2886-review","naver-card-2886","partial_review","70","cap_tiers_missing | monthly_cap_unclear","0","134","6","11","2026-06-11T13:04:13.065Z"
"naver-card-10287-review","naver-card-10287","partial_review","70","cap_tiers_missing | monthly_cap_unclear","0","34","8","9","2026-06-11T13:04:13.065Z"
"naver-card-10556-review","naver-card-10556","ready_for_review","95","performance_inclusion_unknown","1","8","6","10","2026-06-11T13:04:13.065Z"
"naver-card-2757-review","naver-card-2757","partial_review","75","benefit_rules_weak | performance_inclusion_unknown","1","6","6","9","2026-06-11T13:04:13.065Z"
"naver-card-3958-review","naver-card-3958","partial_review","70","cap_tiers_missing | monthly_cap_unclear","0","28","4","10","2026-06-11T13:04:13.065Z"
"naver-card-10325-review","naver-card-10325","partial_review","65","cap_tiers_missing | performance_inclusion_unknown | monthly_cap_unclear","0","47","10","9","2026-06-11T13:04:13.065Z"
"naver-card-10549-review","naver-card-10549","partial_review","65","cap_tiers_missing | performance_inclusion_unknown | monthly_cap_unclear","0","35","14","9","2026-06-11T13:04:13.065Z"
"naver-card-10306-review","naver-card-10306","partial_review","70","cap_tiers_missing | monthly_cap_unclear","0","310","14","13","2026-06-11T13:04:13.065Z"
"naver-card-10527-review","naver-card-10527","ready_for_review","100","","1","172","0","11","2026-06-11T13:04:13.065Z"
"naver-card-1773-review","naver-card-1773","partial_review","70","cap_tiers_missing | monthly_cap_unclear","0","54","3","4","2026-06-11T13:04:13.065Z"
"naver-card-10634-review","naver-card-10634","ready_for_review","100","","1","86","74","10","2026-06-11T13:04:13.065Z"
"naver-card-10277-review","naver-card-10277","ready_for_review","100","","1","90","1","13","2026-06-11T13:04:13.065Z"
"naver-card-4096-review","naver-card-4096","ready_for_review","95","performance_inclusion_unknown","1","59","2","11","2026-06-11T13:04:13.065Z"
"naver-card-10567-review","naver-card-10567","ready_for_review","100","","1","93","15","8","2026-06-11T13:04:13.065Z"
"naver-card-10555-review","naver-card-10555","ready_for_review","100","","1","62","23","11","2026-06-11T13:04:13.065Z"
"naver-card-10505-review","naver-card-10505","ready_for_review","95","performance_inclusion_unknown","1","17","0","10","2026-06-11T13:04:13.065Z"
"naver-card-10577-review","naver-card-10577","ready_for_review","80","cap_tiers_missing","0","143","11","11","2026-06-11T13:04:13.065Z"
"naver-card-10241-review","naver-card-10241","ready_for_review","100","","1","24","0","10","2026-06-11T13:04:13.065Z"
"naver-card-10477-review","naver-card-10477","ready_for_review","100","","1","48","7","8","2026-06-11T13:04:13.065Z"
"naver-card-10211-review","naver-card-10211","ready_for_review","100","","1","10","0","1","2026-06-11T13:04:13.065Z"
"naver-card-10458-review","naver-card-10458","partial_review","65","cap_tiers_missing | performance_inclusion_unknown | monthly_cap_unclear","0","75","7","9","2026-06-11T13:04:13.065Z"
"naver-card-3258-review","naver-card-3258","partial_review","70","cap_tiers_missing | monthly_cap_unclear","0","47","41","9","2026-06-11T13:04:13.065Z"
"naver-card-10559-review","naver-card-10559","ready_for_review","80","cap_tiers_missing","0","64","14","11","2026-06-11T13:04:13.065Z"
"naver-card-10546-review","naver-card-10546","partial_review","65","cap_tiers_missing | performance_inclusion_unknown | monthly_cap_unclear","0","35","14","9","2026-06-11T13:04:13.065Z"
"naver-card-10445-review","naver-card-10445","ready_for_review","100","","1","25","0","5","2026-06-11T13:04:13.065Z"
"naver-card-10630-review","naver-card-10630","partial_review","70","cap_tiers_missing | monthly_cap_unclear","0","4","0","7","2026-06-11T13:04:13.065Z"
"naver-card-10419-review","naver-card-10419","ready_for_review","100","","1","17","0","12","2026-06-11T13:04:13.065Z"
"naver-card-10571-review","naver-card-10571","ready_for_review","100","","1","68","7","12","2026-06-11T13:04:13.065Z"
"naver-card-10632-review","naver-card-10632","manual_required","50","benefit_rules_weak | cap_tiers_missing | monthly_cap_unclear","0","4","3","11","2026-06-11T13:04:13.065Z"
"naver-card-10495-review","naver-card-10495","ready_for_review","100","","1","17","0","12","2026-06-11T13:04:13.065Z"
"naver-card-10629-review","naver-card-10629","partial_review","70","cap_tiers_missing | monthly_cap_unclear","0","2","0","5","2026-06-11T13:04:13.065Z"
"naver-card-2414-review","naver-card-2414","ready_for_review","100","","3","38","0","9","2026-06-11T13:04:13.065Z"
"naver-card-10539-review","naver-card-10539","ready_for_review","95","performance_inclusion_unknown","1","8","6","9","2026-06-11T13:04:13.065Z"
"naver-card-10631-review","naver-card-10631","partial_review","65","cap_tiers_missing | performance_inclusion_unknown | monthly_cap_unclear","0","3","0","11","2026-06-11T13:04:13.065Z"
